###################### Train App Config ####################
paths:
  medical_data_root: /anvil/projects/x-cis250950/dataset/datasetavail
  experiment_log_dir: /anvil/projects/x-cis250950/sam3/experiments/medsam3_stage1_train_all_unified
  bpe_path: /anvil/projects/x-cis250950/sam3/assets/bpe_simple_vocab_16e6.txt.gz
medical_train:
  train_transforms:
  - _target_: sam3.train.transforms.basic_for_api.ComposeAPI
    transforms:
    - _target_: sam3.train.transforms.filter_query_transforms.FlexibleFilterFindGetQueries
      query_filter:
        _target_: sam3.train.transforms.filter_query_transforms.FilterCrowds
    - _target_: sam3.train.transforms.point_sampling.RandomizeInputBbox
      box_noise_std: 0.1
      box_noise_max: 20
    - _target_: sam3.train.transforms.filter_query_transforms.TextQueryToVisual
      probability: 0.5
      keep_text_queries: true
    - _target_: sam3.train.transforms.segmentation.DecodeRle
    - _target_: sam3.train.transforms.basic_for_api.RandomResizeAPI
      sizes:
        _target_: sam3.train.transforms.basic.get_random_resize_scales
        size: ${scratch.resolution}
        min_size: 480
        rounded: false
      max_size:
        _target_: sam3.train.transforms.basic.get_random_resize_max_size
        size: ${scratch.resolution}
      square: true
      consistent_transform: ${scratch.consistent_transform}
    - _target_: sam3.train.transforms.basic_for_api.PadToSizeAPI
      size: ${scratch.resolution}
      consistent_transform: ${scratch.consistent_transform}
    - _target_: sam3.train.transforms.basic_for_api.ToTensorAPI
    - _target_: sam3.train.transforms.filter_query_transforms.FlexibleFilterFindGetQueries
      query_filter:
        _target_: sam3.train.transforms.filter_query_transforms.FilterEmptyTargets
    - _target_: sam3.train.transforms.basic_for_api.NormalizeAPI
      mean: ${scratch.train_norm_mean}
      std: ${scratch.train_norm_std}
    - _target_: sam3.train.transforms.filter_query_transforms.FlexibleFilterFindGetQueries
      query_filter:
        _target_: sam3.train.transforms.filter_query_transforms.FilterEmptyTargets
  val_transforms:
  - _target_: sam3.train.transforms.basic_for_api.ComposeAPI
    transforms:
    - _target_: sam3.train.transforms.segmentation.DecodeRle
    - _target_: sam3.train.transforms.filter_query_transforms.RemoveInputBoxes
    - _target_: sam3.train.transforms.basic_for_api.RandomResizeAPI
      sizes: ${scratch.resolution}
      max_size:
        _target_: sam3.train.transforms.basic.get_random_resize_max_size
        size: ${scratch.resolution}
      square: true
      consistent_transform: true
    - _target_: sam3.train.transforms.basic_for_api.PadToSizeAPI
      size: ${scratch.resolution}
      consistent_transform: true
    - _target_: sam3.train.transforms.basic_for_api.ToTensorAPI
    - _target_: sam3.train.transforms.filter_query_transforms.FlexibleFilterFindGetQueries
      query_filter:
        _target_: sam3.train.transforms.filter_query_transforms.FilterEmptyTargets
    - _target_: sam3.train.transforms.basic_for_api.NormalizeAPI
      mean: ${scratch.val_norm_mean}
      std: ${scratch.val_norm_std}
  loss:
    _target_: sam3.train.loss.sam3_loss.Sam3LossWrapper
    normalization: local
    matcher: ${scratch.matcher}
    o2m_weight: 2.0
    o2m_matcher:
      _target_: sam3.train.matcher.BinaryOneToManyMatcher
      alpha: 0.3
      threshold: 0.4
      topk: 4
    use_o2m_matcher_on_o2m_aux: false
    loss_fns_find:
    - _target_: sam3.train.loss.loss_fns.Boxes
      weight_dict:
        loss_bbox: 5.0
        loss_giou: 2.0
    - _target_: sam3.train.loss.loss_fns.IABCEMdetr
      weak_loss: false
      weight_dict:
        loss_ce: 20.0
        presence_loss: 20.0
      pos_weight: 10.0
      alpha: 0.25
      gamma: 2
      use_presence: true
      pos_focal: false
      pad_n_queries: 200
    loss_fn_semantic_seg:
      _target_: sam3.train.loss.loss_fns.SemanticSegCriterion
      presence_head: true
      presence_loss: true
      focal: true
      focal_alpha: 0.6
      focal_gamma: 2.0
      downsample: false
      weight_dict:
        loss_semantic_seg: 20.0
        loss_semantic_presence: 1.0
        loss_semantic_dice: 30.0
    scale_by_find_batch_size: true
    normalize_by_stage_num: true
scratch:
  enable_segmentation: true
  d_model: 256
  pos_embed:
    _target_: sam3.model.position_encoding.PositionEmbeddingSine
    num_pos_feats: ${scratch.d_model}
    normalize: true
    scale: null
    temperature: 10000
  matcher:
    _target_: sam3.train.matcher.BinaryHungarianMatcherV2
    focal: true
    cost_class: 2.0
    cost_bbox: 5.0
    cost_giou: 2.0
    alpha: 0.25
    gamma: 2
    stable: false
  scale_by_find_batch_size: true
  resolution: 1008
  consistent_transform: false
  max_ann_per_img: 200
  train_norm_mean:
  - 0.5
  - 0.5
  - 0.5
  train_norm_std:
  - 0.5
  - 0.5
  - 0.5
  val_norm_mean:
  - 0.5
  - 0.5
  - 0.5
  val_norm_std:
  - 0.5
  - 0.5
  - 0.5
  lr_decoder: 0.0003
  lr_class_embed: 0.0003
  lr_prompt_encoder: 0.0001
  lr_language_backbone: 5.0e-05
  lr_vision_backbone: 5.0e-05
  lrd_vision_backbone: 0.85
  wd: 0.05
  max_data_epochs: 10
  target_epoch_size: 100
  num_train_workers: 1
  num_val_workers: 1
  gradient_accumulation_steps: 1
  train_batch_size: 1
  val_batch_size: 1
  use_act_checkpoint_vision_backbone: true
  use_act_checkpoint_text_backbone: true
  use_act_checkpoint_encoder: true
  use_act_checkpoint_decoder: true
  collate_fn:
    _target_: sam3.train.data.collator.collate_fn_api
    _partial_: true
    repeats: 1
    dict_key: medical
    with_seg_masks: ${scratch.enable_segmentation}
  collate_fn_val:
    _target_: sam3.train.data.collator.collate_fn_api
    _partial_: true
    repeats: 1
    dict_key: medical_val
    with_seg_masks: ${scratch.enable_segmentation}
  use_presence_eval: true
  original_box_postprocessor:
    _target_: sam3.eval.postprocessors.PostProcessImage
    max_dets_per_img: -1
    use_original_ids: true
    use_original_sizes_box: true
    use_presence: ${scratch.use_presence_eval}
    iou_type: bbox
  seg_postprocessor:
    _target_: sam3.eval.postprocessors.PostProcessImage
    iou_type: segm
    convert_mask_to_rle: true
    max_dets_per_img: -1
    use_original_ids: true
    use_original_sizes_box: true
    use_original_sizes_mask: true
    use_presence: ${scratch.use_presence_eval}
trainer:
  _target_: sam3.train.trainer.Trainer
  skip_saving_ckpts: false
  empty_gpu_mem_cache_after_eval: true
  skip_first_val: false
  max_epochs: ${scratch.max_data_epochs}
  accelerator: cuda
  seed_value: 42
  val_epoch_freq: 1
  mode: train
  gradient_accumulation_steps: ${scratch.gradient_accumulation_steps}
  distributed:
    backend: nccl
    find_unused_parameters: true
    gradient_as_bucket_view: true
    static_graph: true
  loss:
    medical: ${medical_train.loss}
    medical_val: ${medical_train.loss}
  data:
    train:
      _target_: sam3.train.data.torch_dataset.TorchDataset
      dataset:
        _target_: torch.utils.data.ConcatDataset
        datasets:
        - _target_: sam3.train.data.sam3_video_dataset.VideoGroundingDataset
          transforms: ${medical_train.train_transforms}
          load_segmentation: ${scratch.enable_segmentation}
          max_ann_per_img: 500000
          multiplier: 1
          training: true
          use_all_frames_in_train: false
          allow_ptr_remap: true
          num_stages_sample: 8
          stage_stride_min: 1
          stage_stride_max: 1
          random_reverse_time_axis: false
          use_caching: false
          img_folder: /anvil/projects/x-cis250950/converted_cvpr_biomedsegfm
          ann_file: /anvil/projects/x-cis250950/converted_cvpr_biomedsegfm/annotations/unified_sam3_annotations/cvpr_train_all/train_all_CT_CT_AMOS_sam3_video.json
          coco_json_loader:
            _target_: sam3.train.data.coco_json_loaders.SAM3_VIDEO_API_FROM_JSON
            _partial_: true
        - _target_: sam3.train.data.sam3_video_dataset.VideoGroundingDataset
          transforms: ${medical_train.train_transforms}
          load_segmentation: ${scratch.enable_segmentation}
          max_ann_per_img: 500000
          multiplier: 1
          training: true
          use_all_frames_in_train: false
          allow_ptr_remap: true
          num_stages_sample: 8
          stage_stride_min: 1
          stage_stride_max: 1
          random_reverse_time_axis: false
          use_caching: false
          img_folder: /anvil/projects/x-cis250950/converted_cvpr_biomedsegfm
          ann_file: /anvil/projects/x-cis250950/converted_cvpr_biomedsegfm/annotations/unified_sam3_annotations/cvpr_train_all/train_all_CT_CT_Abdomen1K_sam3_video.json
          coco_json_loader:
            _target_: sam3.train.data.coco_json_loaders.SAM3_VIDEO_API_FROM_JSON
            _partial_: true
        - _target_: sam3.train.data.sam3_video_dataset.VideoGroundingDataset
          transforms: ${medical_train.train_transforms}
          load_segmentation: ${scratch.enable_segmentation}
          max_ann_per_img: 500000
          multiplier: 1
          training: true
          use_all_frames_in_train: false
          allow_ptr_remap: true
          num_stages_sample: 8
          stage_stride_min: 1
          stage_stride_max: 1
          random_reverse_time_axis: false
          use_caching: false
          img_folder: /anvil/projects/x-cis250950/converted_cvpr_biomedsegfm
          ann_file: /anvil/projects/x-cis250950/converted_cvpr_biomedsegfm/annotations/unified_sam3_annotations/cvpr_train_all/train_all_CT_CT_AdrenalTumor_sam3_video.json
          coco_json_loader:
            _target_: sam3.train.data.coco_json_loaders.SAM3_VIDEO_API_FROM_JSON
            _partial_: true
        - _target_: sam3.train.data.sam3_video_dataset.VideoGroundingDataset
          transforms: ${medical_train.train_transforms}
          load_segmentation: ${scratch.enable_segmentation}
          max_ann_per_img: 500000
          multiplier: 1
          training: true
          use_all_frames_in_train: false
          allow_ptr_remap: true
          num_stages_sample: 8
          stage_stride_min: 1
          stage_stride_max: 1
          random_reverse_time_axis: false
          use_caching: false
          img_folder: /anvil/projects/x-cis250950/converted_cvpr_biomedsegfm
          ann_file: /anvil/projects/x-cis250950/converted_cvpr_biomedsegfm/annotations/unified_sam3_annotations/cvpr_train_all/train_all_CT_CT_Aeropath_sam3_video.json
          coco_json_loader:
            _target_: sam3.train.data.coco_json_loaders.SAM3_VIDEO_API_FROM_JSON
            _partial_: true
        - _target_: sam3.train.data.sam3_video_dataset.VideoGroundingDataset
          transforms: ${medical_train.train_transforms}
          load_segmentation: ${scratch.enable_segmentation}
          max_ann_per_img: 500000
          multiplier: 1
          training: true
          use_all_frames_in_train: false
          allow_ptr_remap: true
          num_stages_sample: 8
          stage_stride_min: 1
          stage_stride_max: 1
          random_reverse_time_axis: false
          use_caching: false
          img_folder: /anvil/projects/x-cis250950/converted_cvpr_biomedsegfm
          ann_file: /anvil/projects/x-cis250950/converted_cvpr_biomedsegfm/annotations/unified_sam3_annotations/cvpr_train_all/train_all_CT_CT_AirwayTree_sam3_video.json
          coco_json_loader:
            _target_: sam3.train.data.coco_json_loaders.SAM3_VIDEO_API_FROM_JSON
            _partial_: true
        - _target_: sam3.train.data.sam3_video_dataset.VideoGroundingDataset
          transforms: ${medical_train.train_transforms}
          load_segmentation: ${scratch.enable_segmentation}
          max_ann_per_img: 500000
          multiplier: 1
          training: true
          use_all_frames_in_train: false
          allow_ptr_remap: true
          num_stages_sample: 8
          stage_stride_min: 1
          stage_stride_max: 1
          random_reverse_time_axis: false
          use_caching: false
          img_folder: /anvil/projects/x-cis250950/converted_cvpr_biomedsegfm
          ann_file: /anvil/projects/x-cis250950/converted_cvpr_biomedsegfm/annotations/unified_sam3_annotations/cvpr_train_all/train_all_CT_CT_Aorta_sam3_video.json
          coco_json_loader:
            _target_: sam3.train.data.coco_json_loaders.SAM3_VIDEO_API_FROM_JSON
            _partial_: true
        - _target_: sam3.train.data.sam3_video_dataset.VideoGroundingDataset
          transforms: ${medical_train.train_transforms}
          load_segmentation: ${scratch.enable_segmentation}
          max_ann_per_img: 500000
          multiplier: 1
          training: true
          use_all_frames_in_train: false
          allow_ptr_remap: true
          num_stages_sample: 8
          stage_stride_min: 1
          stage_stride_max: 1
          random_reverse_time_axis: false
          use_caching: false
          img_folder: /anvil/projects/x-cis250950/converted_cvpr_biomedsegfm
          ann_file: /anvil/projects/x-cis250950/converted_cvpr_biomedsegfm/annotations/unified_sam3_annotations/cvpr_train_all/train_all_CT_CT_Aortic-Dissection_sam3_video.json
          coco_json_loader:
            _target_: sam3.train.data.coco_json_loaders.SAM3_VIDEO_API_FROM_JSON
            _partial_: true
        - _target_: sam3.train.data.sam3_video_dataset.VideoGroundingDataset
          transforms: ${medical_train.train_transforms}
          load_segmentation: ${scratch.enable_segmentation}
          max_ann_per_img: 500000
          multiplier: 1
          training: true
          use_all_frames_in_train: false
          allow_ptr_remap: true
          num_stages_sample: 8
          stage_stride_min: 1
          stage_stride_max: 1
          random_reverse_time_axis: false
          use_caching: false
          img_folder: /anvil/projects/x-cis250950/converted_cvpr_biomedsegfm
          ann_file: /anvil/projects/x-cis250950/converted_cvpr_biomedsegfm/annotations/unified_sam3_annotations/cvpr_train_all/train_all_CT_CT_COVID19-Infection_sam3_video.json
          coco_json_loader:
            _target_: sam3.train.data.coco_json_loaders.SAM3_VIDEO_API_FROM_JSON
            _partial_: true
        - _target_: sam3.train.data.sam3_video_dataset.VideoGroundingDataset
          transforms: ${medical_train.train_transforms}
          load_segmentation: ${scratch.enable_segmentation}
          max_ann_per_img: 500000
          multiplier: 1
          training: true
          use_all_frames_in_train: false
          allow_ptr_remap: true
          num_stages_sample: 8
          stage_stride_min: 1
          stage_stride_max: 1
          random_reverse_time_axis: false
          use_caching: false
          img_folder: /anvil/projects/x-cis250950/converted_cvpr_biomedsegfm
          ann_file: /anvil/projects/x-cis250950/converted_cvpr_biomedsegfm/annotations/unified_sam3_annotations/cvpr_train_all/train_all_CT_CT_CURVAS_sam3_video.json
          coco_json_loader:
            _target_: sam3.train.data.coco_json_loaders.SAM3_VIDEO_API_FROM_JSON
            _partial_: true
        - _target_: sam3.train.data.sam3_video_dataset.VideoGroundingDataset
          transforms: ${medical_train.train_transforms}
          load_segmentation: ${scratch.enable_segmentation}
          max_ann_per_img: 500000
          multiplier: 1
          training: true
          use_all_frames_in_train: false
          allow_ptr_remap: true
          num_stages_sample: 8
          stage_stride_min: 1
          stage_stride_max: 1
          random_reverse_time_axis: false
          use_caching: false
          img_folder: /anvil/projects/x-cis250950/converted_cvpr_biomedsegfm
          ann_file: /anvil/projects/x-cis250950/converted_cvpr_biomedsegfm/annotations/unified_sam3_annotations/cvpr_train_all/train_all_CT_CT_ColonTumor_sam3_video.json
          coco_json_loader:
            _target_: sam3.train.data.coco_json_loaders.SAM3_VIDEO_API_FROM_JSON
            _partial_: true
        - _target_: sam3.train.data.sam3_video_dataset.VideoGroundingDataset
          transforms: ${medical_train.train_transforms}
          load_segmentation: ${scratch.enable_segmentation}
          max_ann_per_img: 500000
          multiplier: 1
          training: true
          use_all_frames_in_train: false
          allow_ptr_remap: true
          num_stages_sample: 8
          stage_stride_min: 1
          stage_stride_max: 1
          random_reverse_time_axis: false
          use_caching: false
          img_folder: /anvil/projects/x-cis250950/converted_cvpr_biomedsegfm
          ann_file: /anvil/projects/x-cis250950/converted_cvpr_biomedsegfm/annotations/unified_sam3_annotations/cvpr_train_all/train_all_CT_CT_DeepLesion_sam3_video.json
          coco_json_loader:
            _target_: sam3.train.data.coco_json_loaders.SAM3_VIDEO_API_FROM_JSON
            _partial_: true
        - _target_: sam3.train.data.sam3_video_dataset.VideoGroundingDataset
          transforms: ${medical_train.train_transforms}
          load_segmentation: ${scratch.enable_segmentation}
          max_ann_per_img: 500000
          multiplier: 1
          training: true
          use_all_frames_in_train: false
          allow_ptr_remap: true
          num_stages_sample: 8
          stage_stride_min: 1
          stage_stride_max: 1
          random_reverse_time_axis: false
          use_caching: false
          img_folder: /anvil/projects/x-cis250950/converted_cvpr_biomedsegfm
          ann_file: /anvil/projects/x-cis250950/converted_cvpr_biomedsegfm/annotations/unified_sam3_annotations/cvpr_train_all/train_all_CT_CT_HaN-Seg_sam3_video.json
          coco_json_loader:
            _target_: sam3.train.data.coco_json_loaders.SAM3_VIDEO_API_FROM_JSON
            _partial_: true
        - _target_: sam3.train.data.sam3_video_dataset.VideoGroundingDataset
          transforms: ${medical_train.train_transforms}
          load_segmentation: ${scratch.enable_segmentation}
          max_ann_per_img: 500000
          multiplier: 1
          training: true
          use_all_frames_in_train: false
          allow_ptr_remap: true
          num_stages_sample: 8
          stage_stride_min: 1
          stage_stride_max: 1
          random_reverse_time_axis: false
          use_caching: false
          img_folder: /anvil/projects/x-cis250950/converted_cvpr_biomedsegfm
          ann_file: /anvil/projects/x-cis250950/converted_cvpr_biomedsegfm/annotations/unified_sam3_annotations/cvpr_train_all/train_all_CT_CT_KidneyTumor_sam3_video.json
          coco_json_loader:
            _target_: sam3.train.data.coco_json_loaders.SAM3_VIDEO_API_FROM_JSON
            _partial_: true
        - _target_: sam3.train.data.sam3_video_dataset.VideoGroundingDataset
          transforms: ${medical_train.train_transforms}
          load_segmentation: ${scratch.enable_segmentation}
          max_ann_per_img: 500000
          multiplier: 1
          training: true
          use_all_frames_in_train: false
          allow_ptr_remap: true
          num_stages_sample: 8
          stage_stride_min: 1
          stage_stride_max: 1
          random_reverse_time_axis: false
          use_caching: false
          img_folder: /anvil/projects/x-cis250950/converted_cvpr_biomedsegfm
          ann_file: /anvil/projects/x-cis250950/converted_cvpr_biomedsegfm/annotations/unified_sam3_annotations/cvpr_train_all/train_all_CT_CT_LiverTumor_sam3_video.json
          coco_json_loader:
            _target_: sam3.train.data.coco_json_loaders.SAM3_VIDEO_API_FROM_JSON
            _partial_: true
        - _target_: sam3.train.data.sam3_video_dataset.VideoGroundingDataset
          transforms: ${medical_train.train_transforms}
          load_segmentation: ${scratch.enable_segmentation}
          max_ann_per_img: 500000
          multiplier: 1
          training: true
          use_all_frames_in_train: false
          allow_ptr_remap: true
          num_stages_sample: 8
          stage_stride_min: 1
          stage_stride_max: 1
          random_reverse_time_axis: false
          use_caching: false
          img_folder: /anvil/projects/x-cis250950/converted_cvpr_biomedsegfm
          ann_file: /anvil/projects/x-cis250950/converted_cvpr_biomedsegfm/annotations/unified_sam3_annotations/cvpr_train_all/train_all_CT_CT_LungLesion_sam3_video.json
          coco_json_loader:
            _target_: sam3.train.data.coco_json_loaders.SAM3_VIDEO_API_FROM_JSON
            _partial_: true
        - _target_: sam3.train.data.sam3_video_dataset.VideoGroundingDataset
          transforms: ${medical_train.train_transforms}
          load_segmentation: ${scratch.enable_segmentation}
          max_ann_per_img: 500000
          multiplier: 1
          training: true
          use_all_frames_in_train: false
          allow_ptr_remap: true
          num_stages_sample: 8
          stage_stride_min: 1
          stage_stride_max: 1
          random_reverse_time_axis: false
          use_caching: false
          img_folder: /anvil/projects/x-cis250950/converted_cvpr_biomedsegfm
          ann_file: /anvil/projects/x-cis250950/converted_cvpr_biomedsegfm/annotations/unified_sam3_annotations/cvpr_train_all/train_all_CT_CT_Lungs_sam3_video.json
          coco_json_loader:
            _target_: sam3.train.data.coco_json_loaders.SAM3_VIDEO_API_FROM_JSON
            _partial_: true
        - _target_: sam3.train.data.sam3_video_dataset.VideoGroundingDataset
          transforms: ${medical_train.train_transforms}
          load_segmentation: ${scratch.enable_segmentation}
          max_ann_per_img: 500000
          multiplier: 1
          training: true
          use_all_frames_in_train: false
          allow_ptr_remap: true
          num_stages_sample: 8
          stage_stride_min: 1
          stage_stride_max: 1
          random_reverse_time_axis: false
          use_caching: false
          img_folder: /anvil/projects/x-cis250950/converted_cvpr_biomedsegfm
          ann_file: /anvil/projects/x-cis250950/converted_cvpr_biomedsegfm/annotations/unified_sam3_annotations/cvpr_train_all/train_all_CT_CT_LymphNode_sam3_video.json
          coco_json_loader:
            _target_: sam3.train.data.coco_json_loaders.SAM3_VIDEO_API_FROM_JSON
            _partial_: true
        - _target_: sam3.train.data.sam3_video_dataset.VideoGroundingDataset
          transforms: ${medical_train.train_transforms}
          load_segmentation: ${scratch.enable_segmentation}
          max_ann_per_img: 500000
          multiplier: 1
          training: true
          use_all_frames_in_train: false
          allow_ptr_remap: true
          num_stages_sample: 8
          stage_stride_min: 1
          stage_stride_max: 1
          random_reverse_time_axis: false
          use_caching: false
          img_folder: /anvil/projects/x-cis250950/converted_cvpr_biomedsegfm
          ann_file: /anvil/projects/x-cis250950/converted_cvpr_biomedsegfm/annotations/unified_sam3_annotations/cvpr_train_all/train_all_CT_CT_MedSegIVC_sam3_video.json
          coco_json_loader:
            _target_: sam3.train.data.coco_json_loaders.SAM3_VIDEO_API_FROM_JSON
            _partial_: true
        - _target_: sam3.train.data.sam3_video_dataset.VideoGroundingDataset
          transforms: ${medical_train.train_transforms}
          load_segmentation: ${scratch.enable_segmentation}
          max_ann_per_img: 500000
          multiplier: 1
          training: true
          use_all_frames_in_train: false
          allow_ptr_remap: true
          num_stages_sample: 8
          stage_stride_min: 1
          stage_stride_max: 1
          random_reverse_time_axis: false
          use_caching: false
          img_folder: /anvil/projects/x-cis250950/converted_cvpr_biomedsegfm
          ann_file: /anvil/projects/x-cis250950/converted_cvpr_biomedsegfm/annotations/unified_sam3_annotations/cvpr_train_all/train_all_CT_CT_MedSegLiver_sam3_video.json
          coco_json_loader:
            _target_: sam3.train.data.coco_json_loaders.SAM3_VIDEO_API_FROM_JSON
            _partial_: true
        - _target_: sam3.train.data.sam3_video_dataset.VideoGroundingDataset
          transforms: ${medical_train.train_transforms}
          load_segmentation: ${scratch.enable_segmentation}
          max_ann_per_img: 500000
          multiplier: 1
          training: true
          use_all_frames_in_train: false
          allow_ptr_remap: true
          num_stages_sample: 8
          stage_stride_min: 1
          stage_stride_max: 1
          random_reverse_time_axis: false
          use_caching: false
          img_folder: /anvil/projects/x-cis250950/converted_cvpr_biomedsegfm
          ann_file: /anvil/projects/x-cis250950/converted_cvpr_biomedsegfm/annotations/unified_sam3_annotations/cvpr_train_all/train_all_CT_CT_MedSeg_sam3_video.json
          coco_json_loader:
            _target_: sam3.train.data.coco_json_loaders.SAM3_VIDEO_API_FROM_JSON
            _partial_: true
        - _target_: sam3.train.data.sam3_video_dataset.VideoGroundingDataset
          transforms: ${medical_train.train_transforms}
          load_segmentation: ${scratch.enable_segmentation}
          max_ann_per_img: 500000
          multiplier: 1
          training: true
          use_all_frames_in_train: false
          allow_ptr_remap: true
          num_stages_sample: 8
          stage_stride_min: 1
          stage_stride_max: 1
          random_reverse_time_axis: false
          use_caching: false
          img_folder: /anvil/projects/x-cis250950/converted_cvpr_biomedsegfm
          ann_file: /anvil/projects/x-cis250950/converted_cvpr_biomedsegfm/annotations/unified_sam3_annotations/cvpr_train_all/train_all_CT_CT_PancreasTumor_sam3_video.json
          coco_json_loader:
            _target_: sam3.train.data.coco_json_loaders.SAM3_VIDEO_API_FROM_JSON
            _partial_: true
        - _target_: sam3.train.data.sam3_video_dataset.VideoGroundingDataset
          transforms: ${medical_train.train_transforms}
          load_segmentation: ${scratch.enable_segmentation}
          max_ann_per_img: 500000
          multiplier: 1
          training: true
          use_all_frames_in_train: false
          allow_ptr_remap: true
          num_stages_sample: 8
          stage_stride_min: 1
          stage_stride_max: 1
          random_reverse_time_axis: false
          use_caching: false
          img_folder: /anvil/projects/x-cis250950/converted_cvpr_biomedsegfm
          ann_file: /anvil/projects/x-cis250950/converted_cvpr_biomedsegfm/annotations/unified_sam3_annotations/cvpr_train_all/train_all_CT_CT_SegRap_HeadNeckTumor_sam3_video.json
          coco_json_loader:
            _target_: sam3.train.data.coco_json_loaders.SAM3_VIDEO_API_FROM_JSON
            _partial_: true
        - _target_: sam3.train.data.sam3_video_dataset.VideoGroundingDataset
          transforms: ${medical_train.train_transforms}
          load_segmentation: ${scratch.enable_segmentation}
          max_ann_per_img: 500000
          multiplier: 1
          training: true
          use_all_frames_in_train: false
          allow_ptr_remap: true
          num_stages_sample: 8
          stage_stride_min: 1
          stage_stride_max: 1
          random_reverse_time_axis: false
          use_caching: false
          img_folder: /anvil/projects/x-cis250950/converted_cvpr_biomedsegfm
          ann_file: /anvil/projects/x-cis250950/converted_cvpr_biomedsegfm/annotations/unified_sam3_annotations/cvpr_train_all/train_all_CT_CT_ThoracicOrgans-TCIA-LCTSC_sam3_video.json
          coco_json_loader:
            _target_: sam3.train.data.coco_json_loaders.SAM3_VIDEO_API_FROM_JSON
            _partial_: true
        - _target_: sam3.train.data.sam3_video_dataset.VideoGroundingDataset
          transforms: ${medical_train.train_transforms}
          load_segmentation: ${scratch.enable_segmentation}
          max_ann_per_img: 500000
          multiplier: 1
          training: true
          use_all_frames_in_train: false
          allow_ptr_remap: true
          num_stages_sample: 8
          stage_stride_min: 1
          stage_stride_max: 1
          random_reverse_time_axis: false
          use_caching: false
          img_folder: /anvil/projects/x-cis250950/converted_cvpr_biomedsegfm
          ann_file: /anvil/projects/x-cis250950/converted_cvpr_biomedsegfm/annotations/unified_sam3_annotations/cvpr_train_all/train_all_CT_CT_TopCoW24_sam3_video.json
          coco_json_loader:
            _target_: sam3.train.data.coco_json_loaders.SAM3_VIDEO_API_FROM_JSON
            _partial_: true
        - _target_: sam3.train.data.sam3_video_dataset.VideoGroundingDataset
          transforms: ${medical_train.train_transforms}
          load_segmentation: ${scratch.enable_segmentation}
          max_ann_per_img: 500000
          multiplier: 1
          training: true
          use_all_frames_in_train: false
          allow_ptr_remap: true
          num_stages_sample: 8
          stage_stride_min: 1
          stage_stride_max: 1
          random_reverse_time_axis: false
          use_caching: false
          img_folder: /anvil/projects/x-cis250950/converted_cvpr_biomedsegfm
          ann_file: /anvil/projects/x-cis250950/converted_cvpr_biomedsegfm/annotations/unified_sam3_annotations/cvpr_train_all/train_all_CT_CT_TotalSeg-vertebrae_sam3_video.json
          coco_json_loader:
            _target_: sam3.train.data.coco_json_loaders.SAM3_VIDEO_API_FROM_JSON
            _partial_: true
        - _target_: sam3.train.data.sam3_video_dataset.VideoGroundingDataset
          transforms: ${medical_train.train_transforms}
          load_segmentation: ${scratch.enable_segmentation}
          max_ann_per_img: 500000
          multiplier: 1
          training: true
          use_all_frames_in_train: false
          allow_ptr_remap: true
          num_stages_sample: 8
          stage_stride_min: 1
          stage_stride_max: 1
          random_reverse_time_axis: false
          use_caching: false
          img_folder: /anvil/projects/x-cis250950/converted_cvpr_biomedsegfm
          ann_file: /anvil/projects/x-cis250950/converted_cvpr_biomedsegfm/annotations/unified_sam3_annotations/cvpr_train_all/train_all_CT_CT_TotalSeg_cardiac_sam3_video.json
          coco_json_loader:
            _target_: sam3.train.data.coco_json_loaders.SAM3_VIDEO_API_FROM_JSON
            _partial_: true
        - _target_: sam3.train.data.sam3_video_dataset.VideoGroundingDataset
          transforms: ${medical_train.train_transforms}
          load_segmentation: ${scratch.enable_segmentation}
          max_ann_per_img: 500000
          multiplier: 1
          training: true
          use_all_frames_in_train: false
          allow_ptr_remap: true
          num_stages_sample: 8
          stage_stride_min: 1
          stage_stride_max: 1
          random_reverse_time_axis: false
          use_caching: false
          img_folder: /anvil/projects/x-cis250950/converted_cvpr_biomedsegfm
          ann_file: /anvil/projects/x-cis250950/converted_cvpr_biomedsegfm/annotations/unified_sam3_annotations/cvpr_train_all/train_all_CT_CT_TotalSeg_muscles_sam3_video.json
          coco_json_loader:
            _target_: sam3.train.data.coco_json_loaders.SAM3_VIDEO_API_FROM_JSON
            _partial_: true
        - _target_: sam3.train.data.sam3_video_dataset.VideoGroundingDataset
          transforms: ${medical_train.train_transforms}
          load_segmentation: ${scratch.enable_segmentation}
          max_ann_per_img: 500000
          multiplier: 1
          training: true
          use_all_frames_in_train: false
          allow_ptr_remap: true
          num_stages_sample: 8
          stage_stride_min: 1
          stage_stride_max: 1
          random_reverse_time_axis: false
          use_caching: false
          img_folder: /anvil/projects/x-cis250950/converted_cvpr_biomedsegfm
          ann_file: /anvil/projects/x-cis250950/converted_cvpr_biomedsegfm/annotations/unified_sam3_annotations/cvpr_train_all/train_all_CT_CT_TotalSeg_organs_sam3_video.json
          coco_json_loader:
            _target_: sam3.train.data.coco_json_loaders.SAM3_VIDEO_API_FROM_JSON
            _partial_: true
        - _target_: sam3.train.data.sam3_video_dataset.VideoGroundingDataset
          transforms: ${medical_train.train_transforms}
          load_segmentation: ${scratch.enable_segmentation}
          max_ann_per_img: 500000
          multiplier: 1
          training: true
          use_all_frames_in_train: false
          allow_ptr_remap: true
          num_stages_sample: 8
          stage_stride_min: 1
          stage_stride_max: 1
          random_reverse_time_axis: false
          use_caching: false
          img_folder: /anvil/projects/x-cis250950/converted_cvpr_biomedsegfm
          ann_file: /anvil/projects/x-cis250950/converted_cvpr_biomedsegfm/annotations/unified_sam3_annotations/cvpr_train_all/train_all_CT_CT_WholeBodyTumor_sam3_video.json
          coco_json_loader:
            _target_: sam3.train.data.coco_json_loaders.SAM3_VIDEO_API_FROM_JSON
            _partial_: true
        - _target_: sam3.train.data.sam3_video_dataset.VideoGroundingDataset
          transforms: ${medical_train.train_transforms}
          load_segmentation: ${scratch.enable_segmentation}
          max_ann_per_img: 500000
          multiplier: 1
          training: true
          use_all_frames_in_train: false
          allow_ptr_remap: true
          num_stages_sample: 8
          stage_stride_min: 1
          stage_stride_max: 1
          random_reverse_time_axis: false
          use_caching: false
          img_folder: /anvil/projects/x-cis250950/converted_cvpr_biomedsegfm
          ann_file: /anvil/projects/x-cis250950/converted_cvpr_biomedsegfm/annotations/unified_sam3_annotations/cvpr_train_all/train_all_MRI_MR_AMOS_sam3_video.json
          coco_json_loader:
            _target_: sam3.train.data.coco_json_loaders.SAM3_VIDEO_API_FROM_JSON
            _partial_: true
        - _target_: sam3.train.data.sam3_video_dataset.VideoGroundingDataset
          transforms: ${medical_train.train_transforms}
          load_segmentation: ${scratch.enable_segmentation}
          max_ann_per_img: 500000
          multiplier: 1
          training: true
          use_all_frames_in_train: false
          allow_ptr_remap: true
          num_stages_sample: 8
          stage_stride_min: 1
          stage_stride_max: 1
          random_reverse_time_axis: false
          use_caching: false
          img_folder: /anvil/projects/x-cis250950/converted_cvpr_biomedsegfm
          ann_file: /anvil/projects/x-cis250950/converted_cvpr_biomedsegfm/annotations/unified_sam3_annotations/cvpr_train_all/train_all_MRI_MR_BraTS-T1c_sam3_video.json
          coco_json_loader:
            _target_: sam3.train.data.coco_json_loaders.SAM3_VIDEO_API_FROM_JSON
            _partial_: true
        - _target_: sam3.train.data.sam3_video_dataset.VideoGroundingDataset
          transforms: ${medical_train.train_transforms}
          load_segmentation: ${scratch.enable_segmentation}
          max_ann_per_img: 500000
          multiplier: 1
          training: true
          use_all_frames_in_train: false
          allow_ptr_remap: true
          num_stages_sample: 8
          stage_stride_min: 1
          stage_stride_max: 1
          random_reverse_time_axis: false
          use_caching: false
          img_folder: /anvil/projects/x-cis250950/converted_cvpr_biomedsegfm
          ann_file: /anvil/projects/x-cis250950/converted_cvpr_biomedsegfm/annotations/unified_sam3_annotations/cvpr_train_all/train_all_MRI_MR_BraTS-T1n_sam3_video.json
          coco_json_loader:
            _target_: sam3.train.data.coco_json_loaders.SAM3_VIDEO_API_FROM_JSON
            _partial_: true
        - _target_: sam3.train.data.sam3_video_dataset.VideoGroundingDataset
          transforms: ${medical_train.train_transforms}
          load_segmentation: ${scratch.enable_segmentation}
          max_ann_per_img: 500000
          multiplier: 1
          training: true
          use_all_frames_in_train: false
          allow_ptr_remap: true
          num_stages_sample: 8
          stage_stride_min: 1
          stage_stride_max: 1
          random_reverse_time_axis: false
          use_caching: false
          img_folder: /anvil/projects/x-cis250950/converted_cvpr_biomedsegfm
          ann_file: /anvil/projects/x-cis250950/converted_cvpr_biomedsegfm/annotations/unified_sam3_annotations/cvpr_train_all/train_all_MRI_MR_BraTS-T2f_sam3_video.json
          coco_json_loader:
            _target_: sam3.train.data.coco_json_loaders.SAM3_VIDEO_API_FROM_JSON
            _partial_: true
        - _target_: sam3.train.data.sam3_video_dataset.VideoGroundingDataset
          transforms: ${medical_train.train_transforms}
          load_segmentation: ${scratch.enable_segmentation}
          max_ann_per_img: 500000
          multiplier: 1
          training: true
          use_all_frames_in_train: false
          allow_ptr_remap: true
          num_stages_sample: 8
          stage_stride_min: 1
          stage_stride_max: 1
          random_reverse_time_axis: false
          use_caching: false
          img_folder: /anvil/projects/x-cis250950/converted_cvpr_biomedsegfm
          ann_file: /anvil/projects/x-cis250950/converted_cvpr_biomedsegfm/annotations/unified_sam3_annotations/cvpr_train_all/train_all_MRI_MR_BraTS-T2w_sam3_video.json
          coco_json_loader:
            _target_: sam3.train.data.coco_json_loaders.SAM3_VIDEO_API_FROM_JSON
            _partial_: true
        - _target_: sam3.train.data.sam3_video_dataset.VideoGroundingDataset
          transforms: ${medical_train.train_transforms}
          load_segmentation: ${scratch.enable_segmentation}
          max_ann_per_img: 500000
          multiplier: 1
          training: true
          use_all_frames_in_train: false
          allow_ptr_remap: true
          num_stages_sample: 8
          stage_stride_min: 1
          stage_stride_max: 1
          random_reverse_time_axis: false
          use_caching: false
          img_folder: /anvil/projects/x-cis250950/converted_cvpr_biomedsegfm
          ann_file: /anvil/projects/x-cis250950/converted_cvpr_biomedsegfm/annotations/unified_sam3_annotations/cvpr_train_all/train_all_MRI_MR_CHAOS-T1_sam3_video.json
          coco_json_loader:
            _target_: sam3.train.data.coco_json_loaders.SAM3_VIDEO_API_FROM_JSON
            _partial_: true
        - _target_: sam3.train.data.sam3_video_dataset.VideoGroundingDataset
          transforms: ${medical_train.train_transforms}
          load_segmentation: ${scratch.enable_segmentation}
          max_ann_per_img: 500000
          multiplier: 1
          training: true
          use_all_frames_in_train: false
          allow_ptr_remap: true
          num_stages_sample: 8
          stage_stride_min: 1
          stage_stride_max: 1
          random_reverse_time_axis: false
          use_caching: false
          img_folder: /anvil/projects/x-cis250950/converted_cvpr_biomedsegfm
          ann_file: /anvil/projects/x-cis250950/converted_cvpr_biomedsegfm/annotations/unified_sam3_annotations/cvpr_train_all/train_all_MRI_MR_CHAOS-T2_sam3_video.json
          coco_json_loader:
            _target_: sam3.train.data.coco_json_loaders.SAM3_VIDEO_API_FROM_JSON
            _partial_: true
        - _target_: sam3.train.data.sam3_video_dataset.VideoGroundingDataset
          transforms: ${medical_train.train_transforms}
          load_segmentation: ${scratch.enable_segmentation}
          max_ann_per_img: 500000
          multiplier: 1
          training: true
          use_all_frames_in_train: false
          allow_ptr_remap: true
          num_stages_sample: 8
          stage_stride_min: 1
          stage_stride_max: 1
          random_reverse_time_axis: false
          use_caching: false
          img_folder: /anvil/projects/x-cis250950/converted_cvpr_biomedsegfm
          ann_file: /anvil/projects/x-cis250950/converted_cvpr_biomedsegfm/annotations/unified_sam3_annotations/cvpr_train_all/train_all_MRI_MR_CervicalCancer_sam3_video.json
          coco_json_loader:
            _target_: sam3.train.data.coco_json_loaders.SAM3_VIDEO_API_FROM_JSON
            _partial_: true
        - _target_: sam3.train.data.sam3_video_dataset.VideoGroundingDataset
          transforms: ${medical_train.train_transforms}
          load_segmentation: ${scratch.enable_segmentation}
          max_ann_per_img: 500000
          multiplier: 1
          training: true
          use_all_frames_in_train: false
          allow_ptr_remap: true
          num_stages_sample: 8
          stage_stride_min: 1
          stage_stride_max: 1
          random_reverse_time_axis: false
          use_caching: false
          img_folder: /anvil/projects/x-cis250950/converted_cvpr_biomedsegfm
          ann_file: /anvil/projects/x-cis250950/converted_cvpr_biomedsegfm/annotations/unified_sam3_annotations/cvpr_train_all/train_all_MRI_MR_EMIDEC_sam3_video.json
          coco_json_loader:
            _target_: sam3.train.data.coco_json_loaders.SAM3_VIDEO_API_FROM_JSON
            _partial_: true
        - _target_: sam3.train.data.sam3_video_dataset.VideoGroundingDataset
          transforms: ${medical_train.train_transforms}
          load_segmentation: ${scratch.enable_segmentation}
          max_ann_per_img: 500000
          multiplier: 1
          training: true
          use_all_frames_in_train: false
          allow_ptr_remap: true
          num_stages_sample: 8
          stage_stride_min: 1
          stage_stride_max: 1
          random_reverse_time_axis: false
          use_caching: false
          img_folder: /anvil/projects/x-cis250950/converted_cvpr_biomedsegfm
          ann_file: /anvil/projects/x-cis250950/converted_cvpr_biomedsegfm/annotations/unified_sam3_annotations/cvpr_train_all/train_all_MRI_MR_HNTS-MRG_HeadTumor_sam3_video.json
          coco_json_loader:
            _target_: sam3.train.data.coco_json_loaders.SAM3_VIDEO_API_FROM_JSON
            _partial_: true
        - _target_: sam3.train.data.sam3_video_dataset.VideoGroundingDataset
          transforms: ${medical_train.train_transforms}
          load_segmentation: ${scratch.enable_segmentation}
          max_ann_per_img: 500000
          multiplier: 1
          training: true
          use_all_frames_in_train: false
          allow_ptr_remap: true
          num_stages_sample: 8
          stage_stride_min: 1
          stage_stride_max: 1
          random_reverse_time_axis: false
          use_caching: false
          img_folder: /anvil/projects/x-cis250950/converted_cvpr_biomedsegfm
          ann_file: /anvil/projects/x-cis250950/converted_cvpr_biomedsegfm/annotations/unified_sam3_annotations/cvpr_train_all/train_all_MRI_MR_HVSMR_sam3_video.json
          coco_json_loader:
            _target_: sam3.train.data.coco_json_loaders.SAM3_VIDEO_API_FROM_JSON
            _partial_: true
        - _target_: sam3.train.data.sam3_video_dataset.VideoGroundingDataset
          transforms: ${medical_train.train_transforms}
          load_segmentation: ${scratch.enable_segmentation}
          max_ann_per_img: 500000
          multiplier: 1
          training: true
          use_all_frames_in_train: false
          allow_ptr_remap: true
          num_stages_sample: 8
          stage_stride_min: 1
          stage_stride_max: 1
          random_reverse_time_axis: false
          use_caching: false
          img_folder: /anvil/projects/x-cis250950/converted_cvpr_biomedsegfm
          ann_file: /anvil/projects/x-cis250950/converted_cvpr_biomedsegfm/annotations/unified_sam3_annotations/cvpr_train_all/train_all_MRI_MR_HeadHaN_sam3_video.json
          coco_json_loader:
            _target_: sam3.train.data.coco_json_loaders.SAM3_VIDEO_API_FROM_JSON
            _partial_: true
        - _target_: sam3.train.data.sam3_video_dataset.VideoGroundingDataset
          transforms: ${medical_train.train_transforms}
          load_segmentation: ${scratch.enable_segmentation}
          max_ann_per_img: 500000
          multiplier: 1
          training: true
          use_all_frames_in_train: false
          allow_ptr_remap: true
          num_stages_sample: 8
          stage_stride_min: 1
          stage_stride_max: 1
          random_reverse_time_axis: false
          use_caching: false
          img_folder: /anvil/projects/x-cis250950/converted_cvpr_biomedsegfm
          ann_file: /anvil/projects/x-cis250950/converted_cvpr_biomedsegfm/annotations/unified_sam3_annotations/cvpr_train_all/train_all_MRI_MR_Heart_ACDC_sam3_video.json
          coco_json_loader:
            _target_: sam3.train.data.coco_json_loaders.SAM3_VIDEO_API_FROM_JSON
            _partial_: true
        - _target_: sam3.train.data.sam3_video_dataset.VideoGroundingDataset
          transforms: ${medical_train.train_transforms}
          load_segmentation: ${scratch.enable_segmentation}
          max_ann_per_img: 500000
          multiplier: 1
          training: true
          use_all_frames_in_train: false
          allow_ptr_remap: true
          num_stages_sample: 8
          stage_stride_min: 1
          stage_stride_max: 1
          random_reverse_time_axis: false
          use_caching: false
          img_folder: /anvil/projects/x-cis250950/converted_cvpr_biomedsegfm
          ann_file: /anvil/projects/x-cis250950/converted_cvpr_biomedsegfm/annotations/unified_sam3_annotations/cvpr_train_all/train_all_MRI_MR_IBD_sam3_video.json
          coco_json_loader:
            _target_: sam3.train.data.coco_json_loaders.SAM3_VIDEO_API_FROM_JSON
            _partial_: true
        - _target_: sam3.train.data.sam3_video_dataset.VideoGroundingDataset
          transforms: ${medical_train.train_transforms}
          load_segmentation: ${scratch.enable_segmentation}
          max_ann_per_img: 500000
          multiplier: 1
          training: true
          use_all_frames_in_train: false
          allow_ptr_remap: true
          num_stages_sample: 8
          stage_stride_min: 1
          stage_stride_max: 1
          random_reverse_time_axis: false
          use_caching: false
          img_folder: /anvil/projects/x-cis250950/converted_cvpr_biomedsegfm
          ann_file: /anvil/projects/x-cis250950/converted_cvpr_biomedsegfm/annotations/unified_sam3_annotations/cvpr_train_all/train_all_MRI_MR_ISLES_ADC_sam3_video.json
          coco_json_loader:
            _target_: sam3.train.data.coco_json_loaders.SAM3_VIDEO_API_FROM_JSON
            _partial_: true
        - _target_: sam3.train.data.sam3_video_dataset.VideoGroundingDataset
          transforms: ${medical_train.train_transforms}
          load_segmentation: ${scratch.enable_segmentation}
          max_ann_per_img: 500000
          multiplier: 1
          training: true
          use_all_frames_in_train: false
          allow_ptr_remap: true
          num_stages_sample: 8
          stage_stride_min: 1
          stage_stride_max: 1
          random_reverse_time_axis: false
          use_caching: false
          img_folder: /anvil/projects/x-cis250950/converted_cvpr_biomedsegfm
          ann_file: /anvil/projects/x-cis250950/converted_cvpr_biomedsegfm/annotations/unified_sam3_annotations/cvpr_train_all/train_all_MRI_MR_ISLES_DWI_sam3_video.json
          coco_json_loader:
            _target_: sam3.train.data.coco_json_loaders.SAM3_VIDEO_API_FROM_JSON
            _partial_: true
        - _target_: sam3.train.data.sam3_video_dataset.VideoGroundingDataset
          transforms: ${medical_train.train_transforms}
          load_segmentation: ${scratch.enable_segmentation}
          max_ann_per_img: 500000
          multiplier: 1
          training: true
          use_all_frames_in_train: false
          allow_ptr_remap: true
          num_stages_sample: 8
          stage_stride_min: 1
          stage_stride_max: 1
          random_reverse_time_axis: false
          use_caching: false
          img_folder: /anvil/projects/x-cis250950/converted_cvpr_biomedsegfm
          ann_file: /anvil/projects/x-cis250950/converted_cvpr_biomedsegfm/annotations/unified_sam3_annotations/cvpr_train_all/train_all_MRI_MR_LeftAtrium_sam3_video.json
          coco_json_loader:
            _target_: sam3.train.data.coco_json_loaders.SAM3_VIDEO_API_FROM_JSON
            _partial_: true
        - _target_: sam3.train.data.sam3_video_dataset.VideoGroundingDataset
          transforms: ${medical_train.train_transforms}
          load_segmentation: ${scratch.enable_segmentation}
          max_ann_per_img: 500000
          multiplier: 1
          training: true
          use_all_frames_in_train: false
          allow_ptr_remap: true
          num_stages_sample: 8
          stage_stride_min: 1
          stage_stride_max: 1
          random_reverse_time_axis: false
          use_caching: false
          img_folder: /anvil/projects/x-cis250950/converted_cvpr_biomedsegfm
          ann_file: /anvil/projects/x-cis250950/converted_cvpr_biomedsegfm/annotations/unified_sam3_annotations/cvpr_train_all/train_all_MRI_MR_LiverTumor_LLD_sam3_video.json
          coco_json_loader:
            _target_: sam3.train.data.coco_json_loaders.SAM3_VIDEO_API_FROM_JSON
            _partial_: true
        - _target_: sam3.train.data.sam3_video_dataset.VideoGroundingDataset
          transforms: ${medical_train.train_transforms}
          load_segmentation: ${scratch.enable_segmentation}
          max_ann_per_img: 500000
          multiplier: 1
          training: true
          use_all_frames_in_train: false
          allow_ptr_remap: true
          num_stages_sample: 8
          stage_stride_min: 1
          stage_stride_max: 1
          random_reverse_time_axis: false
          use_caching: false
          img_folder: /anvil/projects/x-cis250950/converted_cvpr_biomedsegfm
          ann_file: /anvil/projects/x-cis250950/converted_cvpr_biomedsegfm/annotations/unified_sam3_annotations/cvpr_train_all/train_all_MRI_MR_ProstateADC_sam3_video.json
          coco_json_loader:
            _target_: sam3.train.data.coco_json_loaders.SAM3_VIDEO_API_FROM_JSON
            _partial_: true
        - _target_: sam3.train.data.sam3_video_dataset.VideoGroundingDataset
          transforms: ${medical_train.train_transforms}
          load_segmentation: ${scratch.enable_segmentation}
          max_ann_per_img: 500000
          multiplier: 1
          training: true
          use_all_frames_in_train: false
          allow_ptr_remap: true
          num_stages_sample: 8
          stage_stride_min: 1
          stage_stride_max: 1
          random_reverse_time_axis: false
          use_caching: false
          img_folder: /anvil/projects/x-cis250950/converted_cvpr_biomedsegfm
          ann_file: /anvil/projects/x-cis250950/converted_cvpr_biomedsegfm/annotations/unified_sam3_annotations/cvpr_train_all/train_all_MRI_MR_ProstateT2_sam3_video.json
          coco_json_loader:
            _target_: sam3.train.data.coco_json_loaders.SAM3_VIDEO_API_FROM_JSON
            _partial_: true
        - _target_: sam3.train.data.sam3_video_dataset.VideoGroundingDataset
          transforms: ${medical_train.train_transforms}
          load_segmentation: ${scratch.enable_segmentation}
          max_ann_per_img: 500000
          multiplier: 1
          training: true
          use_all_frames_in_train: false
          allow_ptr_remap: true
          num_stages_sample: 8
          stage_stride_min: 1
          stage_stride_max: 1
          random_reverse_time_axis: false
          use_caching: false
          img_folder: /anvil/projects/x-cis250950/converted_cvpr_biomedsegfm
          ann_file: /anvil/projects/x-cis250950/converted_cvpr_biomedsegfm/annotations/unified_sam3_annotations/cvpr_train_all/train_all_MRI_MR_QIN-PROSTATE-Lesion_sam3_video.json
          coco_json_loader:
            _target_: sam3.train.data.coco_json_loaders.SAM3_VIDEO_API_FROM_JSON
            _partial_: true
        - _target_: sam3.train.data.sam3_video_dataset.VideoGroundingDataset
          transforms: ${medical_train.train_transforms}
          load_segmentation: ${scratch.enable_segmentation}
          max_ann_per_img: 500000
          multiplier: 1
          training: true
          use_all_frames_in_train: false
          allow_ptr_remap: true
          num_stages_sample: 8
          stage_stride_min: 1
          stage_stride_max: 1
          random_reverse_time_axis: false
          use_caching: false
          img_folder: /anvil/projects/x-cis250950/converted_cvpr_biomedsegfm
          ann_file: /anvil/projects/x-cis250950/converted_cvpr_biomedsegfm/annotations/unified_sam3_annotations/cvpr_train_all/train_all_MRI_MR_RESECT_sam3_video.json
          coco_json_loader:
            _target_: sam3.train.data.coco_json_loaders.SAM3_VIDEO_API_FROM_JSON
            _partial_: true
        - _target_: sam3.train.data.sam3_video_dataset.VideoGroundingDataset
          transforms: ${medical_train.train_transforms}
          load_segmentation: ${scratch.enable_segmentation}
          max_ann_per_img: 500000
          multiplier: 1
          training: true
          use_all_frames_in_train: false
          allow_ptr_remap: true
          num_stages_sample: 8
          stage_stride_min: 1
          stage_stride_max: 1
          random_reverse_time_axis: false
          use_caching: false
          img_folder: /anvil/projects/x-cis250950/converted_cvpr_biomedsegfm
          ann_file: /anvil/projects/x-cis250950/converted_cvpr_biomedsegfm/annotations/unified_sam3_annotations/cvpr_train_all/train_all_MRI_MR_SegThy_sam3_video.json
          coco_json_loader:
            _target_: sam3.train.data.coco_json_loaders.SAM3_VIDEO_API_FROM_JSON
            _partial_: true
        - _target_: sam3.train.data.sam3_video_dataset.VideoGroundingDataset
          transforms: ${medical_train.train_transforms}
          load_segmentation: ${scratch.enable_segmentation}
          max_ann_per_img: 500000
          multiplier: 1
          training: true
          use_all_frames_in_train: false
          allow_ptr_remap: true
          num_stages_sample: 8
          stage_stride_min: 1
          stage_stride_max: 1
          random_reverse_time_axis: false
          use_caching: false
          img_folder: /anvil/projects/x-cis250950/converted_cvpr_biomedsegfm
          ann_file: /anvil/projects/x-cis250950/converted_cvpr_biomedsegfm/annotations/unified_sam3_annotations/cvpr_train_all/train_all_MRI_MR_Spider_IVD_sam3_video.json
          coco_json_loader:
            _target_: sam3.train.data.coco_json_loaders.SAM3_VIDEO_API_FROM_JSON
            _partial_: true
        - _target_: sam3.train.data.sam3_video_dataset.VideoGroundingDataset
          transforms: ${medical_train.train_transforms}
          load_segmentation: ${scratch.enable_segmentation}
          max_ann_per_img: 500000
          multiplier: 1
          training: true
          use_all_frames_in_train: false
          allow_ptr_remap: true
          num_stages_sample: 8
          stage_stride_min: 1
          stage_stride_max: 1
          random_reverse_time_axis: false
          use_caching: false
          img_folder: /anvil/projects/x-cis250950/converted_cvpr_biomedsegfm
          ann_file: /anvil/projects/x-cis250950/converted_cvpr_biomedsegfm/annotations/unified_sam3_annotations/cvpr_train_all/train_all_MRI_MR_Spider_Spine_sam3_video.json
          coco_json_loader:
            _target_: sam3.train.data.coco_json_loaders.SAM3_VIDEO_API_FROM_JSON
            _partial_: true
        - _target_: sam3.train.data.sam3_video_dataset.VideoGroundingDataset
          transforms: ${medical_train.train_transforms}
          load_segmentation: ${scratch.enable_segmentation}
          max_ann_per_img: 500000
          multiplier: 1
          training: true
          use_all_frames_in_train: false
          allow_ptr_remap: true
          num_stages_sample: 8
          stage_stride_min: 1
          stage_stride_max: 1
          random_reverse_time_axis: false
          use_caching: false
          img_folder: /anvil/projects/x-cis250950/converted_cvpr_biomedsegfm
          ann_file: /anvil/projects/x-cis250950/converted_cvpr_biomedsegfm/annotations/unified_sam3_annotations/cvpr_train_all/train_all_MRI_MR_Spider_Vertebrae_sam3_video.json
          coco_json_loader:
            _target_: sam3.train.data.coco_json_loaders.SAM3_VIDEO_API_FROM_JSON
            _partial_: true
        - _target_: sam3.train.data.sam3_video_dataset.VideoGroundingDataset
          transforms: ${medical_train.train_transforms}
          load_segmentation: ${scratch.enable_segmentation}
          max_ann_per_img: 500000
          multiplier: 1
          training: true
          use_all_frames_in_train: false
          allow_ptr_remap: true
          num_stages_sample: 8
          stage_stride_min: 1
          stage_stride_max: 1
          random_reverse_time_axis: false
          use_caching: false
          img_folder: /anvil/projects/x-cis250950/converted_cvpr_biomedsegfm
          ann_file: /anvil/projects/x-cis250950/converted_cvpr_biomedsegfm/annotations/unified_sam3_annotations/cvpr_train_all/train_all_MRI_MR_Spine2014_sam3_video.json
          coco_json_loader:
            _target_: sam3.train.data.coco_json_loaders.SAM3_VIDEO_API_FROM_JSON
            _partial_: true
        - _target_: sam3.train.data.sam3_video_dataset.VideoGroundingDataset
          transforms: ${medical_train.train_transforms}
          load_segmentation: ${scratch.enable_segmentation}
          max_ann_per_img: 500000
          multiplier: 1
          training: true
          use_all_frames_in_train: false
          allow_ptr_remap: true
          num_stages_sample: 8
          stage_stride_min: 1
          stage_stride_max: 1
          random_reverse_time_axis: false
          use_caching: false
          img_folder: /anvil/projects/x-cis250950/converted_cvpr_biomedsegfm
          ann_file: /anvil/projects/x-cis250950/converted_cvpr_biomedsegfm/annotations/unified_sam3_annotations/cvpr_train_all/train_all_MRI_MR_T1c_crossMoDA_Tumor_Cochlea_sam3_video.json
          coco_json_loader:
            _target_: sam3.train.data.coco_json_loaders.SAM3_VIDEO_API_FROM_JSON
            _partial_: true
        - _target_: sam3.train.data.sam3_video_dataset.VideoGroundingDataset
          transforms: ${medical_train.train_transforms}
          load_segmentation: ${scratch.enable_segmentation}
          max_ann_per_img: 500000
          multiplier: 1
          training: true
          use_all_frames_in_train: false
          allow_ptr_remap: true
          num_stages_sample: 8
          stage_stride_min: 1
          stage_stride_max: 1
          random_reverse_time_axis: false
          use_caching: false
          img_folder: /anvil/projects/x-cis250950/converted_cvpr_biomedsegfm
          ann_file: /anvil/projects/x-cis250950/converted_cvpr_biomedsegfm/annotations/unified_sam3_annotations/cvpr_train_all/train_all_MRI_MR_TopCoW24_sam3_video.json
          coco_json_loader:
            _target_: sam3.train.data.coco_json_loaders.SAM3_VIDEO_API_FROM_JSON
            _partial_: true
        - _target_: sam3.train.data.sam3_video_dataset.VideoGroundingDataset
          transforms: ${medical_train.train_transforms}
          load_segmentation: ${scratch.enable_segmentation}
          max_ann_per_img: 500000
          multiplier: 1
          training: true
          use_all_frames_in_train: false
          allow_ptr_remap: true
          num_stages_sample: 8
          stage_stride_min: 1
          stage_stride_max: 1
          random_reverse_time_axis: false
          use_caching: false
          img_folder: /anvil/projects/x-cis250950/converted_cvpr_biomedsegfm
          ann_file: /anvil/projects/x-cis250950/converted_cvpr_biomedsegfm/annotations/unified_sam3_annotations/cvpr_train_all/train_all_MRI_MR_TotalSeg_sam3_video.json
          coco_json_loader:
            _target_: sam3.train.data.coco_json_loaders.SAM3_VIDEO_API_FROM_JSON
            _partial_: true
        - _target_: sam3.train.data.sam3_video_dataset.VideoGroundingDataset
          transforms: ${medical_train.train_transforms}
          load_segmentation: ${scratch.enable_segmentation}
          max_ann_per_img: 500000
          multiplier: 1
          training: true
          use_all_frames_in_train: false
          allow_ptr_remap: true
          num_stages_sample: 8
          stage_stride_min: 1
          stage_stride_max: 1
          random_reverse_time_axis: false
          use_caching: false
          img_folder: /anvil/projects/x-cis250950/converted_cvpr_biomedsegfm
          ann_file: /anvil/projects/x-cis250950/converted_cvpr_biomedsegfm/annotations/unified_sam3_annotations/cvpr_train_all/train_all_MRI_MR_WMH_FLAIR_sam3_video.json
          coco_json_loader:
            _target_: sam3.train.data.coco_json_loaders.SAM3_VIDEO_API_FROM_JSON
            _partial_: true
        - _target_: sam3.train.data.sam3_video_dataset.VideoGroundingDataset
          transforms: ${medical_train.train_transforms}
          load_segmentation: ${scratch.enable_segmentation}
          max_ann_per_img: 500000
          multiplier: 1
          training: true
          use_all_frames_in_train: false
          allow_ptr_remap: true
          num_stages_sample: 8
          stage_stride_min: 1
          stage_stride_max: 1
          random_reverse_time_axis: false
          use_caching: false
          img_folder: /anvil/projects/x-cis250950/converted_cvpr_biomedsegfm
          ann_file: /anvil/projects/x-cis250950/converted_cvpr_biomedsegfm/annotations/unified_sam3_annotations/cvpr_train_all/train_all_MRI_MR_WMH_T1_sam3_video.json
          coco_json_loader:
            _target_: sam3.train.data.coco_json_loaders.SAM3_VIDEO_API_FROM_JSON
            _partial_: true
        - _target_: sam3.train.data.sam3_video_dataset.VideoGroundingDataset
          transforms: ${medical_train.train_transforms}
          load_segmentation: ${scratch.enable_segmentation}
          max_ann_per_img: 500000
          multiplier: 1
          training: true
          use_all_frames_in_train: false
          allow_ptr_remap: true
          num_stages_sample: 8
          stage_stride_min: 1
          stage_stride_max: 1
          random_reverse_time_axis: false
          use_caching: false
          img_folder: /anvil/projects/x-cis250950/converted_cvpr_biomedsegfm
          ann_file: /anvil/projects/x-cis250950/converted_cvpr_biomedsegfm/annotations/unified_sam3_annotations/cvpr_train_all/train_all_Microscopy_Microscopy_AxonEM_sam3_video.json
          coco_json_loader:
            _target_: sam3.train.data.coco_json_loaders.SAM3_VIDEO_API_FROM_JSON
            _partial_: true
        - _target_: sam3.train.data.sam3_video_dataset.VideoGroundingDataset
          transforms: ${medical_train.train_transforms}
          load_segmentation: ${scratch.enable_segmentation}
          max_ann_per_img: 500000
          multiplier: 1
          training: true
          use_all_frames_in_train: false
          allow_ptr_remap: true
          num_stages_sample: 8
          stage_stride_min: 1
          stage_stride_max: 1
          random_reverse_time_axis: false
          use_caching: false
          img_folder: /anvil/projects/x-cis250950/converted_cvpr_biomedsegfm
          ann_file: /anvil/projects/x-cis250950/converted_cvpr_biomedsegfm/annotations/unified_sam3_annotations/cvpr_train_all/train_all_Microscopy_Microscopy_MUCIC-HL60_sam3_video.json
          coco_json_loader:
            _target_: sam3.train.data.coco_json_loaders.SAM3_VIDEO_API_FROM_JSON
            _partial_: true
        - _target_: sam3.train.data.sam3_video_dataset.VideoGroundingDataset
          transforms: ${medical_train.train_transforms}
          load_segmentation: ${scratch.enable_segmentation}
          max_ann_per_img: 500000
          multiplier: 1
          training: true
          use_all_frames_in_train: false
          allow_ptr_remap: true
          num_stages_sample: 8
          stage_stride_min: 1
          stage_stride_max: 1
          random_reverse_time_axis: false
          use_caching: false
          img_folder: /anvil/projects/x-cis250950/converted_cvpr_biomedsegfm
          ann_file: /anvil/projects/x-cis250950/converted_cvpr_biomedsegfm/annotations/unified_sam3_annotations/cvpr_train_all/train_all_Microscopy_Microscopy_NIS3D_sam3_video.json
          coco_json_loader:
            _target_: sam3.train.data.coco_json_loaders.SAM3_VIDEO_API_FROM_JSON
            _partial_: true
        - _target_: sam3.train.data.sam3_video_dataset.VideoGroundingDataset
          transforms: ${medical_train.train_transforms}
          load_segmentation: ${scratch.enable_segmentation}
          max_ann_per_img: 500000
          multiplier: 1
          training: true
          use_all_frames_in_train: false
          allow_ptr_remap: true
          num_stages_sample: 8
          stage_stride_min: 1
          stage_stride_max: 1
          random_reverse_time_axis: false
          use_caching: false
          img_folder: /anvil/projects/x-cis250950/converted_cvpr_biomedsegfm
          ann_file: /anvil/projects/x-cis250950/converted_cvpr_biomedsegfm/annotations/unified_sam3_annotations/cvpr_train_all/train_all_Microscopy_Microscopy_SELMA3D_ADplaques_sam3_video.json
          coco_json_loader:
            _target_: sam3.train.data.coco_json_loaders.SAM3_VIDEO_API_FROM_JSON
            _partial_: true
        - _target_: sam3.train.data.sam3_video_dataset.VideoGroundingDataset
          transforms: ${medical_train.train_transforms}
          load_segmentation: ${scratch.enable_segmentation}
          max_ann_per_img: 500000
          multiplier: 1
          training: true
          use_all_frames_in_train: false
          allow_ptr_remap: true
          num_stages_sample: 8
          stage_stride_min: 1
          stage_stride_max: 1
          random_reverse_time_axis: false
          use_caching: false
          img_folder: /anvil/projects/x-cis250950/converted_cvpr_biomedsegfm
          ann_file: /anvil/projects/x-cis250950/converted_cvpr_biomedsegfm/annotations/unified_sam3_annotations/cvpr_train_all/train_all_Microscopy_Microscopy_SELMA3D_neural_activity_marker_sam3_video.json
          coco_json_loader:
            _target_: sam3.train.data.coco_json_loaders.SAM3_VIDEO_API_FROM_JSON
            _partial_: true
        - _target_: sam3.train.data.sam3_video_dataset.VideoGroundingDataset
          transforms: ${medical_train.train_transforms}
          load_segmentation: ${scratch.enable_segmentation}
          max_ann_per_img: 500000
          multiplier: 1
          training: true
          use_all_frames_in_train: false
          allow_ptr_remap: true
          num_stages_sample: 8
          stage_stride_min: 1
          stage_stride_max: 1
          random_reverse_time_axis: false
          use_caching: false
          img_folder: /anvil/projects/x-cis250950/converted_cvpr_biomedsegfm
          ann_file: /anvil/projects/x-cis250950/converted_cvpr_biomedsegfm/annotations/unified_sam3_annotations/cvpr_train_all/train_all_Microscopy_Microscopy_SELMA3D_nuceus_sam3_video.json
          coco_json_loader:
            _target_: sam3.train.data.coco_json_loaders.SAM3_VIDEO_API_FROM_JSON
            _partial_: true
        - _target_: sam3.train.data.sam3_video_dataset.VideoGroundingDataset
          transforms: ${medical_train.train_transforms}
          load_segmentation: ${scratch.enable_segmentation}
          max_ann_per_img: 500000
          multiplier: 1
          training: true
          use_all_frames_in_train: false
          allow_ptr_remap: true
          num_stages_sample: 8
          stage_stride_min: 1
          stage_stride_max: 1
          random_reverse_time_axis: false
          use_caching: false
          img_folder: /anvil/projects/x-cis250950/converted_cvpr_biomedsegfm
          ann_file: /anvil/projects/x-cis250950/converted_cvpr_biomedsegfm/annotations/unified_sam3_annotations/cvpr_train_all/train_all_Microscopy_Microscopy_SELMA3D_vessel_sam3_video.json
          coco_json_loader:
            _target_: sam3.train.data.coco_json_loaders.SAM3_VIDEO_API_FROM_JSON
            _partial_: true
        - _target_: sam3.train.data.sam3_video_dataset.VideoGroundingDataset
          transforms: ${medical_train.train_transforms}
          load_segmentation: ${scratch.enable_segmentation}
          max_ann_per_img: 500000
          multiplier: 1
          training: true
          use_all_frames_in_train: false
          allow_ptr_remap: true
          num_stages_sample: 8
          stage_stride_min: 1
          stage_stride_max: 1
          random_reverse_time_axis: false
          use_caching: false
          img_folder: /anvil/projects/x-cis250950/converted_cvpr_biomedsegfm
          ann_file: /anvil/projects/x-cis250950/converted_cvpr_biomedsegfm/annotations/unified_sam3_annotations/cvpr_train_all/train_all_Microscopy_Microscopy_cremi_sam3_video.json
          coco_json_loader:
            _target_: sam3.train.data.coco_json_loaders.SAM3_VIDEO_API_FROM_JSON
            _partial_: true
        - _target_: sam3.train.data.sam3_video_dataset.VideoGroundingDataset
          transforms: ${medical_train.train_transforms}
          load_segmentation: ${scratch.enable_segmentation}
          max_ann_per_img: 500000
          multiplier: 1
          training: true
          use_all_frames_in_train: false
          allow_ptr_remap: true
          num_stages_sample: 8
          stage_stride_min: 1
          stage_stride_max: 1
          random_reverse_time_axis: false
          use_caching: false
          img_folder: /anvil/projects/x-cis250950/converted_cvpr_biomedsegfm
          ann_file: /anvil/projects/x-cis250950/converted_cvpr_biomedsegfm/annotations/unified_sam3_annotations/cvpr_train_all/train_all_Microscopy_Microscopy_nucmm_sam3_video.json
          coco_json_loader:
            _target_: sam3.train.data.coco_json_loaders.SAM3_VIDEO_API_FROM_JSON
            _partial_: true
        - _target_: sam3.train.data.sam3_video_dataset.VideoGroundingDataset
          transforms: ${medical_train.train_transforms}
          load_segmentation: ${scratch.enable_segmentation}
          max_ann_per_img: 500000
          multiplier: 1
          training: true
          use_all_frames_in_train: false
          allow_ptr_remap: true
          num_stages_sample: 8
          stage_stride_min: 1
          stage_stride_max: 1
          random_reverse_time_axis: false
          use_caching: false
          img_folder: /anvil/projects/x-cis250950/converted_cvpr_biomedsegfm
          ann_file: /anvil/projects/x-cis250950/converted_cvpr_biomedsegfm/annotations/unified_sam3_annotations/cvpr_train_all/train_all_Microscopy_Microscopy_urocell_Endolysosomes_sam3_video.json
          coco_json_loader:
            _target_: sam3.train.data.coco_json_loaders.SAM3_VIDEO_API_FROM_JSON
            _partial_: true
        - _target_: sam3.train.data.sam3_video_dataset.VideoGroundingDataset
          transforms: ${medical_train.train_transforms}
          load_segmentation: ${scratch.enable_segmentation}
          max_ann_per_img: 500000
          multiplier: 1
          training: true
          use_all_frames_in_train: false
          allow_ptr_remap: true
          num_stages_sample: 8
          stage_stride_min: 1
          stage_stride_max: 1
          random_reverse_time_axis: false
          use_caching: false
          img_folder: /anvil/projects/x-cis250950/converted_cvpr_biomedsegfm
          ann_file: /anvil/projects/x-cis250950/converted_cvpr_biomedsegfm/annotations/unified_sam3_annotations/cvpr_train_all/train_all_Microscopy_Microscopy_urocell_Mitochondria_sam3_video.json
          coco_json_loader:
            _target_: sam3.train.data.coco_json_loaders.SAM3_VIDEO_API_FROM_JSON
            _partial_: true
        - _target_: sam3.train.data.sam3_video_dataset.VideoGroundingDataset
          transforms: ${medical_train.train_transforms}
          load_segmentation: ${scratch.enable_segmentation}
          max_ann_per_img: 500000
          multiplier: 1
          training: true
          use_all_frames_in_train: false
          allow_ptr_remap: true
          num_stages_sample: 8
          stage_stride_min: 1
          stage_stride_max: 1
          random_reverse_time_axis: false
          use_caching: false
          img_folder: /anvil/projects/x-cis250950/converted_cvpr_biomedsegfm
          ann_file: /anvil/projects/x-cis250950/converted_cvpr_biomedsegfm/annotations/unified_sam3_annotations/cvpr_train_all/train_all_PET_autoPET_sam3_video.json
          coco_json_loader:
            _target_: sam3.train.data.coco_json_loaders.SAM3_VIDEO_API_FROM_JSON
            _partial_: true
        - _target_: sam3.train.data.sam3_video_dataset.VideoGroundingDataset
          transforms: ${medical_train.train_transforms}
          load_segmentation: ${scratch.enable_segmentation}
          max_ann_per_img: 500000
          multiplier: 1
          training: true
          use_all_frames_in_train: false
          allow_ptr_remap: true
          num_stages_sample: 8
          stage_stride_min: 1
          stage_stride_max: 1
          random_reverse_time_axis: false
          use_caching: false
          img_folder: /anvil/projects/x-cis250950/converted_cvpr_biomedsegfm
          ann_file: /anvil/projects/x-cis250950/converted_cvpr_biomedsegfm/annotations/unified_sam3_annotations/cvpr_train_all/train_all_US3D_US_Cardiac_sam3_video.json
          coco_json_loader:
            _target_: sam3.train.data.coco_json_loaders.SAM3_VIDEO_API_FROM_JSON
            _partial_: true
        - _target_: sam3.train.data.sam3_video_dataset.VideoGroundingDataset
          transforms: ${medical_train.train_transforms}
          load_segmentation: ${scratch.enable_segmentation}
          max_ann_per_img: 500000
          multiplier: 1
          training: true
          use_all_frames_in_train: false
          allow_ptr_remap: true
          num_stages_sample: 8
          stage_stride_min: 1
          stage_stride_max: 1
          random_reverse_time_axis: false
          use_caching: false
          img_folder: /anvil/projects/x-cis250950/converted_cvpr_biomedsegfm
          ann_file: /anvil/projects/x-cis250950/converted_cvpr_biomedsegfm/annotations/unified_sam3_annotations/cvpr_train_all/train_all_US3D_US_Low-limb-Leg_sam3_video.json
          coco_json_loader:
            _target_: sam3.train.data.coco_json_loaders.SAM3_VIDEO_API_FROM_JSON
            _partial_: true
        - _target_: sam3.train.data.sam3_video_dataset.VideoGroundingDataset
          transforms: ${medical_train.train_transforms}
          load_segmentation: ${scratch.enable_segmentation}
          max_ann_per_img: 500000
          multiplier: 1
          training: true
          use_all_frames_in_train: false
          allow_ptr_remap: true
          num_stages_sample: 8
          stage_stride_min: 1
          stage_stride_max: 1
          random_reverse_time_axis: false
          use_caching: false
          img_folder: /anvil/projects/x-cis250950/converted_cvpr_biomedsegfm
          ann_file: /anvil/projects/x-cis250950/converted_cvpr_biomedsegfm/annotations/unified_sam3_annotations/cvpr_train_all/train_all_US3D_US_RESECT_sam3_video.json
          coco_json_loader:
            _target_: sam3.train.data.coco_json_loaders.SAM3_VIDEO_API_FROM_JSON
            _partial_: true
        - _target_: sam3.train.data.sam3_video_dataset.VideoGroundingDataset
          transforms: ${medical_train.train_transforms}
          load_segmentation: ${scratch.enable_segmentation}
          max_ann_per_img: 500000
          multiplier: 1
          training: true
          use_all_frames_in_train: false
          allow_ptr_remap: true
          num_stages_sample: 8
          stage_stride_min: 1
          stage_stride_max: 1
          random_reverse_time_axis: false
          use_caching: false
          img_folder: /anvil/projects/x-cis250950/converted_cvpr_biomedsegfm
          ann_file: /anvil/projects/x-cis250950/converted_cvpr_biomedsegfm/annotations/unified_sam3_annotations/cvpr_train_all/train_all_US3D_US_SegThy_sam3_video.json
          coco_json_loader:
            _target_: sam3.train.data.coco_json_loaders.SAM3_VIDEO_API_FROM_JSON
            _partial_: true
      shuffle: true
      batch_size: ${scratch.train_batch_size}
      num_workers: ${scratch.num_train_workers}
      pin_memory: true
      drop_last: true
      collate_fn: ${scratch.collate_fn}
    val:
      _target_: sam3.train.data.torch_dataset.TorchDataset
      dataset:
        _target_: torch.utils.data.ConcatDataset
        datasets:
        - _target_: sam3.train.data.sam3_video_dataset.VideoGroundingDataset
          transforms: ${medical_train.val_transforms}
          load_segmentation: ${scratch.enable_segmentation}
          max_ann_per_img: 500000
          max_val_queries: 2000
          multiplier: 1
          training: false
          use_all_frames_in_train: false
          allow_ptr_remap: true
          num_stages_sample: 1
          stage_stride_min: 1
          stage_stride_max: 1
          random_reverse_time_axis: false
          use_caching: false
          img_folder: /anvil/projects/x-cis250950/converted_cvpr_biomedsegfm
          ann_file: /anvil/projects/x-cis250950/converted_cvpr_biomedsegfm/annotations/unified_sam3_annotations/cvpr_train10p/train_10p_CT_CT_AMOS_one_per_cat_sam3_video.json
          coco_json_loader:
            _target_: sam3.train.data.coco_json_loaders.SAM3_VIDEO_API_FROM_JSON
            _partial_: true
        - _target_: sam3.train.data.sam3_video_dataset.VideoGroundingDataset
          transforms: ${medical_train.val_transforms}
          load_segmentation: ${scratch.enable_segmentation}
          max_ann_per_img: 500000
          max_val_queries: 2000
          multiplier: 1
          training: false
          use_all_frames_in_train: false
          allow_ptr_remap: true
          num_stages_sample: 1
          stage_stride_min: 1
          stage_stride_max: 1
          random_reverse_time_axis: false
          use_caching: false
          img_folder: /anvil/projects/x-cis250950/converted_cvpr_biomedsegfm
          ann_file: /anvil/projects/x-cis250950/converted_cvpr_biomedsegfm/annotations/unified_sam3_annotations/cvpr_train10p/train_10p_CT_CT_KidneyTumor_one_per_cat_sam3_video.json
          coco_json_loader:
            _target_: sam3.train.data.coco_json_loaders.SAM3_VIDEO_API_FROM_JSON
            _partial_: true
        - _target_: sam3.train.data.sam3_video_dataset.VideoGroundingDataset
          transforms: ${medical_train.val_transforms}
          load_segmentation: ${scratch.enable_segmentation}
          max_ann_per_img: 500000
          max_val_queries: 2000
          multiplier: 1
          training: false
          use_all_frames_in_train: false
          allow_ptr_remap: true
          num_stages_sample: 1
          stage_stride_min: 1
          stage_stride_max: 1
          random_reverse_time_axis: false
          use_caching: false
          img_folder: /anvil/projects/x-cis250950/converted_cvpr_biomedsegfm
          ann_file: /anvil/projects/x-cis250950/converted_cvpr_biomedsegfm/annotations/unified_sam3_annotations/cvpr_train10p/train_10p_MR_MR_Heart_ACDC_one_per_cat_sam3_video.json
          coco_json_loader:
            _target_: sam3.train.data.coco_json_loaders.SAM3_VIDEO_API_FROM_JSON
            _partial_: true
        - _target_: sam3.train.data.sam3_video_dataset.VideoGroundingDataset
          transforms: ${medical_train.val_transforms}
          load_segmentation: ${scratch.enable_segmentation}
          max_ann_per_img: 500000
          max_val_queries: 2000
          multiplier: 1
          training: false
          use_all_frames_in_train: false
          allow_ptr_remap: true
          num_stages_sample: 1
          stage_stride_min: 1
          stage_stride_max: 1
          random_reverse_time_axis: false
          use_caching: false
          img_folder: /anvil/projects/x-cis250950/converted_cvpr_biomedsegfm
          ann_file: /anvil/projects/x-cis250950/converted_cvpr_biomedsegfm/annotations/unified_sam3_annotations/cvpr_train10p/train_10p_MR_MR_BraTS-T1c_one_per_cat_sam3_video.json
          coco_json_loader:
            _target_: sam3.train.data.coco_json_loaders.SAM3_VIDEO_API_FROM_JSON
            _partial_: true
        - _target_: sam3.train.data.sam3_video_dataset.VideoGroundingDataset
          transforms: ${medical_train.val_transforms}
          load_segmentation: ${scratch.enable_segmentation}
          max_ann_per_img: 500000
          max_val_queries: 2000
          multiplier: 1
          training: false
          use_all_frames_in_train: false
          allow_ptr_remap: true
          num_stages_sample: 1
          stage_stride_min: 1
          stage_stride_max: 1
          random_reverse_time_axis: false
          use_caching: false
          img_folder: /anvil/projects/x-cis250950/converted_cvpr_biomedsegfm
          ann_file: /anvil/projects/x-cis250950/converted_cvpr_biomedsegfm/annotations/unified_sam3_annotations/cvpr_train10p/train_10p_PET_autoPET_one_per_cat_sam3_video.json
          coco_json_loader:
            _target_: sam3.train.data.coco_json_loaders.SAM3_VIDEO_API_FROM_JSON
            _partial_: true
        - _target_: sam3.train.data.sam3_video_dataset.VideoGroundingDataset
          transforms: ${medical_train.val_transforms}
          load_segmentation: ${scratch.enable_segmentation}
          max_ann_per_img: 500000
          max_val_queries: 2000
          multiplier: 1
          training: false
          use_all_frames_in_train: false
          allow_ptr_remap: true
          num_stages_sample: 1
          stage_stride_min: 1
          stage_stride_max: 1
          random_reverse_time_axis: false
          use_caching: false
          img_folder: /anvil/projects/x-cis250950/converted_cvpr_biomedsegfm
          ann_file: /anvil/projects/x-cis250950/converted_cvpr_biomedsegfm/annotations/unified_sam3_annotations/cvpr_train10p/train_10p_Microscopy_Microscopy_cremi_one_per_cat_sam3_video.json
          coco_json_loader:
            _target_: sam3.train.data.coco_json_loaders.SAM3_VIDEO_API_FROM_JSON
            _partial_: true
      shuffle: false
      batch_size: ${scratch.val_batch_size}
      num_workers: ${scratch.num_val_workers}
      pin_memory: true
      drop_last: false
      collate_fn: ${scratch.collate_fn_val}
  model:
    _target_: sam3.model_builder.build_sam3_video_model
    bpe_path: ${paths.bpe_path}
    matcher: ${scratch.matcher}
    device: cuda
    compile: false
    has_presence_token: true
    geo_encoder_use_img_cross_attn: true
    apply_temporal_disambiguation: true
    training_mode: true
    checkpoint_path: /anvil/projects/x-cis250950/sam3/experiments/sam3_stage0.pt
    load_from_HF: false
  meters: null
  optim:
    amp:
      enabled: true
      amp_dtype: bfloat16
    optimizer:
      _target_: torch.optim.AdamW
    gradient_clip:
      _target_: sam3.train.optim.optimizer.GradientClipper
      max_norm: 0.1
      norm_type: 2
    options:
      lr:
      - scheduler:
          _target_: sam3.train.optim.schedulers.InverseSquareRootParamScheduler
          base_lr: ${scratch.lr_decoder}
          timescale: 10
          warmup_steps: 100
          cooldown_steps: 50
        param_names:
        - detector.segmentation_head.*
        - detector.transformer.decoder.*
        - detector.dot_prod_scoring.*
        - tracker.sam_mask_decoder.*
      - scheduler:
          _target_: sam3.train.optim.schedulers.InverseSquareRootParamScheduler
          base_lr: ${scratch.lr_vision_backbone}
          timescale: 10
          warmup_steps: 100
          cooldown_steps: 50
        param_names:
        - detector.backbone.vision_backbone.*
        - tracker.maskmem_backbone.*
        layer_decay: ${scratch.lrd_vision_backbone}
      - scheduler:
          _target_: sam3.train.optim.schedulers.InverseSquareRootParamScheduler
          base_lr: ${scratch.lr_language_backbone}
          timescale: 10
          warmup_steps: 100
          cooldown_steps: 50
        param_names:
        - detector.backbone.language_backbone.*
      - scheduler:
          _target_: sam3.train.optim.schedulers.InverseSquareRootParamScheduler
          base_lr: ${scratch.lr_prompt_encoder}
          timescale: 10
          warmup_steps: 100
          cooldown_steps: 50
        param_names:
        - detector.geometry_encoder.*
      - scheduler:
          _target_: fvcore.common.param_scheduler.ConstantParamScheduler
          value: 1.0e-05
        param_names:
        - detector.transformer.encoder.*
        - tracker.transformer.encoder.*
      weight_decay:
      - scheduler:
          _target_: fvcore.common.param_scheduler.ConstantParamScheduler
          value: ${scratch.wd}
      - scheduler:
          _target_: fvcore.common.param_scheduler.ConstantParamScheduler
          value: 0.0
        param_names:
        - '*bias*'
        module_cls_names:
        - torch.nn.LayerNorm
  checkpoint:
    save_dir: ${launcher.experiment_log_dir}/checkpoints
    save_freq: 1
  logging:
    tensorboard_writer:
      _target_: sam3.train.utils.logger.make_tensorboard_logger
      log_dir: ${launcher.experiment_log_dir}/tensorboard
      flush_secs: 120
      should_log: true
    wandb_writer: null
    log_dir: ${launcher.experiment_log_dir}/logs
    log_freq: 50
launcher:
  num_nodes: 1
  gpus_per_node: 1
  experiment_log_dir: ${paths.experiment_log_dir}
  multiprocessing_context: forkserver
submitit:
  account: null
  partition: null
  qos: null
  timeout_hour: 24
  use_cluster: false
  cpus_per_task: 16
  port_range:
  - 10000
  - 65000

############################################################
Experiment Log Dir:
/anvil/projects/x-cis250950/sam3/experiments/medsam3_stage1_train_all_unified
INFO 2026-05-27 15:52:49,022 train_utils.py: 105: MACHINE SEED: 420
INFO 2026-05-27 15:52:49,138 train_utils.py: 151: Logging ENV_VARIABLES
INFO 2026-05-27 15:52:49,138 train_utils.py: 152: AI_AGENT=claude-code_2-1-152_agent
ALLOCATION=cis250950
APPLICATION_INSIGHTS_NO_STATSBEAT=true
APPTAINER_UNSHARE_IPC=1
BASH_FUNC_ml%%=() {  eval $($LMOD_DIR/ml_cmd "$@")
}
BASH_FUNC_module%%=() {  eval $($LMOD_CMD bash "$@") && eval $(${LMOD_SETTARG_CMD:-:} -s sh)
}
BASH_FUNC_which%%=() {  ( alias;
 eval ${which_declare} ) | /usr/bin/which --tty-only --read-alias --read-functions --show-tilde --show-dot $@
}
BROWSER=/home/x-tding2/.vscode-server/cli/servers/Stable-f6cfa2ea2403534de03f069bdf160d06451ed282/server/bin/helpers/browser.sh
CC=mpicc
CLAUDECODE=1
CLAUDE_AGENT_SDK_VERSION=0.3.152
CLAUDE_CODE_ENABLE_SDK_FILE_CHECKPOINTING=true
CLAUDE_CODE_ENABLE_TASKS=0
CLAUDE_CODE_ENTRYPOINT=claude-vscode
CLAUDE_CODE_EXECPATH=/home/x-tding2/.vscode-server/extensions/anthropic.claude-code-2.1.152-linux-x64/resources/native-binary/claude
CLAUDE_CODE_SESSION_ID=b6703986-3763-4bfc-b9eb-3f27924104a5
CLAUDE_EFFORT=high
CLUSTER_PROJECT=/anvil/projects/x-cis250950
CLUSTER_SCRATCH=/anvil/scratch/x-tding2
CLUSTER_WORK=/anvil/projects/x-cis250950
CMAKE_PREFIX_PATH=/apps/spack/anvil/apps/openmpi/4.0.6-gcc-11.2.0-3navcwb:/apps/spack/anvil/apps/numactl/2.0.14-gcc-11.2.0-wrjotmv:/apps/spack/anvil/apps/libfabric/1.12.0-gcc-8.4.1-xj6lmd4:/apps/spack/anvil/apps/gcc/11.2.0-gcc-8.4.1-qjtdkvs:/apps/spack/anvil/apps/zlib/1.2.11-gcc-11.2.0-g2guo73:/apps/spack/anvil/apps/mpc/1.1.0-gcc-8.4.1-dh4xij5:/apps/spack/anvil/apps/mpfr/4.0.2-gcc-11.2.0-ke4ellj:/apps/spack/anvil/apps/gmp/6.2.1-gcc-11.2.0-trpptvt
COMPILER_PATH=/apps/anvil/external/apps/xalt2/xalt/xalt/bin
COPILOT_OTEL_ENABLED=true
COPILOT_OTEL_EXPORTER_TYPE=file
COPILOT_OTEL_FILE_EXPORTER_PATH=/dev/null
COREPACK_ENABLE_AUTO_PIN=0
CPATH=/apps/spack/anvil/apps/openmpi/4.0.6-gcc-11.2.0-3navcwb/include:/apps/spack/anvil/apps/numactl/2.0.14-gcc-11.2.0-wrjotmv/include:/apps/spack/anvil/apps/libfabric/1.12.0-gcc-8.4.1-xj6lmd4/include:/apps/spack/anvil/apps/gcc/11.2.0-gcc-8.4.1-qjtdkvs/include:/apps/spack/anvil/apps/zlib/1.2.11-gcc-11.2.0-g2guo73/include:/apps/spack/anvil/apps/mpc/1.1.0-gcc-8.4.1-dh4xij5/include:/apps/spack/anvil/apps/mpfr/4.0.2-gcc-11.2.0-ke4ellj/include:/apps/spack/anvil/apps/gmp/6.2.1-gcc-11.2.0-trpptvt/include
CUDA_MODULE_LOADING=LAZY
CUDA_VISIBLE_DEVICES=0,1,2,3
CXX=mpiCC
DEBUGINFOD_URLS=https://debuginfod.centos.org/ 
ELECTRON_RUN_AS_NODE=1
ENVIRONMENT=BATCH
F77=mpif77
F90=mpif90
F95=/apps/spack/anvil/apps/gcc/11.2.0-gcc-8.4.1-qjtdkvs/bin/gfortran
FC=mpif90
FPATH=/opt/lmod/lmod/init/ksh_funcs
GCC_HOME=/apps/spack/anvil/apps/gcc/11.2.0-gcc-8.4.1-qjtdkvs
GIT_EDITOR=true
GMP_HOME=/apps/spack/anvil/apps/gmp/6.2.1-gcc-11.2.0-trpptvt
GPU_DEVICE_ORDINAL=0,1,2,3
HISTCONTROL=ignoredups
HISTSIZE=1000
HOME=/home/x-tding2
HOSTNAME=h014
HYDRA_BOOTSTRAP=slurm
HYDRA_FULL_ERROR=1
HYDRA_LAUNCHER_EXTRA_ARGS=--external-launcher
I_MPI_HYDRA_BOOTSTRAP=slurm
I_MPI_HYDRA_BOOTSTRAP_EXEC_EXTRA_ARGS=--external-launcher
LANG=en_US.UTF-8
LD_LIBRARY_PATH=/apps/spack/anvil/apps/openmpi/4.0.6-gcc-11.2.0-3navcwb/lib:/apps/spack/anvil/apps/numactl/2.0.14-gcc-11.2.0-wrjotmv/lib:/apps/spack/anvil/apps/libfabric/1.12.0-gcc-8.4.1-xj6lmd4/lib:/apps/spack/anvil/apps/gcc/11.2.0-gcc-8.4.1-qjtdkvs/lib64:/apps/spack/anvil/apps/gcc/11.2.0-gcc-8.4.1-qjtdkvs/lib:/apps/spack/anvil/apps/zlib/1.2.11-gcc-11.2.0-g2guo73/lib:/apps/spack/anvil/apps/mpc/1.1.0-gcc-8.4.1-dh4xij5/lib:/apps/spack/anvil/apps/mpfr/4.0.2-gcc-11.2.0-ke4ellj/lib:/apps/spack/anvil/apps/gmp/6.2.1-gcc-11.2.0-trpptvt/lib
LESSOPEN=||/usr/bin/lesspipe.sh %s
LIBFABRIC_HOME=/apps/spack/anvil/apps/libfabric/1.12.0-gcc-8.4.1-xj6lmd4
LIBRARY_PATH=/apps/spack/anvil/apps/openmpi/4.0.6-gcc-11.2.0-3navcwb/lib:/apps/spack/anvil/apps/numactl/2.0.14-gcc-11.2.0-wrjotmv/lib:/apps/spack/anvil/apps/libfabric/1.12.0-gcc-8.4.1-xj6lmd4/lib:/apps/spack/anvil/apps/gcc/11.2.0-gcc-8.4.1-qjtdkvs/lib64:/apps/spack/anvil/apps/gcc/11.2.0-gcc-8.4.1-qjtdkvs/lib:/apps/spack/anvil/apps/zlib/1.2.11-gcc-11.2.0-g2guo73/lib:/apps/spack/anvil/apps/mpc/1.1.0-gcc-8.4.1-dh4xij5/lib:/apps/spack/anvil/apps/mpfr/4.0.2-gcc-11.2.0-ke4ellj/lib:/apps/spack/anvil/apps/gmp/6.2.1-gcc-11.2.0-trpptvt/lib
LMOD_ADMIN_FILE=/opt/lmod/lmod/admin.list
LMOD_AVAIL_STYLE=grouped:system
LMOD_CMD=/opt/lmod/lmod/libexec/lmod
LMOD_DIR=/opt/lmod/lmod/libexec
LMOD_FAMILY_COMPILER=gcc
LMOD_FAMILY_COMPILER_VERSION=11.2.0
LMOD_FAMILY_MPI=openmpi
LMOD_FAMILY_MPI_VERSION=4.0.6
LMOD_MPI_NAME=openmpi
LMOD_MPI_VERSION=4.0.6-3navcwb
LMOD_PKG=/opt/lmod/lmod
LMOD_ROOT=/opt/lmod
LMOD_SETTARG_FULL_SUPPORT=no
LMOD_SYSTEM_DEFAULT_MODULES=modtree/cpu
LMOD_VERSION=8.5.20
LOADEDMODULES=gmp/6.2.1:mpfr/4.0.2:mpc/1.1.0:zlib/1.2.11:gcc/11.2.0:libfabric/1.12.0:numactl/2.0.14:openmpi/4.0.6:xalt/2.10.45:modtree/cpu
LOCAL_RANK=0
LOGNAME=x-tding2
MAIL=/var/spool/mail/x-tding2
MANPATH=:/apps/spack/anvil/apps/openmpi/4.0.6-gcc-11.2.0-3navcwb/share/man:/apps/spack/anvil/apps/numactl/2.0.14-gcc-11.2.0-wrjotmv/share/man:/apps/spack/anvil/apps/libfabric/1.12.0-gcc-8.4.1-xj6lmd4/share/man:/apps/spack/anvil/apps/gcc/11.2.0-gcc-8.4.1-qjtdkvs/share/man:/apps/spack/anvil/apps/zlib/1.2.11-gcc-11.2.0-g2guo73/share/man::/opt/puppetlabs/puppet/share/man:/opt/thinlinc/share/man
MASTER_ADDR=localhost
MASTER_PORT=19908
MCP_CONNECTION_NONBLOCKING=true
MODULEPATH=/opt/spack/cpu-20211007/openmpi/4.0.6-3navcwb/gcc/11.2.0:/opt/spack/cpu-20211007/gcc/11.2.0:/opt/spack/cpu/Core
MODULEPATH_ROOT=/opt/spack/cpu
MODULESHOME=/opt/lmod/lmod
MPC_HOME=/apps/spack/anvil/apps/mpc/1.1.0-gcc-8.4.1-dh4xij5
MPFR_HOME=/apps/spack/anvil/apps/mpfr/4.0.2-gcc-11.2.0-ke4ellj
MPICC=/apps/spack/anvil/apps/openmpi/4.0.6-gcc-11.2.0-3navcwb/bin/mpicc
MPICXX=/apps/spack/anvil/apps/openmpi/4.0.6-gcc-11.2.0-3navcwb/bin/mpic++
MPIF77=/apps/spack/anvil/apps/openmpi/4.0.6-gcc-11.2.0-3navcwb/bin/mpif77
MPIF90=/apps/spack/anvil/apps/openmpi/4.0.6-gcc-11.2.0-3navcwb/bin/mpif90
MPI_HOME=/apps/spack/anvil/apps/openmpi/4.0.6-gcc-11.2.0-3navcwb
NETDATA_CACHE_DIR=/var/cache/netdata
NETDATA_STOCK_CONFIG_DIR=/usr/lib/netdata/conf.d
NETDATA_USER_CONFIG_DIR=/etc/netdata
NETDATA_VARLIB_DIR=/var/lib/netdata
NUMACTL_HOME=/apps/spack/anvil/apps/numactl/2.0.14-gcc-11.2.0-wrjotmv
NoDefaultCurrentDirectoryInExePath=1
OLDPWD=/anvil/projects/x-cis250950
OMPI_MCA_btl=^vader,tcp,openib,uct
OMPI_MCA_btl_openib_warn_default_gid_prefix=0
OMPI_MCA_btl_openib_warn_no_device_params_found=0
OMPI_MCA_btl_openib_warn_nonexistent_if=0
OMPI_MCA_coll_hcoll_enable=0
OMPI_MCA_hwloc_base_binding_policy=core
OMPI_MCA_oob_tcp_if_include=ib0
OMPI_MCA_osc=ucx
OMPI_MCA_plm_slurm_args=--external-launcher
OMPI_MCA_pml=ucx
OMPI_MCA_rmaps_base_mapping_policy=core
OMPI_MCA_spml=ucx
OPENMPI_HOME=/apps/spack/anvil/apps/openmpi/4.0.6-gcc-11.2.0-3navcwb
PATH=/usr/bin:/home/x-tding2/.vscode-server/cli/servers/Stable-f6cfa2ea2403534de03f069bdf160d06451ed282/server/bin/remote-cli:/apps/anvil/external/apps/xalt2/xalt/xalt/bin:/apps/spack/anvil/apps/openmpi/4.0.6-gcc-11.2.0-3navcwb/bin:/apps/spack/anvil/apps/numactl/2.0.14-gcc-11.2.0-wrjotmv/bin:/apps/spack/anvil/apps/libfabric/1.12.0-gcc-8.4.1-xj6lmd4/bin:/apps/spack/anvil/apps/gcc/11.2.0-gcc-8.4.1-qjtdkvs/bin:/home/x-tding2/bin:/home/x-tding2/.local/bin:/usr/libexec/gsissh/bin:/usr/local/bin:/usr/bin:/usr/local/sbin:/usr/sbin:/opt/puppetlabs/bin:/usr/site/rcac/sbin:/usr/site/rcac/bin:/usr/site/rcac/scripts:/opt/thinlinc/bin:/opt/thinlinc/sbin:/anvil/projects/x-cis250950/tding/envs/sam3/lib/python3.12/site-packages/decord:/anvil/projects/x-cis250950/tding/envs/sam3/lib/python3.12/site-packages/decord
PDSH_RCMD_TYPE=ssh
PKG_CONFIG_PATH=/apps/spack/anvil/apps/openmpi/4.0.6-gcc-11.2.0-3navcwb/lib/pkgconfig:/apps/spack/anvil/apps/numactl/2.0.14-gcc-11.2.0-wrjotmv/lib/pkgconfig:/apps/spack/anvil/apps/libfabric/1.12.0-gcc-8.4.1-xj6lmd4/lib/pkgconfig:/apps/spack/anvil/apps/zlib/1.2.11-gcc-11.2.0-g2guo73/lib/pkgconfig:/apps/spack/anvil/apps/mpfr/4.0.2-gcc-11.2.0-ke4ellj/lib/pkgconfig:/apps/spack/anvil/apps/gmp/6.2.1-gcc-11.2.0-trpptvt/lib/pkgconfig
PROJECT=/anvil/projects/x-cis250950
PRTE_MCA_plm_slurm_args=--external-launcher
PWD=/anvil/projects/x-cis250950/sam3
RANK=0
RCAC_CLUSTER=anvil
RCAC_CLUSTER_DOMAIN=rcac.purdue.edu
RCAC_GCC_ROOT=/apps/spack/anvil/apps/gcc/11.2.0-gcc-8.4.1-qjtdkvs
RCAC_GCC_VERSION=11.2.0
RCAC_GMP_ROOT=/apps/spack/anvil/apps/gmp/6.2.1-gcc-11.2.0-trpptvt
RCAC_GMP_VERSION=6.2.1
RCAC_LIBFABRIC_ROOT=/apps/spack/anvil/apps/libfabric/1.12.0-gcc-8.4.1-xj6lmd4
RCAC_LIBFABRIC_VERSION=1.12.0
RCAC_MPC_ROOT=/apps/spack/anvil/apps/mpc/1.1.0-gcc-8.4.1-dh4xij5
RCAC_MPC_VERSION=1.1.0
RCAC_MPFR_ROOT=/apps/spack/anvil/apps/mpfr/4.0.2-gcc-11.2.0-ke4ellj
RCAC_MPFR_VERSION=4.0.2
RCAC_NUMACTL_ROOT=/apps/spack/anvil/apps/numactl/2.0.14-gcc-11.2.0-wrjotmv
RCAC_NUMACTL_VERSION=2.0.14
RCAC_OPENMPI_ROOT=/apps/spack/anvil/apps/openmpi/4.0.6-gcc-11.2.0-3navcwb
RCAC_OPENMPI_VERSION=4.0.6
RCAC_PROJECT=/anvil/projects/x-cis250950
RCAC_SCRATCH=/anvil/scratch/x-tding2
RCAC_SPACK_MODROOT=/opt/spack/cpu
RCAC_WORK=/anvil/projects/x-cis250950
RCAC_ZLIB_ROOT=/apps/spack/anvil/apps/zlib/1.2.11-gcc-11.2.0-g2guo73
RCAC_ZLIB_VERSION=1.2.11
ROCR_VISIBLE_DEVICES=0,1,2,3
SBATCH_IGNORE_PBS=yes
SCRATCH=/anvil/scratch/x-tding2
SHELL=/bin/bash
SHLVL=6
SLURMD_NODENAME=h014
SLURM_CLUSTER_NAME=anvil
SLURM_CONF=/var/spool/slurm/conf-cache/slurm.conf
SLURM_CPUS_ON_NODE=64
SLURM_CPUS_PER_TASK=16
SLURM_GPUS_ON_NODE=4
SLURM_GPUS_PER_NODE=4
SLURM_GTIDS=0
SLURM_JOBID=17707099
SLURM_JOB_ACCOUNT=cis250950-ai
SLURM_JOB_CPUS_PER_NODE=64
SLURM_JOB_END_TIME=1780084135
SLURM_JOB_GID=7009135
SLURM_JOB_GPUS=0,1,2,3
SLURM_JOB_ID=17707099
SLURM_JOB_NAME=medsam3_stage1
SLURM_JOB_NODELIST=h014
SLURM_JOB_NUM_NODES=1
SLURM_JOB_PARTITION=ai
SLURM_JOB_QOS=ai
SLURM_JOB_START_TIME=1779911335
SLURM_JOB_UID=7961171
SLURM_JOB_USER=x-tding2
SLURM_LOCALID=0
SLURM_NNODES=1
SLURM_NODEID=0
SLURM_NODELIST=h014
SLURM_NPROCS=4
SLURM_NTASKS=4
SLURM_NTASKS_PER_NODE=4
SLURM_OOM_KILL_STEP=0
SLURM_PRIO_PROCESS=0
SLURM_PROCID=0
SLURM_SCRIPT_CONTEXT=prolog_task
SLURM_SUBMIT_DIR=/anvil/projects/x-cis250950
SLURM_SUBMIT_HOST=login02.anvil.rcac.purdue.edu
SLURM_TASKS_PER_NODE=4
SLURM_TASK_PID=366842
SLURM_TOPOLOGY_ADDR=ibsw[23-32].ibsw35.h014
SLURM_TOPOLOGY_ADDR_PATTERN=switch.switch.node
SLURM_TRES_PER_TASK=cpu=16
SQUEUE_FORMAT=%12i %14u %13a %16j %.5D %.6C %.11l %.2t %M
SSH_ASKPASS=/usr/libexec/openssh/gnome-ssh-askpass
SSH_CLIENT=208.64.158.49 3606 22
SSH_CONNECTION=208.64.158.49 3606 128.211.133.142 22
TMPDIR=/tmp
TOKENIZERS_PARALLELISM=false
TORCH_NCCL_ASYNC_ERROR_HANDLING=1
UCX_NET_DEVICES=mlx5_0:1
UCX_PROTO_ENABLE=n
USER=x-tding2
VIRTUAL_ENV=/usr
VSCODE_AGENT_FOLDER=/home/x-tding2/.vscode-server
VSCODE_CLI_REQUIRE_TOKEN=38f2354c-8519-4664-9178-6ab516ee59c7
VSCODE_CWD=/home/x-tding2
VSCODE_ESM_ENTRYPOINT=vs/workbench/api/node/extensionHostProcess
VSCODE_HANDLES_SIGPIPE=true
VSCODE_HANDLES_UNCAUGHT_ERRORS=true
VSCODE_IPC_HOOK_CLI=/run/user/7961171/vscode-ipc-add0b03b-0621-4eb9-8a52-064bcfa786ef.sock
VSCODE_NLS_CONFIG={"userLocale":"en","osLocale":"en","resolvedLanguage":"en","defaultMessagesFile":"/home/x-tding2/.vscode-server/cli/servers/Stable-f6cfa2ea2403534de03f069bdf160d06451ed282/server/out/nls.messages.json","locale":"en","availableLanguages":{}}
VSCODE_RECONNECTION_GRACE_TIME=10800000
WORK=/anvil/projects/x-cis250950
WORLD_SIZE=4
XALT_DIR=/apps/anvil/external/apps/xalt2/xalt/xalt
XALT_EXECUTABLE_TRACKING=yes
XALT_SAMPLING=yes
XDG_SESSION_ID=239190
ZE_AFFINITY_MASK=0,1,2,3
ZLIB_HOME=/apps/spack/anvil/apps/zlib/1.2.11-gcc-11.2.0-g2guo73
_=/anvil/projects/x-cis250950/tding/envs/sam3/bin/python
_LMFILES_=/opt/spack/cpu-20211007/gcc/11.2.0/gmp/6.2.1.lua:/opt/spack/cpu-20211007/gcc/11.2.0/mpfr/4.0.2.lua:/opt/spack/cpu/Core/mpc/1.1.0.lua:/opt/spack/cpu-20211007/gcc/11.2.0/zlib/1.2.11.lua:/opt/spack/cpu/Core/gcc/11.2.0.lua:/opt/spack/cpu/Core/libfabric/1.12.0.lua:/opt/spack/cpu-20211007/gcc/11.2.0/numactl/2.0.14.lua:/opt/spack/cpu-20211007/gcc/11.2.0/openmpi/4.0.6.lua:/opt/spack/cpu/Core/xalt/2.10.45.lua:/opt/spack/cpu/Core/modtree/cpu.lua
_ModuleTable001_=X01vZHVsZVRhYmxlXyA9IHsKTVR2ZXJzaW9uID0gMywKY19yZWJ1aWxkVGltZSA9IGZhbHNlLApjX3Nob3J0VGltZSA9IGZhbHNlLApkZXB0aFQgPSB7fSwKZmFtaWx5ID0gewpjb21waWxlciA9ICJnY2MiLAptcGkgPSAib3Blbm1waSIsCn0sCm1UID0gewpnY2MgPSB7CmZuID0gIi9vcHQvc3BhY2svY3B1L0NvcmUvZ2NjLzExLjIuMC5sdWEiLApmdWxsTmFtZSA9ICJnY2MvMTEuMi4wIiwKbG9hZE9yZGVyID0gNSwKcHJvcFQgPSB7fSwKc3RhY2tEZXB0aCA9IDEsCnN0YXR1cyA9ICJhY3RpdmUiLAp1c2VyTmFtZSA9ICJnY2MvMTEuMi4wIiwKd1YgPSAiXjAwMDAwMDExLjAwMDAwMDAwMi4qemZpbmFsIiwKfSwKZ21wID0gewpmbiA9ICIvb3B0L3NwYWNrL2NwdS0yMDIxMTAw
_ModuleTable002_=Ny9nY2MvMTEuMi4wL2dtcC82LjIuMS5sdWEiLApmdWxsTmFtZSA9ICJnbXAvNi4yLjEiLApsb2FkT3JkZXIgPSAxLApwcm9wVCA9IHt9LApyZWZfY291bnQgPSAzLApzdGFja0RlcHRoID0gMiwKc3RhdHVzID0gImFjdGl2ZSIsCnVzZXJOYW1lID0gImdtcC82LjIuMSIsCndWID0gIjAwMDAwMDAwNi4wMDAwMDAwMDIuMDAwMDAwMDAxLip6ZmluYWwiLAp9LApsaWJmYWJyaWMgPSB7CmZuID0gIi9vcHQvc3BhY2svY3B1L0NvcmUvbGliZmFicmljLzEuMTIuMC5sdWEiLApmdWxsTmFtZSA9ICJsaWJmYWJyaWMvMS4xMi4wIiwKbG9hZE9yZGVyID0gNiwKcHJvcFQgPSB7fSwKcmVmX2NvdW50ID0gMSwKc3RhY2tEZXB0aCA9IDIsCnN0YXR1cyA9ICJhY3RpdmUiLAp1c2VyTmFtZSA9
_ModuleTable003_=ICJsaWJmYWJyaWMvMS4xMi4wIiwKd1YgPSAiMDAwMDAwMDAxLjAwMDAwMDAxMi4qemZpbmFsIiwKfSwKbW9kdHJlZSA9IHsKZm4gPSAiL29wdC9zcGFjay9jcHUvQ29yZS9tb2R0cmVlL2NwdS5sdWEiLApmdWxsTmFtZSA9ICJtb2R0cmVlL2NwdSIsCmxvYWRPcmRlciA9IDEwLApwcm9wVCA9IHt9LApzdGFja0RlcHRoID0gMCwKc3RhdHVzID0gImFjdGl2ZSIsCnVzZXJOYW1lID0gIm1vZHRyZWUvY3B1IiwKd1YgPSAiKmNwdS4qemZpbmFsIiwKfSwKbXBjID0gewpmbiA9ICIvb3B0L3NwYWNrL2NwdS9Db3JlL21wYy8xLjEuMC5sdWEiLApmdWxsTmFtZSA9ICJtcGMvMS4xLjAiLApsb2FkT3JkZXIgPSAzLApwcm9wVCA9IHt9LApyZWZfY291bnQgPSAxLApzdGFja0RlcHRoID0g
_ModuleTable004_=MiwKc3RhdHVzID0gImFjdGl2ZSIsCnVzZXJOYW1lID0gIm1wYy8xLjEuMCIsCndWID0gIjAwMDAwMDAwMS4wMDAwMDAwMDEuKnpmaW5hbCIsCn0sCm1wZnIgPSB7CmZuID0gIi9vcHQvc3BhY2svY3B1LTIwMjExMDA3L2djYy8xMS4yLjAvbXBmci80LjAuMi5sdWEiLApmdWxsTmFtZSA9ICJtcGZyLzQuMC4yIiwKbG9hZE9yZGVyID0gMiwKcHJvcFQgPSB7fSwKcmVmX2NvdW50ID0gMiwKc3RhY2tEZXB0aCA9IDMsCnN0YXR1cyA9ICJhY3RpdmUiLAp1c2VyTmFtZSA9ICJtcGZyLzQuMC4yIiwKd1YgPSAiMDAwMDAwMDA0LjAwMDAwMDAwMC4wMDAwMDAwMDIuKnpmaW5hbCIsCn0sCm51bWFjdGwgPSB7CmZuID0gIi9vcHQvc3BhY2svY3B1LTIwMjExMDA3L2djYy8xMS4yLjAvbnVt
_ModuleTable005_=YWN0bC8yLjAuMTQubHVhIiwKZnVsbE5hbWUgPSAibnVtYWN0bC8yLjAuMTQiLApsb2FkT3JkZXIgPSA3LApwcm9wVCA9IHt9LApyZWZfY291bnQgPSAxLApzdGFja0RlcHRoID0gMiwKc3RhdHVzID0gImFjdGl2ZSIsCnVzZXJOYW1lID0gIm51bWFjdGwvMi4wLjE0IiwKd1YgPSAiMDAwMDAwMDAyLjAwMDAwMDAwMC4wMDAwMDAwMTQuKnpmaW5hbCIsCn0sCm9wZW5tcGkgPSB7CmZuID0gIi9vcHQvc3BhY2svY3B1LTIwMjExMDA3L2djYy8xMS4yLjAvb3Blbm1waS80LjAuNi5sdWEiLApmdWxsTmFtZSA9ICJvcGVubXBpLzQuMC42IiwKbG9hZE9yZGVyID0gOCwKcHJvcFQgPSB7fSwKc3RhY2tEZXB0aCA9IDEsCnN0YXR1cyA9ICJhY3RpdmUiLAp1c2VyTmFtZSA9ICJvcGVubXBp
_ModuleTable006_=LzQuMC42IiwKd1YgPSAiXjAwMDAwMDA0LjAwMDAwMDAwMC4wMDAwMDAwMDYuKnpmaW5hbCIsCn0sCnhhbHQgPSB7CmZuID0gIi9vcHQvc3BhY2svY3B1L0NvcmUveGFsdC8yLjEwLjQ1Lmx1YSIsCmZ1bGxOYW1lID0gInhhbHQvMi4xMC40NSIsCmxvYWRPcmRlciA9IDksCnByb3BUID0gewpsbW9kID0gewpzdGlja3kgPSAxLAp9LAp9LApzdGFja0RlcHRoID0gMSwKc3RhdHVzID0gImFjdGl2ZSIsCnVzZXJOYW1lID0gInhhbHQiLAp3ViA9ICIwMDAwMDAwMDIuMDAwMDAwMDEwLjAwMDAwMDA0NS4qemZpbmFsIiwKfSwKemxpYiA9IHsKZm4gPSAiL29wdC9zcGFjay9jcHUtMjAyMTEwMDcvZ2NjLzExLjIuMC96bGliLzEuMi4xMS5sdWEiLApmdWxsTmFtZSA9ICJ6bGliLzEuMi4x
_ModuleTable007_=MSIsCmxvYWRPcmRlciA9IDQsCnByb3BUID0ge30sCnJlZl9jb3VudCA9IDIsCnN0YWNrRGVwdGggPSAyLApzdGF0dXMgPSAiYWN0aXZlIiwKdXNlck5hbWUgPSAiemxpYi8xLjIuMTEiLAp3ViA9ICIwMDAwMDAwMDEuMDAwMDAwMDAyLjAwMDAwMDAxMS4qemZpbmFsIiwKfSwKfSwKbXBhdGhBID0gewoiL29wdC9zcGFjay9jcHUtMjAyMTEwMDcvb3Blbm1waS80LjAuNi0zbmF2Y3diL2djYy8xMS4yLjAiCiwgIi9vcHQvc3BhY2svY3B1LTIwMjExMDA3L2djYy8xMS4yLjAiLCAiL29wdC9zcGFjay9jcHUvQ29yZSIsCn0sCnN5c3RlbUJhc2VNUEFUSCA9ICIvb3B0L3NwYWNrL2NwdS9Db3JlIiwKfQo=
_ModuleTable_Sz_=7
__Init_Default_Modules=1
__LMOD_Priority_PATH=/apps/anvil/external/apps/xalt2/xalt/xalt/bin:-100
__LMOD_REF_COUNT_CMAKE_PREFIX_PATH=/apps/spack/anvil/apps/openmpi/4.0.6-gcc-11.2.0-3navcwb:1;/apps/spack/anvil/apps/numactl/2.0.14-gcc-11.2.0-wrjotmv:1;/apps/spack/anvil/apps/libfabric/1.12.0-gcc-8.4.1-xj6lmd4:1;/apps/spack/anvil/apps/gcc/11.2.0-gcc-8.4.1-qjtdkvs:1;/apps/spack/anvil/apps/zlib/1.2.11-gcc-11.2.0-g2guo73:1;/apps/spack/anvil/apps/mpc/1.1.0-gcc-8.4.1-dh4xij5:1;/apps/spack/anvil/apps/mpfr/4.0.2-gcc-11.2.0-ke4ellj:1;/apps/spack/anvil/apps/gmp/6.2.1-gcc-11.2.0-trpptvt:1
__LMOD_REF_COUNT_COMPILER_PATH=/apps/anvil/external/apps/xalt2/xalt/xalt/bin:1
__LMOD_REF_COUNT_CPATH=/apps/spack/anvil/apps/openmpi/4.0.6-gcc-11.2.0-3navcwb/include:1;/apps/spack/anvil/apps/numactl/2.0.14-gcc-11.2.0-wrjotmv/include:1;/apps/spack/anvil/apps/libfabric/1.12.0-gcc-8.4.1-xj6lmd4/include:1;/apps/spack/anvil/apps/gcc/11.2.0-gcc-8.4.1-qjtdkvs/include:1;/apps/spack/anvil/apps/zlib/1.2.11-gcc-11.2.0-g2guo73/include:1;/apps/spack/anvil/apps/mpc/1.1.0-gcc-8.4.1-dh4xij5/include:1;/apps/spack/anvil/apps/mpfr/4.0.2-gcc-11.2.0-ke4ellj/include:1;/apps/spack/anvil/apps/gmp/6.2.1-gcc-11.2.0-trpptvt/include:1
__LMOD_REF_COUNT_LD_LIBRARY_PATH=/apps/spack/anvil/apps/openmpi/4.0.6-gcc-11.2.0-3navcwb/lib:1;/apps/spack/anvil/apps/numactl/2.0.14-gcc-11.2.0-wrjotmv/lib:1;/apps/spack/anvil/apps/libfabric/1.12.0-gcc-8.4.1-xj6lmd4/lib:1;/apps/spack/anvil/apps/gcc/11.2.0-gcc-8.4.1-qjtdkvs/lib64:1;/apps/spack/anvil/apps/gcc/11.2.0-gcc-8.4.1-qjtdkvs/lib:1;/apps/spack/anvil/apps/zlib/1.2.11-gcc-11.2.0-g2guo73/lib:1;/apps/spack/anvil/apps/mpc/1.1.0-gcc-8.4.1-dh4xij5/lib:1;/apps/spack/anvil/apps/mpfr/4.0.2-gcc-11.2.0-ke4ellj/lib:1;/apps/spack/anvil/apps/gmp/6.2.1-gcc-11.2.0-trpptvt/lib:1
__LMOD_REF_COUNT_LD_PRELOAD=/apps/anvil/external/apps/xalt2/xalt/xalt/lib64/libxalt_init.so:1
__LMOD_REF_COUNT_LIBRARY_PATH=/apps/spack/anvil/apps/openmpi/4.0.6-gcc-11.2.0-3navcwb/lib:1;/apps/spack/anvil/apps/numactl/2.0.14-gcc-11.2.0-wrjotmv/lib:1;/apps/spack/anvil/apps/libfabric/1.12.0-gcc-8.4.1-xj6lmd4/lib:1;/apps/spack/anvil/apps/gcc/11.2.0-gcc-8.4.1-qjtdkvs/lib64:1;/apps/spack/anvil/apps/gcc/11.2.0-gcc-8.4.1-qjtdkvs/lib:1;/apps/spack/anvil/apps/zlib/1.2.11-gcc-11.2.0-g2guo73/lib:1;/apps/spack/anvil/apps/mpc/1.1.0-gcc-8.4.1-dh4xij5/lib:1;/apps/spack/anvil/apps/mpfr/4.0.2-gcc-11.2.0-ke4ellj/lib:1;/apps/spack/anvil/apps/gmp/6.2.1-gcc-11.2.0-trpptvt/lib:1
__LMOD_REF_COUNT_LOADEDMODULES=gmp/6.2.1:1;mpfr/4.0.2:1;mpc/1.1.0:1;zlib/1.2.11:1;gcc/11.2.0:1;libfabric/1.12.0:1;numactl/2.0.14:1;openmpi/4.0.6:1;xalt/2.10.45:1;modtree/cpu:1
__LMOD_REF_COUNT_MANPATH=/apps/spack/anvil/apps/openmpi/4.0.6-gcc-11.2.0-3navcwb/share/man:1;/apps/spack/anvil/apps/numactl/2.0.14-gcc-11.2.0-wrjotmv/share/man:1;/apps/spack/anvil/apps/libfabric/1.12.0-gcc-8.4.1-xj6lmd4/share/man:1;/apps/spack/anvil/apps/gcc/11.2.0-gcc-8.4.1-qjtdkvs/share/man:1;/apps/spack/anvil/apps/zlib/1.2.11-gcc-11.2.0-g2guo73/share/man:1;/opt/puppetlabs/puppet/share/man:1;/opt/thinlinc/share/man:1
__LMOD_REF_COUNT_MODULEPATH=/opt/spack/cpu-20211007/openmpi/4.0.6-3navcwb/gcc/11.2.0:1;/opt/spack/cpu-20211007/gcc/11.2.0:1;/opt/spack/cpu/Core:1
__LMOD_REF_COUNT_PATH=/apps/anvil/external/apps/xalt2/xalt/xalt/bin:1;/apps/spack/anvil/apps/openmpi/4.0.6-gcc-11.2.0-3navcwb/bin:1;/apps/spack/anvil/apps/numactl/2.0.14-gcc-11.2.0-wrjotmv/bin:1;/apps/spack/anvil/apps/libfabric/1.12.0-gcc-8.4.1-xj6lmd4/bin:1;/apps/spack/anvil/apps/gcc/11.2.0-gcc-8.4.1-qjtdkvs/bin:1;/home/x-tding2/bin:1;/home/x-tding2/.local/bin:1;/usr/libexec/gsissh/bin:1;/usr/local/bin:1;/usr/bin:1;/usr/local/sbin:1;/usr/sbin:1;/opt/puppetlabs/bin:1;/usr/site/rcac/sbin:1;/usr/site/rcac/bin:1;/usr/site/rcac/scripts:1;/opt/thinlinc/bin:1;/opt/thinlinc/sbin:1
__LMOD_REF_COUNT_PKG_CONFIG_PATH=/apps/spack/anvil/apps/openmpi/4.0.6-gcc-11.2.0-3navcwb/lib/pkgconfig:1;/apps/spack/anvil/apps/numactl/2.0.14-gcc-11.2.0-wrjotmv/lib/pkgconfig:1;/apps/spack/anvil/apps/libfabric/1.12.0-gcc-8.4.1-xj6lmd4/lib/pkgconfig:1;/apps/spack/anvil/apps/zlib/1.2.11-gcc-11.2.0-g2guo73/lib/pkgconfig:1;/apps/spack/anvil/apps/mpfr/4.0.2-gcc-11.2.0-ke4ellj/lib/pkgconfig:1;/apps/spack/anvil/apps/gmp/6.2.1-gcc-11.2.0-trpptvt/lib/pkgconfig:1
__LMOD_REF_COUNT_XALT_DIR=/apps/anvil/external/apps/xalt2/xalt/xalt:1
__LMOD_REF_COUNT__LMFILES_=/opt/spack/cpu-20211007/gcc/11.2.0/gmp/6.2.1.lua:1;/opt/spack/cpu-20211007/gcc/11.2.0/mpfr/4.0.2.lua:1;/opt/spack/cpu/Core/mpc/1.1.0.lua:1;/opt/spack/cpu-20211007/gcc/11.2.0/zlib/1.2.11.lua:1;/opt/spack/cpu/Core/gcc/11.2.0.lua:1;/opt/spack/cpu/Core/libfabric/1.12.0.lua:1;/opt/spack/cpu-20211007/gcc/11.2.0/numactl/2.0.14.lua:1;/opt/spack/cpu-20211007/gcc/11.2.0/openmpi/4.0.6.lua:1;/opt/spack/cpu/Core/xalt/2.10.45.lua:1;/opt/spack/cpu/Core/modtree/cpu.lua:1
__LMOD_SET_FPATH=1
which_declare=declare -f

INFO 2026-05-27 15:52:49,176 trainer.py:1145: Setting up components: Model, loss, optim, meters etc.
INFO 2026-05-27 15:52:49,176 logger.py:  61: TensorBoard SummaryWriter instantiated. Files will be stored in: /anvil/projects/x-cis250950/sam3/experiments/medsam3_stage1_train_all_unified/tensorboard
Training Mode Enabled: Tunable parameters: 860.06M / 860.06M
INFO 2026-05-27 15:53:19,973 trainer.py:1247: ====================
INFO 2026-05-27 15:53:19,973 trainer.py:1248: Summary for model <class 'sam3.model.sam3_video_training_model.Sam3VideoTrainingModel'>
INFO 2026-05-27 15:53:19,977 trainer.py:1249: Model is Sam3VideoTrainingModel(
  (detector): Sam3ImageOnVideoMultiGPU(
    (backbone): SAM3VLBackbone(
      (vision_backbone): Sam3DualViTDetNeck(
        (trunk): ViT(
          (patch_embed): PatchEmbed(
            (proj): Conv2d(3, 1024, kernel_size=(14, 14), stride=(14, 14), bias=False)
          )
          (blocks): ModuleList(
            (0): Block(
              (norm1): LayerNorm((1024,), eps=1e-05, elementwise_affine=True)
              (attn): Attention(
                (qkv): Linear(in_features=1024, out_features=3072, bias=True)
                (proj): Linear(in_features=1024, out_features=1024, bias=True)
              )
              (ls1): Identity()
              (drop_path): Identity()
              (norm2): LayerNorm((1024,), eps=1e-05, elementwise_affine=True)
              (mlp): Mlp(
                (fc1): Linear(in_features=1024, out_features=4736, bias=True)
                (act): GELU(approximate='none')
                (drop1): Dropout(p=0.0, inplace=False)
                (norm): Identity()
                (fc2): Linear(in_features=4736, out_features=1024, bias=True)
                (drop2): Dropout(p=0.0, inplace=False)
              )
              (ls2): Identity()
              (dropout): Dropout(p=0.0, inplace=False)
            )
            (1): Block(
              (norm1): LayerNorm((1024,), eps=1e-05, elementwise_affine=True)
              (attn): Attention(
                (qkv): Linear(in_features=1024, out_features=3072, bias=True)
                (proj): Linear(in_features=1024, out_features=1024, bias=True)
              )
              (ls1): Identity()
              (drop_path): DropPath(drop_prob=0.003)
              (norm2): LayerNorm((1024,), eps=1e-05, elementwise_affine=True)
              (mlp): Mlp(
                (fc1): Linear(in_features=1024, out_features=4736, bias=True)
                (act): GELU(approximate='none')
                (drop1): Dropout(p=0.0, inplace=False)
                (norm): Identity()
                (fc2): Linear(in_features=4736, out_features=1024, bias=True)
                (drop2): Dropout(p=0.0, inplace=False)
              )
              (ls2): Identity()
              (dropout): Dropout(p=0.0, inplace=False)
            )
            (2): Block(
              (norm1): LayerNorm((1024,), eps=1e-05, elementwise_affine=True)
              (attn): Attention(
                (qkv): Linear(in_features=1024, out_features=3072, bias=True)
                (proj): Linear(in_features=1024, out_features=1024, bias=True)
              )
              (ls1): Identity()
              (drop_path): DropPath(drop_prob=0.006)
              (norm2): LayerNorm((1024,), eps=1e-05, elementwise_affine=True)
              (mlp): Mlp(
                (fc1): Linear(in_features=1024, out_features=4736, bias=True)
                (act): GELU(approximate='none')
                (drop1): Dropout(p=0.0, inplace=False)
                (norm): Identity()
                (fc2): Linear(in_features=4736, out_features=1024, bias=True)
                (drop2): Dropout(p=0.0, inplace=False)
              )
              (ls2): Identity()
              (dropout): Dropout(p=0.0, inplace=False)
            )
            (3): Block(
              (norm1): LayerNorm((1024,), eps=1e-05, elementwise_affine=True)
              (attn): Attention(
                (qkv): Linear(in_features=1024, out_features=3072, bias=True)
                (proj): Linear(in_features=1024, out_features=1024, bias=True)
              )
              (ls1): Identity()
              (drop_path): DropPath(drop_prob=0.010)
              (norm2): LayerNorm((1024,), eps=1e-05, elementwise_affine=True)
              (mlp): Mlp(
                (fc1): Linear(in_features=1024, out_features=4736, bias=True)
                (act): GELU(approximate='none')
                (drop1): Dropout(p=0.0, inplace=False)
                (norm): Identity()
                (fc2): Linear(in_features=4736, out_features=1024, bias=True)
                (drop2): Dropout(p=0.0, inplace=False)
              )
              (ls2): Identity()
              (dropout): Dropout(p=0.0, inplace=False)
            )
            (4): Block(
              (norm1): LayerNorm((1024,), eps=1e-05, elementwise_affine=True)
              (attn): Attention(
                (qkv): Linear(in_features=1024, out_features=3072, bias=True)
                (proj): Linear(in_features=1024, out_features=1024, bias=True)
              )
              (ls1): Identity()
              (drop_path): DropPath(drop_prob=0.013)
              (norm2): LayerNorm((1024,), eps=1e-05, elementwise_affine=True)
              (mlp): Mlp(
                (fc1): Linear(in_features=1024, out_features=4736, bias=True)
                (act): GELU(approximate='none')
                (drop1): Dropout(p=0.0, inplace=False)
                (norm): Identity()
                (fc2): Linear(in_features=4736, out_features=1024, bias=True)
                (drop2): Dropout(p=0.0, inplace=False)
              )
              (ls2): Identity()
              (dropout): Dropout(p=0.0, inplace=False)
            )
            (5): Block(
              (norm1): LayerNorm((1024,), eps=1e-05, elementwise_affine=True)
              (attn): Attention(
                (qkv): Linear(in_features=1024, out_features=3072, bias=True)
                (proj): Linear(in_features=1024, out_features=1024, bias=True)
              )
              (ls1): Identity()
              (drop_path): DropPath(drop_prob=0.016)
              (norm2): LayerNorm((1024,), eps=1e-05, elementwise_affine=True)
              (mlp): Mlp(
                (fc1): Linear(in_features=1024, out_features=4736, bias=True)
                (act): GELU(approximate='none')
                (drop1): Dropout(p=0.0, inplace=False)
                (norm): Identity()
                (fc2): Linear(in_features=4736, out_features=1024, bias=True)
                (drop2): Dropout(p=0.0, inplace=False)
              )
              (ls2): Identity()
              (dropout): Dropout(p=0.0, inplace=False)
            )
            (6): Block(
              (norm1): LayerNorm((1024,), eps=1e-05, elementwise_affine=True)
              (attn): Attention(
                (qkv): Linear(in_features=1024, out_features=3072, bias=True)
                (proj): Linear(in_features=1024, out_features=1024, bias=True)
              )
              (ls1): Identity()
              (drop_path): DropPath(drop_prob=0.019)
              (norm2): LayerNorm((1024,), eps=1e-05, elementwise_affine=True)
              (mlp): Mlp(
                (fc1): Linear(in_features=1024, out_features=4736, bias=True)
                (act): GELU(approximate='none')
                (drop1): Dropout(p=0.0, inplace=False)
                (norm): Identity()
                (fc2): Linear(in_features=4736, out_features=1024, bias=True)
                (drop2): Dropout(p=0.0, inplace=False)
              )
              (ls2): Identity()
              (dropout): Dropout(p=0.0, inplace=False)
            )
            (7): Block(
              (norm1): LayerNorm((1024,), eps=1e-05, elementwise_affine=True)
              (attn): Attention(
                (qkv): Linear(in_features=1024, out_features=3072, bias=True)
                (proj): Linear(in_features=1024, out_features=1024, bias=True)
              )
              (ls1): Identity()
              (drop_path): DropPath(drop_prob=0.023)
              (norm2): LayerNorm((1024,), eps=1e-05, elementwise_affine=True)
              (mlp): Mlp(
                (fc1): Linear(in_features=1024, out_features=4736, bias=True)
                (act): GELU(approximate='none')
                (drop1): Dropout(p=0.0, inplace=False)
                (norm): Identity()
                (fc2): Linear(in_features=4736, out_features=1024, bias=True)
                (drop2): Dropout(p=0.0, inplace=False)
              )
              (ls2): Identity()
              (dropout): Dropout(p=0.0, inplace=False)
            )
            (8): Block(
              (norm1): LayerNorm((1024,), eps=1e-05, elementwise_affine=True)
              (attn): Attention(
                (qkv): Linear(in_features=1024, out_features=3072, bias=True)
                (proj): Linear(in_features=1024, out_features=1024, bias=True)
              )
              (ls1): Identity()
              (drop_path): DropPath(drop_prob=0.026)
              (norm2): LayerNorm((1024,), eps=1e-05, elementwise_affine=True)
              (mlp): Mlp(
                (fc1): Linear(in_features=1024, out_features=4736, bias=True)
                (act): GELU(approximate='none')
                (drop1): Dropout(p=0.0, inplace=False)
                (norm): Identity()
                (fc2): Linear(in_features=4736, out_features=1024, bias=True)
                (drop2): Dropout(p=0.0, inplace=False)
              )
              (ls2): Identity()
              (dropout): Dropout(p=0.0, inplace=False)
            )
            (9): Block(
              (norm1): LayerNorm((1024,), eps=1e-05, elementwise_affine=True)
              (attn): Attention(
                (qkv): Linear(in_features=1024, out_features=3072, bias=True)
                (proj): Linear(in_features=1024, out_features=1024, bias=True)
              )
              (ls1): Identity()
              (drop_path): DropPath(drop_prob=0.029)
              (norm2): LayerNorm((1024,), eps=1e-05, elementwise_affine=True)
              (mlp): Mlp(
                (fc1): Linear(in_features=1024, out_features=4736, bias=True)
                (act): GELU(approximate='none')
                (drop1): Dropout(p=0.0, inplace=False)
                (norm): Identity()
                (fc2): Linear(in_features=4736, out_features=1024, bias=True)
                (drop2): Dropout(p=0.0, inplace=False)
              )
              (ls2): Identity()
              (dropout): Dropout(p=0.0, inplace=False)
            )
            (10): Block(
              (norm1): LayerNorm((1024,), eps=1e-05, elementwise_affine=True)
              (attn): Attention(
                (qkv): Linear(in_features=1024, out_features=3072, bias=True)
                (proj): Linear(in_features=1024, out_features=1024, bias=True)
              )
              (ls1): Identity()
              (drop_path): DropPath(drop_prob=0.032)
              (norm2): LayerNorm((1024,), eps=1e-05, elementwise_affine=True)
              (mlp): Mlp(
                (fc1): Linear(in_features=1024, out_features=4736, bias=True)
                (act): GELU(approximate='none')
                (drop1): Dropout(p=0.0, inplace=False)
                (norm): Identity()
                (fc2): Linear(in_features=4736, out_features=1024, bias=True)
                (drop2): Dropout(p=0.0, inplace=False)
              )
              (ls2): Identity()
              (dropout): Dropout(p=0.0, inplace=False)
            )
            (11): Block(
              (norm1): LayerNorm((1024,), eps=1e-05, elementwise_affine=True)
              (attn): Attention(
                (qkv): Linear(in_features=1024, out_features=3072, bias=True)
                (proj): Linear(in_features=1024, out_features=1024, bias=True)
              )
              (ls1): Identity()
              (drop_path): DropPath(drop_prob=0.035)
              (norm2): LayerNorm((1024,), eps=1e-05, elementwise_affine=True)
              (mlp): Mlp(
                (fc1): Linear(in_features=1024, out_features=4736, bias=True)
                (act): GELU(approximate='none')
                (drop1): Dropout(p=0.0, inplace=False)
                (norm): Identity()
                (fc2): Linear(in_features=4736, out_features=1024, bias=True)
                (drop2): Dropout(p=0.0, inplace=False)
              )
              (ls2): Identity()
              (dropout): Dropout(p=0.0, inplace=False)
            )
            (12): Block(
              (norm1): LayerNorm((1024,), eps=1e-05, elementwise_affine=True)
              (attn): Attention(
                (qkv): Linear(in_features=1024, out_features=3072, bias=True)
                (proj): Linear(in_features=1024, out_features=1024, bias=True)
              )
              (ls1): Identity()
              (drop_path): DropPath(drop_prob=0.039)
              (norm2): LayerNorm((1024,), eps=1e-05, elementwise_affine=True)
              (mlp): Mlp(
                (fc1): Linear(in_features=1024, out_features=4736, bias=True)
                (act): GELU(approximate='none')
                (drop1): Dropout(p=0.0, inplace=False)
                (norm): Identity()
                (fc2): Linear(in_features=4736, out_features=1024, bias=True)
                (drop2): Dropout(p=0.0, inplace=False)
              )
              (ls2): Identity()
              (dropout): Dropout(p=0.0, inplace=False)
            )
            (13): Block(
              (norm1): LayerNorm((1024,), eps=1e-05, elementwise_affine=True)
              (attn): Attention(
                (qkv): Linear(in_features=1024, out_features=3072, bias=True)
                (proj): Linear(in_features=1024, out_features=1024, bias=True)
              )
              (ls1): Identity()
              (drop_path): DropPath(drop_prob=0.042)
              (norm2): LayerNorm((1024,), eps=1e-05, elementwise_affine=True)
              (mlp): Mlp(
                (fc1): Linear(in_features=1024, out_features=4736, bias=True)
                (act): GELU(approximate='none')
                (drop1): Dropout(p=0.0, inplace=False)
                (norm): Identity()
                (fc2): Linear(in_features=4736, out_features=1024, bias=True)
                (drop2): Dropout(p=0.0, inplace=False)
              )
              (ls2): Identity()
              (dropout): Dropout(p=0.0, inplace=False)
            )
            (14): Block(
              (norm1): LayerNorm((1024,), eps=1e-05, elementwise_affine=True)
              (attn): Attention(
                (qkv): Linear(in_features=1024, out_features=3072, bias=True)
                (proj): Linear(in_features=1024, out_features=1024, bias=True)
              )
              (ls1): Identity()
              (drop_path): DropPath(drop_prob=0.045)
              (norm2): LayerNorm((1024,), eps=1e-05, elementwise_affine=True)
              (mlp): Mlp(
                (fc1): Linear(in_features=1024, out_features=4736, bias=True)
                (act): GELU(approximate='none')
                (drop1): Dropout(p=0.0, inplace=False)
                (norm): Identity()
                (fc2): Linear(in_features=4736, out_features=1024, bias=True)
                (drop2): Dropout(p=0.0, inplace=False)
              )
              (ls2): Identity()
              (dropout): Dropout(p=0.0, inplace=False)
            )
            (15): Block(
              (norm1): LayerNorm((1024,), eps=1e-05, elementwise_affine=True)
              (attn): Attention(
                (qkv): Linear(in_features=1024, out_features=3072, bias=True)
                (proj): Linear(in_features=1024, out_features=1024, bias=True)
              )
              (ls1): Identity()
              (drop_path): DropPath(drop_prob=0.048)
              (norm2): LayerNorm((1024,), eps=1e-05, elementwise_affine=True)
              (mlp): Mlp(
                (fc1): Linear(in_features=1024, out_features=4736, bias=True)
                (act): GELU(approximate='none')
                (drop1): Dropout(p=0.0, inplace=False)
                (norm): Identity()
                (fc2): Linear(in_features=4736, out_features=1024, bias=True)
                (drop2): Dropout(p=0.0, inplace=False)
              )
              (ls2): Identity()
              (dropout): Dropout(p=0.0, inplace=False)
            )
            (16): Block(
              (norm1): LayerNorm((1024,), eps=1e-05, elementwise_affine=True)
              (attn): Attention(
                (qkv): Linear(in_features=1024, out_features=3072, bias=True)
                (proj): Linear(in_features=1024, out_features=1024, bias=True)
              )
              (ls1): Identity()
              (drop_path): DropPath(drop_prob=0.052)
              (norm2): LayerNorm((1024,), eps=1e-05, elementwise_affine=True)
              (mlp): Mlp(
                (fc1): Linear(in_features=1024, out_features=4736, bias=True)
                (act): GELU(approximate='none')
                (drop1): Dropout(p=0.0, inplace=False)
                (norm): Identity()
                (fc2): Linear(in_features=4736, out_features=1024, bias=True)
                (drop2): Dropout(p=0.0, inplace=False)
              )
              (ls2): Identity()
              (dropout): Dropout(p=0.0, inplace=False)
            )
            (17): Block(
              (norm1): LayerNorm((1024,), eps=1e-05, elementwise_affine=True)
              (attn): Attention(
                (qkv): Linear(in_features=1024, out_features=3072, bias=True)
                (proj): Linear(in_features=1024, out_features=1024, bias=True)
              )
              (ls1): Identity()
              (drop_path): DropPath(drop_prob=0.055)
              (norm2): LayerNorm((1024,), eps=1e-05, elementwise_affine=True)
              (mlp): Mlp(
                (fc1): Linear(in_features=1024, out_features=4736, bias=True)
                (act): GELU(approximate='none')
                (drop1): Dropout(p=0.0, inplace=False)
                (norm): Identity()
                (fc2): Linear(in_features=4736, out_features=1024, bias=True)
                (drop2): Dropout(p=0.0, inplace=False)
              )
              (ls2): Identity()
              (dropout): Dropout(p=0.0, inplace=False)
            )
            (18): Block(
              (norm1): LayerNorm((1024,), eps=1e-05, elementwise_affine=True)
              (attn): Attention(
                (qkv): Linear(in_features=1024, out_features=3072, bias=True)
                (proj): Linear(in_features=1024, out_features=1024, bias=True)
              )
              (ls1): Identity()
              (drop_path): DropPath(drop_prob=0.058)
              (norm2): LayerNorm((1024,), eps=1e-05, elementwise_affine=True)
              (mlp): Mlp(
                (fc1): Linear(in_features=1024, out_features=4736, bias=True)
                (act): GELU(approximate='none')
                (drop1): Dropout(p=0.0, inplace=False)
                (norm): Identity()
                (fc2): Linear(in_features=4736, out_features=1024, bias=True)
                (drop2): Dropout(p=0.0, inplace=False)
              )
              (ls2): Identity()
              (dropout): Dropout(p=0.0, inplace=False)
            )
            (19): Block(
              (norm1): LayerNorm((1024,), eps=1e-05, elementwise_affine=True)
              (attn): Attention(
                (qkv): Linear(in_features=1024, out_features=3072, bias=True)
                (proj): Linear(in_features=1024, out_features=1024, bias=True)
              )
              (ls1): Identity()
              (drop_path): DropPath(drop_prob=0.061)
              (norm2): LayerNorm((1024,), eps=1e-05, elementwise_affine=True)
              (mlp): Mlp(
                (fc1): Linear(in_features=1024, out_features=4736, bias=True)
                (act): GELU(approximate='none')
                (drop1): Dropout(p=0.0, inplace=False)
                (norm): Identity()
                (fc2): Linear(in_features=4736, out_features=1024, bias=True)
                (drop2): Dropout(p=0.0, inplace=False)
              )
              (ls2): Identity()
              (dropout): Dropout(p=0.0, inplace=False)
            )
            (20): Block(
              (norm1): LayerNorm((1024,), eps=1e-05, elementwise_affine=True)
              (attn): Attention(
                (qkv): Linear(in_features=1024, out_features=3072, bias=True)
                (proj): Linear(in_features=1024, out_features=1024, bias=True)
              )
              (ls1): Identity()
              (drop_path): DropPath(drop_prob=0.065)
              (norm2): LayerNorm((1024,), eps=1e-05, elementwise_affine=True)
              (mlp): Mlp(
                (fc1): Linear(in_features=1024, out_features=4736, bias=True)
                (act): GELU(approximate='none')
                (drop1): Dropout(p=0.0, inplace=False)
                (norm): Identity()
                (fc2): Linear(in_features=4736, out_features=1024, bias=True)
                (drop2): Dropout(p=0.0, inplace=False)
              )
              (ls2): Identity()
              (dropout): Dropout(p=0.0, inplace=False)
            )
            (21): Block(
              (norm1): LayerNorm((1024,), eps=1e-05, elementwise_affine=True)
              (attn): Attention(
                (qkv): Linear(in_features=1024, out_features=3072, bias=True)
                (proj): Linear(in_features=1024, out_features=1024, bias=True)
              )
              (ls1): Identity()
              (drop_path): DropPath(drop_prob=0.068)
              (norm2): LayerNorm((1024,), eps=1e-05, elementwise_affine=True)
              (mlp): Mlp(
                (fc1): Linear(in_features=1024, out_features=4736, bias=True)
                (act): GELU(approximate='none')
                (drop1): Dropout(p=0.0, inplace=False)
                (norm): Identity()
                (fc2): Linear(in_features=4736, out_features=1024, bias=True)
                (drop2): Dropout(p=0.0, inplace=False)
              )
              (ls2): Identity()
              (dropout): Dropout(p=0.0, inplace=False)
            )
            (22): Block(
              (norm1): LayerNorm((1024,), eps=1e-05, elementwise_affine=True)
              (attn): Attention(
                (qkv): Linear(in_features=1024, out_features=3072, bias=True)
                (proj): Linear(in_features=1024, out_features=1024, bias=True)
              )
              (ls1): Identity()
              (drop_path): DropPath(drop_prob=0.071)
              (norm2): LayerNorm((1024,), eps=1e-05, elementwise_affine=True)
              (mlp): Mlp(
                (fc1): Linear(in_features=1024, out_features=4736, bias=True)
                (act): GELU(approximate='none')
                (drop1): Dropout(p=0.0, inplace=False)
                (norm): Identity()
                (fc2): Linear(in_features=4736, out_features=1024, bias=True)
                (drop2): Dropout(p=0.0, inplace=False)
              )
              (ls2): Identity()
              (dropout): Dropout(p=0.0, inplace=False)
            )
            (23): Block(
              (norm1): LayerNorm((1024,), eps=1e-05, elementwise_affine=True)
              (attn): Attention(
                (qkv): Linear(in_features=1024, out_features=3072, bias=True)
                (proj): Linear(in_features=1024, out_features=1024, bias=True)
              )
              (ls1): Identity()
              (drop_path): DropPath(drop_prob=0.074)
              (norm2): LayerNorm((1024,), eps=1e-05, elementwise_affine=True)
              (mlp): Mlp(
                (fc1): Linear(in_features=1024, out_features=4736, bias=True)
                (act): GELU(approximate='none')
                (drop1): Dropout(p=0.0, inplace=False)
                (norm): Identity()
                (fc2): Linear(in_features=4736, out_features=1024, bias=True)
                (drop2): Dropout(p=0.0, inplace=False)
              )
              (ls2): Identity()
              (dropout): Dropout(p=0.0, inplace=False)
            )
            (24): Block(
              (norm1): LayerNorm((1024,), eps=1e-05, elementwise_affine=True)
              (attn): Attention(
                (qkv): Linear(in_features=1024, out_features=3072, bias=True)
                (proj): Linear(in_features=1024, out_features=1024, bias=True)
              )
              (ls1): Identity()
              (drop_path): DropPath(drop_prob=0.077)
              (norm2): LayerNorm((1024,), eps=1e-05, elementwise_affine=True)
              (mlp): Mlp(
                (fc1): Linear(in_features=1024, out_features=4736, bias=True)
                (act): GELU(approximate='none')
                (drop1): Dropout(p=0.0, inplace=False)
                (norm): Identity()
                (fc2): Linear(in_features=4736, out_features=1024, bias=True)
                (drop2): Dropout(p=0.0, inplace=False)
              )
              (ls2): Identity()
              (dropout): Dropout(p=0.0, inplace=False)
            )
            (25): Block(
              (norm1): LayerNorm((1024,), eps=1e-05, elementwise_affine=True)
              (attn): Attention(
                (qkv): Linear(in_features=1024, out_features=3072, bias=True)
                (proj): Linear(in_features=1024, out_features=1024, bias=True)
              )
              (ls1): Identity()
              (drop_path): DropPath(drop_prob=0.081)
              (norm2): LayerNorm((1024,), eps=1e-05, elementwise_affine=True)
              (mlp): Mlp(
                (fc1): Linear(in_features=1024, out_features=4736, bias=True)
                (act): GELU(approximate='none')
                (drop1): Dropout(p=0.0, inplace=False)
                (norm): Identity()
                (fc2): Linear(in_features=4736, out_features=1024, bias=True)
                (drop2): Dropout(p=0.0, inplace=False)
              )
              (ls2): Identity()
              (dropout): Dropout(p=0.0, inplace=False)
            )
            (26): Block(
              (norm1): LayerNorm((1024,), eps=1e-05, elementwise_affine=True)
              (attn): Attention(
                (qkv): Linear(in_features=1024, out_features=3072, bias=True)
                (proj): Linear(in_features=1024, out_features=1024, bias=True)
              )
              (ls1): Identity()
              (drop_path): DropPath(drop_prob=0.084)
              (norm2): LayerNorm((1024,), eps=1e-05, elementwise_affine=True)
              (mlp): Mlp(
                (fc1): Linear(in_features=1024, out_features=4736, bias=True)
                (act): GELU(approximate='none')
                (drop1): Dropout(p=0.0, inplace=False)
                (norm): Identity()
                (fc2): Linear(in_features=4736, out_features=1024, bias=True)
                (drop2): Dropout(p=0.0, inplace=False)
              )
              (ls2): Identity()
              (dropout): Dropout(p=0.0, inplace=False)
            )
            (27): Block(
              (norm1): LayerNorm((1024,), eps=1e-05, elementwise_affine=True)
              (attn): Attention(
                (qkv): Linear(in_features=1024, out_features=3072, bias=True)
                (proj): Linear(in_features=1024, out_features=1024, bias=True)
              )
              (ls1): Identity()
              (drop_path): DropPath(drop_prob=0.087)
              (norm2): LayerNorm((1024,), eps=1e-05, elementwise_affine=True)
              (mlp): Mlp(
                (fc1): Linear(in_features=1024, out_features=4736, bias=True)
                (act): GELU(approximate='none')
                (drop1): Dropout(p=0.0, inplace=False)
                (norm): Identity()
                (fc2): Linear(in_features=4736, out_features=1024, bias=True)
                (drop2): Dropout(p=0.0, inplace=False)
              )
              (ls2): Identity()
              (dropout): Dropout(p=0.0, inplace=False)
            )
            (28): Block(
              (norm1): LayerNorm((1024,), eps=1e-05, elementwise_affine=True)
              (attn): Attention(
                (qkv): Linear(in_features=1024, out_features=3072, bias=True)
                (proj): Linear(in_features=1024, out_features=1024, bias=True)
              )
              (ls1): Identity()
              (drop_path): DropPath(drop_prob=0.090)
              (norm2): LayerNorm((1024,), eps=1e-05, elementwise_affine=True)
              (mlp): Mlp(
                (fc1): Linear(in_features=1024, out_features=4736, bias=True)
                (act): GELU(approximate='none')
                (drop1): Dropout(p=0.0, inplace=False)
                (norm): Identity()
                (fc2): Linear(in_features=4736, out_features=1024, bias=True)
                (drop2): Dropout(p=0.0, inplace=False)
              )
              (ls2): Identity()
              (dropout): Dropout(p=0.0, inplace=False)
            )
            (29): Block(
              (norm1): LayerNorm((1024,), eps=1e-05, elementwise_affine=True)
              (attn): Attention(
                (qkv): Linear(in_features=1024, out_features=3072, bias=True)
                (proj): Linear(in_features=1024, out_features=1024, bias=True)
              )
              (ls1): Identity()
              (drop_path): DropPath(drop_prob=0.094)
              (norm2): LayerNorm((1024,), eps=1e-05, elementwise_affine=True)
              (mlp): Mlp(
                (fc1): Linear(in_features=1024, out_features=4736, bias=True)
                (act): GELU(approximate='none')
                (drop1): Dropout(p=0.0, inplace=False)
                (norm): Identity()
                (fc2): Linear(in_features=4736, out_features=1024, bias=True)
                (drop2): Dropout(p=0.0, inplace=False)
              )
              (ls2): Identity()
              (dropout): Dropout(p=0.0, inplace=False)
            )
            (30): Block(
              (norm1): LayerNorm((1024,), eps=1e-05, elementwise_affine=True)
              (attn): Attention(
                (qkv): Linear(in_features=1024, out_features=3072, bias=True)
                (proj): Linear(in_features=1024, out_features=1024, bias=True)
              )
              (ls1): Identity()
              (drop_path): DropPath(drop_prob=0.097)
              (norm2): LayerNorm((1024,), eps=1e-05, elementwise_affine=True)
              (mlp): Mlp(
                (fc1): Linear(in_features=1024, out_features=4736, bias=True)
                (act): GELU(approximate='none')
                (drop1): Dropout(p=0.0, inplace=False)
                (norm): Identity()
                (fc2): Linear(in_features=4736, out_features=1024, bias=True)
                (drop2): Dropout(p=0.0, inplace=False)
              )
              (ls2): Identity()
              (dropout): Dropout(p=0.0, inplace=False)
            )
            (31): Block(
              (norm1): LayerNorm((1024,), eps=1e-05, elementwise_affine=True)
              (attn): Attention(
                (qkv): Linear(in_features=1024, out_features=3072, bias=True)
                (proj): Linear(in_features=1024, out_features=1024, bias=True)
              )
              (ls1): Identity()
              (drop_path): DropPath(drop_prob=0.100)
              (norm2): LayerNorm((1024,), eps=1e-05, elementwise_affine=True)
              (mlp): Mlp(
                (fc1): Linear(in_features=1024, out_features=4736, bias=True)
                (act): GELU(approximate='none')
                (drop1): Dropout(p=0.0, inplace=False)
                (norm): Identity()
                (fc2): Linear(in_features=4736, out_features=1024, bias=True)
                (drop2): Dropout(p=0.0, inplace=False)
              )
              (ls2): Identity()
              (dropout): Dropout(p=0.0, inplace=False)
            )
          )
          (ln_pre): LayerNorm((1024,), eps=1e-05, elementwise_affine=True)
          (ln_post): Identity()
        )
        (position_encoding): PositionEmbeddingSine()
        (convs): ModuleList(
          (0): Sequential(
            (dconv_2x2_0): ConvTranspose2d(1024, 512, kernel_size=(2, 2), stride=(2, 2))
            (gelu): GELU(approximate='none')
            (dconv_2x2_1): ConvTranspose2d(512, 256, kernel_size=(2, 2), stride=(2, 2))
            (conv_1x1): Conv2d(256, 256, kernel_size=(1, 1), stride=(1, 1))
            (conv_3x3): Conv2d(256, 256, kernel_size=(3, 3), stride=(1, 1), padding=(1, 1))
          )
          (1): Sequential(
            (dconv_2x2): ConvTranspose2d(1024, 512, kernel_size=(2, 2), stride=(2, 2))
            (conv_1x1): Conv2d(512, 256, kernel_size=(1, 1), stride=(1, 1))
            (conv_3x3): Conv2d(256, 256, kernel_size=(3, 3), stride=(1, 1), padding=(1, 1))
          )
          (2): Sequential(
            (conv_1x1): Conv2d(1024, 256, kernel_size=(1, 1), stride=(1, 1))
            (conv_3x3): Conv2d(256, 256, kernel_size=(3, 3), stride=(1, 1), padding=(1, 1))
          )
          (3): Sequential(
            (maxpool_2x2): MaxPool2d(kernel_size=2, stride=2, padding=0, dilation=1, ceil_mode=False)
            (conv_1x1): Conv2d(1024, 256, kernel_size=(1, 1), stride=(1, 1))
            (conv_3x3): Conv2d(256, 256, kernel_size=(3, 3), stride=(1, 1), padding=(1, 1))
          )
        )
        (sam2_convs): ModuleList(
          (0): Sequential(
            (dconv_2x2_0): ConvTranspose2d(1024, 512, kernel_size=(2, 2), stride=(2, 2))
            (gelu): GELU(approximate='none')
            (dconv_2x2_1): ConvTranspose2d(512, 256, kernel_size=(2, 2), stride=(2, 2))
            (conv_1x1): Conv2d(256, 256, kernel_size=(1, 1), stride=(1, 1))
            (conv_3x3): Conv2d(256, 256, kernel_size=(3, 3), stride=(1, 1), padding=(1, 1))
          )
          (1): Sequential(
            (dconv_2x2): ConvTranspose2d(1024, 512, kernel_size=(2, 2), stride=(2, 2))
            (conv_1x1): Conv2d(512, 256, kernel_size=(1, 1), stride=(1, 1))
            (conv_3x3): Conv2d(256, 256, kernel_size=(3, 3), stride=(1, 1), padding=(1, 1))
          )
          (2): Sequential(
            (conv_1x1): Conv2d(1024, 256, kernel_size=(1, 1), stride=(1, 1))
            (conv_3x3): Conv2d(256, 256, kernel_size=(3, 3), stride=(1, 1), padding=(1, 1))
          )
          (3): Sequential(
            (maxpool_2x2): MaxPool2d(kernel_size=2, stride=2, padding=0, dilation=1, ceil_mode=False)
            (conv_1x1): Conv2d(1024, 256, kernel_size=(1, 1), stride=(1, 1))
            (conv_3x3): Conv2d(256, 256, kernel_size=(3, 3), stride=(1, 1), padding=(1, 1))
          )
        )
      )
      (language_backbone): VETextEncoder(
        (encoder): TextTransformer(
          (token_embedding): Embedding(49408, 1024)
          (transformer): Transformer(
            (resblocks): ModuleList(
              (0-23): 24 x ResidualAttentionBlock(
                (attn): MultiheadAttention(
                  (out_proj): NonDynamicallyQuantizableLinear(in_features=1024, out_features=1024, bias=True)
                )
                (ln_1): LayerNorm((1024,), eps=1e-05, elementwise_affine=True)
                (ln_2): LayerNorm((1024,), eps=1e-05, elementwise_affine=True)
                (ls_1): Identity()
                (ls_2): Identity()
                (mlp): Sequential(
                  (c_fc): Linear(in_features=1024, out_features=4096, bias=True)
                  (gelu): GELU(approximate='none')
                  (c_proj): Linear(in_features=4096, out_features=1024, bias=True)
                )
              )
            )
          )
          (ln_final): LayerNorm((1024,), eps=1e-05, elementwise_affine=True)
        )
        (resizer): Linear(in_features=1024, out_features=256, bias=True)
      )
    )
    (geometry_encoder): SequenceGeometryEncoder(
      (pos_enc): PositionEmbeddingSine()
      (label_embed): Embedding(2, 256)
      (cls_embed): Embedding(1, 256)
      (points_direct_project): Linear(in_features=2, out_features=256, bias=True)
      (points_pool_project): Linear(in_features=256, out_features=256, bias=True)
      (points_pos_enc_project): Linear(in_features=256, out_features=256, bias=True)
      (boxes_direct_project): Linear(in_features=4, out_features=256, bias=True)
      (boxes_pool_project): Conv2d(256, 256, kernel_size=(7, 7), stride=(1, 1))
      (boxes_pos_enc_project): Linear(in_features=258, out_features=256, bias=True)
      (final_proj): Linear(in_features=256, out_features=256, bias=True)
      (norm): LayerNorm((256,), eps=1e-05, elementwise_affine=True)
      (img_pre_norm): LayerNorm((256,), eps=1e-05, elementwise_affine=True)
      (encode): ModuleList(
        (0-2): 3 x TransformerEncoderLayer(
          (self_attn): MultiheadAttentionWrapper(
            (out_proj): NonDynamicallyQuantizableLinear(in_features=256, out_features=256, bias=True)
          )
          (cross_attn_image): MultiheadAttentionWrapper(
            (out_proj): NonDynamicallyQuantizableLinear(in_features=256, out_features=256, bias=True)
          )
          (linear1): Linear(in_features=256, out_features=2048, bias=True)
          (dropout): Dropout(p=0.1, inplace=False)
          (linear2): Linear(in_features=2048, out_features=256, bias=True)
          (norm1): LayerNorm((256,), eps=1e-05, elementwise_affine=True)
          (norm2): LayerNorm((256,), eps=1e-05, elementwise_affine=True)
          (norm3): LayerNorm((256,), eps=1e-05, elementwise_affine=True)
          (dropout1): Dropout(p=0.1, inplace=False)
          (dropout2): Dropout(p=0.1, inplace=False)
          (dropout3): Dropout(p=0.1, inplace=False)
        )
      )
      (encode_norm): LayerNorm((256,), eps=1e-05, elementwise_affine=True)
    )
    (transformer): TransformerWrapper(
      (encoder): TransformerEncoderFusion(
        (layers): ModuleList(
          (0-5): 6 x TransformerEncoderLayer(
            (self_attn): MultiheadAttentionWrapper(
              (out_proj): NonDynamicallyQuantizableLinear(in_features=256, out_features=256, bias=True)
            )
            (cross_attn_image): MultiheadAttentionWrapper(
              (out_proj): NonDynamicallyQuantizableLinear(in_features=256, out_features=256, bias=True)
            )
            (linear1): Linear(in_features=256, out_features=2048, bias=True)
            (dropout): Dropout(p=0.1, inplace=False)
            (linear2): Linear(in_features=2048, out_features=256, bias=True)
            (norm1): LayerNorm((256,), eps=1e-05, elementwise_affine=True)
            (norm2): LayerNorm((256,), eps=1e-05, elementwise_affine=True)
            (norm3): LayerNorm((256,), eps=1e-05, elementwise_affine=True)
            (dropout1): Dropout(p=0.1, inplace=False)
            (dropout2): Dropout(p=0.1, inplace=False)
            (dropout3): Dropout(p=0.1, inplace=False)
          )
        )
      )
      (decoder): TransformerDecoder(
        (layers): ModuleList(
          (0-5): 6 x TransformerDecoderLayer(
            (cross_attn): MultiheadAttentionWrapper(
              (out_proj): NonDynamicallyQuantizableLinear(in_features=256, out_features=256, bias=True)
            )
            (dropout1): Dropout(p=0.1, inplace=False)
            (norm1): LayerNorm((256,), eps=1e-05, elementwise_affine=True)
            (ca_text): MultiheadAttention(
              (out_proj): NonDynamicallyQuantizableLinear(in_features=256, out_features=256, bias=True)
            )
            (catext_dropout): Dropout(p=0.1, inplace=False)
            (catext_norm): LayerNorm((256,), eps=1e-05, elementwise_affine=True)
            (self_attn): MultiheadAttention(
              (out_proj): NonDynamicallyQuantizableLinear(in_features=256, out_features=256, bias=True)
            )
            (dropout2): Dropout(p=0.1, inplace=False)
            (norm2): LayerNorm((256,), eps=1e-05, elementwise_affine=True)
            (linear1): Linear(in_features=256, out_features=2048, bias=True)
            (dropout3): Dropout(p=0.1, inplace=False)
            (linear2): Linear(in_features=2048, out_features=256, bias=True)
            (dropout4): Dropout(p=0.1, inplace=False)
            (norm3): LayerNorm((256,), eps=1e-05, elementwise_affine=True)
          )
        )
        (norm): LayerNorm((256,), eps=1e-05, elementwise_affine=True)
        (bbox_embed): MLP(
          (layers): ModuleList(
            (0-1): 2 x Linear(in_features=256, out_features=256, bias=True)
            (2): Linear(in_features=256, out_features=4, bias=True)
          )
          (drop): Identity()
          (out_norm): Identity()
        )
        (query_embed): Embedding(200, 256)
        (reference_points): Embedding(200, 4)
        (boxRPB_embed_x): MLP(
          (layers): ModuleList(
            (0): Linear(in_features=2, out_features=256, bias=True)
            (1): Linear(in_features=256, out_features=8, bias=True)
          )
          (drop): Identity()
          (out_norm): Identity()
        )
        (boxRPB_embed_y): MLP(
          (layers): ModuleList(
            (0): Linear(in_features=2, out_features=256, bias=True)
            (1): Linear(in_features=256, out_features=8, bias=True)
          )
          (drop): Identity()
          (out_norm): Identity()
        )
        (presence_token): Embedding(1, 256)
        (presence_token_head): MLP(
          (layers): ModuleList(
            (0-1): 2 x Linear(in_features=256, out_features=256, bias=True)
            (2): Linear(in_features=256, out_features=1, bias=True)
          )
          (drop): Identity()
          (out_norm): Identity()
        )
        (presence_token_out_norm): LayerNorm((256,), eps=1e-05, elementwise_affine=True)
        (ref_point_head): MLP(
          (layers): ModuleList(
            (0): Linear(in_features=512, out_features=256, bias=True)
            (1): Linear(in_features=256, out_features=256, bias=True)
          )
          (drop): Identity()
          (out_norm): Identity()
        )
      )
    )
    (segmentation_head): UniversalSegmentationHead(
      (pixel_decoder): PixelDecoder(
        (conv_layers): ModuleList(
          (0-2): 3 x Conv2d(256, 256, kernel_size=(3, 3), stride=(1, 1), padding=(1, 1))
        )
        (norms): ModuleList(
          (0-2): 3 x GroupNorm(8, 256, eps=1e-05, affine=True)
        )
      )
      (mask_predictor): MaskPredictor(
        (mask_embed): MLP(
          (layers): ModuleList(
            (0-2): 3 x Linear(in_features=256, out_features=256, bias=True)
          )
          (drop): Identity()
          (out_norm): Identity()
        )
      )
      (cross_attend_prompt): MultiheadAttentionWrapper(
        (out_proj): NonDynamicallyQuantizableLinear(in_features=256, out_features=256, bias=True)
      )
      (cross_attn_norm): LayerNorm((256,), eps=1e-05, elementwise_affine=True)
      (semantic_seg_head): Conv2d(256, 1, kernel_size=(1, 1), stride=(1, 1))
      (instance_seg_head): Conv2d(256, 256, kernel_size=(1, 1), stride=(1, 1))
    )
    (dot_prod_scoring): DotProductScoring(
      (prompt_mlp): MLP(
        (layers): ModuleList(
          (0): Linear(in_features=256, out_features=2048, bias=True)
          (1): Linear(in_features=2048, out_features=256, bias=True)
        )
        (drop): Dropout(p=0.1, inplace=False)
        (out_norm): LayerNorm((256,), eps=1e-05, elementwise_affine=True)
      )
      (prompt_proj): Linear(in_features=256, out_features=256, bias=True)
      (hs_proj): Linear(in_features=256, out_features=256, bias=True)
    )
    (matcher): BinaryHungarianMatcherV2(
      (norm): Sigmoid()
    )
  )
  (tracker): Sam3TrackerPredictor(
    (mask_downsample): Conv2d(1, 1, kernel_size=(4, 4), stride=(4, 4))
    (transformer): TransformerWrapper(
      (encoder): TransformerEncoderCrossAttention(
        (layers): ModuleList(
          (0-3): 4 x TransformerDecoderLayerv2(
            (self_attn): RoPEAttention(
              (q_proj): Linear(in_features=256, out_features=256, bias=True)
              (k_proj): Linear(in_features=256, out_features=256, bias=True)
              (v_proj): Linear(in_features=256, out_features=256, bias=True)
              (out_proj): Linear(in_features=256, out_features=256, bias=True)
            )
            (cross_attn_image): RoPEAttention(
              (q_proj): Linear(in_features=256, out_features=256, bias=True)
              (k_proj): Linear(in_features=64, out_features=256, bias=True)
              (v_proj): Linear(in_features=64, out_features=256, bias=True)
              (out_proj): Linear(in_features=256, out_features=256, bias=True)
            )
            (linear1): Linear(in_features=256, out_features=2048, bias=True)
            (dropout): Dropout(p=0.1, inplace=False)
            (linear2): Linear(in_features=2048, out_features=256, bias=True)
            (norm1): LayerNorm((256,), eps=1e-05, elementwise_affine=True)
            (norm2): LayerNorm((256,), eps=1e-05, elementwise_affine=True)
            (norm3): LayerNorm((256,), eps=1e-05, elementwise_affine=True)
            (dropout1): Dropout(p=0.1, inplace=False)
            (dropout2): Dropout(p=0.1, inplace=False)
            (dropout3): Dropout(p=0.1, inplace=False)
          )
        )
        (norm): LayerNorm((256,), eps=1e-05, elementwise_affine=True)
      )
    )
    (maskmem_backbone): SimpleMaskEncoder(
      (mask_downsampler): SimpleMaskDownSampler(
        (encoder): Sequential(
          (0): Conv2d(1, 4, kernel_size=(3, 3), stride=(2, 2), padding=(1, 1))
          (1): LayerNorm2d()
          (2): GELU(approximate='none')
          (3): Conv2d(4, 16, kernel_size=(3, 3), stride=(2, 2), padding=(1, 1))
          (4): LayerNorm2d()
          (5): GELU(approximate='none')
          (6): Conv2d(16, 64, kernel_size=(3, 3), stride=(2, 2), padding=(1, 1))
          (7): LayerNorm2d()
          (8): GELU(approximate='none')
          (9): Conv2d(64, 256, kernel_size=(3, 3), stride=(2, 2), padding=(1, 1))
          (10): LayerNorm2d()
          (11): GELU(approximate='none')
          (12): Conv2d(256, 256, kernel_size=(1, 1), stride=(1, 1))
        )
      )
      (pix_feat_proj): Conv2d(256, 256, kernel_size=(1, 1), stride=(1, 1))
      (fuser): SimpleFuser(
        (proj): Identity()
        (layers): ModuleList(
          (0-1): 2 x CXBlock(
            (dwconv): Conv2d(256, 256, kernel_size=(7, 7), stride=(1, 1), padding=(3, 3), groups=256)
            (norm): LayerNorm2d()
            (pwconv1): Linear(in_features=256, out_features=1024, bias=True)
            (act): GELU(approximate='none')
            (pwconv2): Linear(in_features=1024, out_features=256, bias=True)
            (drop_path): Identity()
          )
        )
      )
      (position_encoding): PositionEmbeddingSine()
      (out_proj): Conv2d(256, 64, kernel_size=(1, 1), stride=(1, 1))
    )
    (sam_prompt_encoder): PromptEncoder(
      (pe_layer): PositionEmbeddingRandom()
      (point_embeddings): ModuleList(
        (0-3): 4 x Embedding(1, 256)
      )
      (not_a_point_embed): Embedding(1, 256)
      (mask_downscaling): Sequential(
        (0): Conv2d(1, 4, kernel_size=(2, 2), stride=(2, 2))
        (1): LayerNorm2d()
        (2): GELU(approximate='none')
        (3): Conv2d(4, 16, kernel_size=(2, 2), stride=(2, 2))
        (4): LayerNorm2d()
        (5): GELU(approximate='none')
        (6): Conv2d(16, 256, kernel_size=(1, 1), stride=(1, 1))
      )
      (no_mask_embed): Embedding(1, 256)
    )
    (sam_mask_decoder): MaskDecoder(
      (transformer): TwoWayTransformer(
        (layers): ModuleList(
          (0-1): 2 x TwoWayAttentionBlock(
            (self_attn): Attention(
              (q_proj): Linear(in_features=256, out_features=256, bias=True)
              (k_proj): Linear(in_features=256, out_features=256, bias=True)
              (v_proj): Linear(in_features=256, out_features=256, bias=True)
              (out_proj): Linear(in_features=256, out_features=256, bias=True)
            )
            (norm1): LayerNorm((256,), eps=1e-05, elementwise_affine=True)
            (cross_attn_token_to_image): Attention(
              (q_proj): Linear(in_features=256, out_features=128, bias=True)
              (k_proj): Linear(in_features=256, out_features=128, bias=True)
              (v_proj): Linear(in_features=256, out_features=128, bias=True)
              (out_proj): Linear(in_features=128, out_features=256, bias=True)
            )
            (norm2): LayerNorm((256,), eps=1e-05, elementwise_affine=True)
            (mlp): MLPBlock(
              (lin1): Linear(in_features=256, out_features=2048, bias=True)
              (lin2): Linear(in_features=2048, out_features=256, bias=True)
              (act): ReLU()
            )
            (norm3): LayerNorm((256,), eps=1e-05, elementwise_affine=True)
            (norm4): LayerNorm((256,), eps=1e-05, elementwise_affine=True)
            (cross_attn_image_to_token): Attention(
              (q_proj): Linear(in_features=256, out_features=128, bias=True)
              (k_proj): Linear(in_features=256, out_features=128, bias=True)
              (v_proj): Linear(in_features=256, out_features=128, bias=True)
              (out_proj): Linear(in_features=128, out_features=256, bias=True)
            )
          )
        )
        (final_attn_token_to_image): Attention(
          (q_proj): Linear(in_features=256, out_features=128, bias=True)
          (k_proj): Linear(in_features=256, out_features=128, bias=True)
          (v_proj): Linear(in_features=256, out_features=128, bias=True)
          (out_proj): Linear(in_features=128, out_features=256, bias=True)
        )
        (norm_final_attn): LayerNorm((256,), eps=1e-05, elementwise_affine=True)
      )
      (iou_token): Embedding(1, 256)
      (mask_tokens): Embedding(4, 256)
      (obj_score_token): Embedding(1, 256)
      (output_upscaling): Sequential(
        (0): ConvTranspose2d(256, 64, kernel_size=(2, 2), stride=(2, 2))
        (1): LayerNorm2d()
        (2): GELU(approximate='none')
        (3): ConvTranspose2d(64, 32, kernel_size=(2, 2), stride=(2, 2))
        (4): GELU(approximate='none')
      )
      (conv_s0): Conv2d(256, 32, kernel_size=(1, 1), stride=(1, 1))
      (conv_s1): Conv2d(256, 64, kernel_size=(1, 1), stride=(1, 1))
      (output_hypernetworks_mlps): ModuleList(
        (0-3): 4 x MLP(
          (layers): ModuleList(
            (0-1): 2 x Linear(in_features=256, out_features=256, bias=True)
            (2): Linear(in_features=256, out_features=32, bias=True)
          )
        )
      )
      (iou_prediction_head): MLP(
        (layers): ModuleList(
          (0-1): 2 x Linear(in_features=256, out_features=256, bias=True)
          (2): Linear(in_features=256, out_features=4, bias=True)
        )
      )
      (pred_obj_score_head): MLP(
        (layers): ModuleList(
          (0-1): 2 x Linear(in_features=256, out_features=256, bias=True)
          (2): Linear(in_features=256, out_features=1, bias=True)
        )
      )
    )
    (obj_ptr_proj): MLP(
      (layers): ModuleList(
        (0-2): 3 x Linear(in_features=256, out_features=256, bias=True)
      )
    )
    (obj_ptr_tpos_proj): Linear(in_features=256, out_features=64, bias=True)
  )
)
INFO 2026-05-27 15:53:19,998 trainer.py:1250: 	Total parameters 860 M
INFO 2026-05-27 15:53:19,998 trainer.py:1251: 	Trainable parameters 860 M
INFO 2026-05-27 15:53:19,998 trainer.py:1254: 	Non-Trainable parameters 0  
INFO 2026-05-27 15:53:19,998 trainer.py:1257: ====================
INFO 2026-05-27 15:53:26,528 trainer.py:1179: Finished setting up components: Model, loss, optim, meters etc.
INFO 2026-05-27 15:53:26,528 trainer.py: 368: Moving components to device cuda:0 and local rank 0.
INFO 2026-05-27 15:53:26,534 trainer.py: 374: Done moving components to device cuda:0 and local rank 0.
INFO 2026-05-27 15:53:26,555 optimizer.py: 244: Matches for param_name [detector.segmentation_head.*]: {'detector.segmentation_head.cross_attn_norm.bias', 'detector.segmentation_head.pixel_decoder.conv_layers.0.bias', 'detector.segmentation_head.mask_predictor.mask_embed.layers.2.weight', 'detector.segmentation_head.instance_seg_head.weight', 'detector.segmentation_head.cross_attend_prompt.out_proj.bias', 'detector.segmentation_head.pixel_decoder.norms.2.weight', 'detector.segmentation_head.cross_attend_prompt.in_proj_bias', 'detector.segmentation_head.semantic_seg_head.bias', 'detector.segmentation_head.pixel_decoder.norms.2.bias', 'detector.segmentation_head.pixel_decoder.conv_layers.2.bias', 'detector.segmentation_head.pixel_decoder.norms.0.weight', 'detector.segmentation_head.pixel_decoder.conv_layers.1.weight', 'detector.segmentation_head.mask_predictor.mask_embed.layers.0.weight', 'detector.segmentation_head.cross_attend_prompt.out_proj.weight', 'detector.segmentation_head.mask_predictor.mask_embed.layers.0.bias', 'detector.segmentation_head.pixel_decoder.conv_layers.2.weight', 'detector.segmentation_head.cross_attend_prompt.in_proj_weight', 'detector.segmentation_head.mask_predictor.mask_embed.layers.1.weight', 'detector.segmentation_head.mask_predictor.mask_embed.layers.2.bias', 'detector.segmentation_head.pixel_decoder.norms.1.weight', 'detector.segmentation_head.semantic_seg_head.weight', 'detector.segmentation_head.pixel_decoder.norms.1.bias', 'detector.segmentation_head.cross_attn_norm.weight', 'detector.segmentation_head.mask_predictor.mask_embed.layers.1.bias', 'detector.segmentation_head.instance_seg_head.bias', 'detector.segmentation_head.pixel_decoder.conv_layers.0.weight', 'detector.segmentation_head.pixel_decoder.norms.0.bias', 'detector.segmentation_head.pixel_decoder.conv_layers.1.bias'}
INFO 2026-05-27 15:53:26,573 optimizer.py: 244: Matches for param_name [detector.transformer.decoder.*]: {'detector.transformer.decoder.norm.weight', 'detector.transformer.decoder.layers.4.linear1.bias', 'detector.transformer.decoder.layers.0.norm3.bias', 'detector.transformer.decoder.layers.1.norm2.bias', 'detector.transformer.decoder.layers.2.norm1.weight', 'detector.transformer.decoder.layers.3.catext_norm.weight', 'detector.transformer.decoder.layers.4.ca_text.in_proj_weight', 'detector.transformer.decoder.layers.2.catext_norm.weight', 'detector.transformer.decoder.layers.5.norm3.weight', 'detector.transformer.decoder.layers.4.ca_text.out_proj.weight', 'detector.transformer.decoder.layers.4.self_attn.in_proj_weight', 'detector.transformer.decoder.layers.0.self_attn.in_proj_weight', 'detector.transformer.decoder.reference_points.weight', 'detector.transformer.decoder.presence_token.weight', 'detector.transformer.decoder.boxRPB_embed_y.layers.0.weight', 'detector.transformer.decoder.query_embed.weight', 'detector.transformer.decoder.layers.4.catext_norm.bias', 'detector.transformer.decoder.layers.0.cross_attn.out_proj.bias', 'detector.transformer.decoder.layers.0.norm3.weight', 'detector.transformer.decoder.layers.2.cross_attn.out_proj.bias', 'detector.transformer.decoder.layers.1.self_attn.out_proj.weight', 'detector.transformer.decoder.layers.2.ca_text.in_proj_bias', 'detector.transformer.decoder.layers.1.self_attn.out_proj.bias', 'detector.transformer.decoder.layers.0.norm1.weight', 'detector.transformer.decoder.layers.4.cross_attn.in_proj_weight', 'detector.transformer.decoder.norm.bias', 'detector.transformer.decoder.layers.3.cross_attn.out_proj.bias', 'detector.transformer.decoder.layers.4.linear2.bias', 'detector.transformer.decoder.ref_point_head.layers.0.bias', 'detector.transformer.decoder.layers.0.cross_attn.in_proj_weight', 'detector.transformer.decoder.ref_point_head.layers.1.bias', 'detector.transformer.decoder.layers.2.cross_attn.in_proj_bias', 'detector.transformer.decoder.boxRPB_embed_x.layers.1.weight', 'detector.transformer.decoder.layers.3.norm1.weight', 'detector.transformer.decoder.layers.0.self_attn.out_proj.weight', 'detector.transformer.decoder.layers.5.linear1.bias', 'detector.transformer.decoder.layers.2.ca_text.out_proj.weight', 'detector.transformer.decoder.layers.1.linear2.bias', 'detector.transformer.decoder.layers.2.ca_text.in_proj_weight', 'detector.transformer.decoder.layers.5.norm2.bias', 'detector.transformer.decoder.ref_point_head.layers.0.weight', 'detector.transformer.decoder.layers.1.catext_norm.weight', 'detector.transformer.decoder.layers.1.norm3.bias', 'detector.transformer.decoder.bbox_embed.layers.2.weight', 'detector.transformer.decoder.layers.3.norm3.bias', 'detector.transformer.decoder.layers.5.catext_norm.bias', 'detector.transformer.decoder.layers.2.ca_text.out_proj.bias', 'detector.transformer.decoder.layers.5.cross_attn.out_proj.bias', 'detector.transformer.decoder.layers.4.norm1.bias', 'detector.transformer.decoder.layers.0.linear2.bias', 'detector.transformer.decoder.layers.4.ca_text.out_proj.bias', 'detector.transformer.decoder.layers.4.catext_norm.weight', 'detector.transformer.decoder.layers.3.ca_text.in_proj_bias', 'detector.transformer.decoder.layers.0.norm1.bias', 'detector.transformer.decoder.layers.1.cross_attn.in_proj_bias', 'detector.transformer.decoder.layers.4.cross_attn.out_proj.weight', 'detector.transformer.decoder.layers.1.norm1.weight', 'detector.transformer.decoder.layers.4.self_attn.out_proj.weight', 'detector.transformer.decoder.layers.2.linear1.bias', 'detector.transformer.decoder.layers.3.ca_text.out_proj.bias', 'detector.transformer.decoder.layers.3.self_attn.out_proj.weight', 'detector.transformer.decoder.layers.4.linear1.weight', 'detector.transformer.decoder.layers.4.linear2.weight', 'detector.transformer.decoder.layers.1.linear1.bias', 'detector.transformer.decoder.bbox_embed.layers.1.bias', 'detector.transformer.decoder.layers.3.linear1.weight', 'detector.transformer.decoder.layers.2.linear1.weight', 'detector.transformer.decoder.layers.1.ca_text.in_proj_bias', 'detector.transformer.decoder.layers.5.cross_attn.in_proj_bias', 'detector.transformer.decoder.layers.2.linear2.weight', 'detector.transformer.decoder.boxRPB_embed_y.layers.1.weight', 'detector.transformer.decoder.layers.2.self_attn.out_proj.bias', 'detector.transformer.decoder.layers.4.norm2.bias', 'detector.transformer.decoder.layers.5.cross_attn.out_proj.weight', 'detector.transformer.decoder.layers.5.norm2.weight', 'detector.transformer.decoder.layers.5.self_attn.out_proj.bias', 'detector.transformer.decoder.layers.3.ca_text.out_proj.weight', 'detector.transformer.decoder.layers.5.self_attn.out_proj.weight', 'detector.transformer.decoder.presence_token_head.layers.2.bias', 'detector.transformer.decoder.layers.1.self_attn.in_proj_weight', 'detector.transformer.decoder.layers.2.norm3.weight', 'detector.transformer.decoder.layers.1.norm3.weight', 'detector.transformer.decoder.layers.2.linear2.bias', 'detector.transformer.decoder.layers.5.ca_text.in_proj_bias', 'detector.transformer.decoder.presence_token_out_norm.weight', 'detector.transformer.decoder.layers.3.cross_attn.in_proj_weight', 'detector.transformer.decoder.layers.0.linear2.weight', 'detector.transformer.decoder.layers.2.cross_attn.out_proj.weight', 'detector.transformer.decoder.layers.4.norm2.weight', 'detector.transformer.decoder.bbox_embed.layers.0.bias', 'detector.transformer.decoder.boxRPB_embed_y.layers.0.bias', 'detector.transformer.decoder.layers.4.ca_text.in_proj_bias', 'detector.transformer.decoder.layers.5.ca_text.out_proj.weight', 'detector.transformer.decoder.layers.3.norm1.bias', 'detector.transformer.decoder.presence_token_head.layers.2.weight', 'detector.transformer.decoder.presence_token_out_norm.bias', 'detector.transformer.decoder.layers.3.linear2.bias', 'detector.transformer.decoder.layers.3.self_attn.out_proj.bias', 'detector.transformer.decoder.layers.1.cross_attn.out_proj.weight', 'detector.transformer.decoder.layers.2.self_attn.out_proj.weight', 'detector.transformer.decoder.layers.2.self_attn.in_proj_weight', 'detector.transformer.decoder.presence_token_head.layers.0.bias', 'detector.transformer.decoder.presence_token_head.layers.0.weight', 'detector.transformer.decoder.layers.0.linear1.bias', 'detector.transformer.decoder.layers.0.self_attn.out_proj.bias', 'detector.transformer.decoder.layers.1.ca_text.out_proj.bias', 'detector.transformer.decoder.layers.4.self_attn.out_proj.bias', 'detector.transformer.decoder.layers.5.norm3.bias', 'detector.transformer.decoder.layers.3.norm3.weight', 'detector.transformer.decoder.layers.5.norm1.bias', 'detector.transformer.decoder.layers.1.ca_text.in_proj_weight', 'detector.transformer.decoder.bbox_embed.layers.1.weight', 'detector.transformer.decoder.layers.0.ca_text.in_proj_bias', 'detector.transformer.decoder.layers.0.self_attn.in_proj_bias', 'detector.transformer.decoder.layers.0.linear1.weight', 'detector.transformer.decoder.layers.4.cross_attn.out_proj.bias', 'detector.transformer.decoder.layers.3.self_attn.in_proj_bias', 'detector.transformer.decoder.layers.0.ca_text.out_proj.bias', 'detector.transformer.decoder.layers.0.catext_norm.weight', 'detector.transformer.decoder.layers.4.norm1.weight', 'detector.transformer.decoder.bbox_embed.layers.0.weight', 'detector.transformer.decoder.layers.2.norm1.bias', 'detector.transformer.decoder.layers.1.linear2.weight', 'detector.transformer.decoder.layers.1.cross_attn.in_proj_weight', 'detector.transformer.decoder.boxRPB_embed_x.layers.0.weight', 'detector.transformer.decoder.layers.1.norm2.weight', 'detector.transformer.decoder.layers.2.self_attn.in_proj_bias', 'detector.transformer.decoder.presence_token_head.layers.1.bias', 'detector.transformer.decoder.layers.2.norm3.bias', 'detector.transformer.decoder.layers.0.ca_text.out_proj.weight', 'detector.transformer.decoder.layers.3.ca_text.in_proj_weight', 'detector.transformer.decoder.boxRPB_embed_y.layers.1.bias', 'detector.transformer.decoder.ref_point_head.layers.1.weight', 'detector.transformer.decoder.layers.3.catext_norm.bias', 'detector.transformer.decoder.layers.4.cross_attn.in_proj_bias', 'detector.transformer.decoder.layers.4.norm3.bias', 'detector.transformer.decoder.layers.2.catext_norm.bias', 'detector.transformer.decoder.layers.4.self_attn.in_proj_bias', 'detector.transformer.decoder.layers.2.cross_attn.in_proj_weight', 'detector.transformer.decoder.layers.1.linear1.weight', 'detector.transformer.decoder.layers.1.norm1.bias', 'detector.transformer.decoder.layers.4.norm3.weight', 'detector.transformer.decoder.layers.5.cross_attn.in_proj_weight', 'detector.transformer.decoder.layers.0.ca_text.in_proj_weight', 'detector.transformer.decoder.layers.0.norm2.bias', 'detector.transformer.decoder.layers.3.cross_attn.in_proj_bias', 'detector.transformer.decoder.layers.1.cross_attn.out_proj.bias', 'detector.transformer.decoder.layers.3.norm2.weight', 'detector.transformer.decoder.layers.3.linear2.weight', 'detector.transformer.decoder.presence_token_head.layers.1.weight', 'detector.transformer.decoder.layers.3.cross_attn.out_proj.weight', 'detector.transformer.decoder.layers.5.self_attn.in_proj_bias', 'detector.transformer.decoder.layers.3.linear1.bias', 'detector.transformer.decoder.layers.1.ca_text.out_proj.weight', 'detector.transformer.decoder.layers.5.ca_text.in_proj_weight', 'detector.transformer.decoder.layers.5.norm1.weight', 'detector.transformer.decoder.layers.5.self_attn.in_proj_weight', 'detector.transformer.decoder.layers.1.self_attn.in_proj_bias', 'detector.transformer.decoder.layers.2.norm2.bias', 'detector.transformer.decoder.layers.5.linear1.weight', 'detector.transformer.decoder.layers.0.cross_attn.in_proj_bias', 'detector.transformer.decoder.layers.5.ca_text.out_proj.bias', 'detector.transformer.decoder.boxRPB_embed_x.layers.0.bias', 'detector.transformer.decoder.bbox_embed.layers.2.bias', 'detector.transformer.decoder.layers.0.cross_attn.out_proj.weight', 'detector.transformer.decoder.layers.5.linear2.bias', 'detector.transformer.decoder.layers.1.catext_norm.bias', 'detector.transformer.decoder.layers.5.catext_norm.weight', 'detector.transformer.decoder.layers.3.norm2.bias', 'detector.transformer.decoder.layers.5.linear2.weight', 'detector.transformer.decoder.boxRPB_embed_x.layers.1.bias', 'detector.transformer.decoder.layers.0.norm2.weight', 'detector.transformer.decoder.layers.2.norm2.weight', 'detector.transformer.decoder.layers.0.catext_norm.bias', 'detector.transformer.decoder.layers.3.self_attn.in_proj_weight'}
INFO 2026-05-27 15:53:26,607 optimizer.py: 244: Matches for param_name [detector.dot_prod_scoring.*]: {'detector.dot_prod_scoring.prompt_mlp.layers.0.weight', 'detector.dot_prod_scoring.prompt_mlp.layers.1.weight', 'detector.dot_prod_scoring.prompt_mlp.out_norm.weight', 'detector.dot_prod_scoring.prompt_mlp.layers.0.bias', 'detector.dot_prod_scoring.prompt_mlp.layers.1.bias', 'detector.dot_prod_scoring.prompt_proj.weight', 'detector.dot_prod_scoring.hs_proj.bias', 'detector.dot_prod_scoring.prompt_proj.bias', 'detector.dot_prod_scoring.prompt_mlp.out_norm.bias', 'detector.dot_prod_scoring.hs_proj.weight'}
INFO 2026-05-27 15:53:26,607 optimizer.py: 244: Matches for param_name [tracker.sam_mask_decoder.*]: {'tracker.sam_mask_decoder.output_hypernetworks_mlps.3.layers.1.bias', 'tracker.sam_mask_decoder.transformer.layers.1.cross_attn_token_to_image.k_proj.bias', 'tracker.sam_mask_decoder.output_hypernetworks_mlps.1.layers.1.weight', 'tracker.sam_mask_decoder.transformer.layers.0.cross_attn_token_to_image.k_proj.bias', 'tracker.sam_mask_decoder.transformer.layers.0.cross_attn_image_to_token.k_proj.weight', 'tracker.sam_mask_decoder.pred_obj_score_head.layers.2.bias', 'tracker.sam_mask_decoder.transformer.layers.1.norm2.weight', 'tracker.sam_mask_decoder.output_hypernetworks_mlps.0.layers.0.weight', 'tracker.sam_mask_decoder.transformer.layers.1.cross_attn_image_to_token.k_proj.bias', 'tracker.sam_mask_decoder.output_hypernetworks_mlps.1.layers.2.bias', 'tracker.sam_mask_decoder.output_hypernetworks_mlps.2.layers.2.bias', 'tracker.sam_mask_decoder.pred_obj_score_head.layers.0.bias', 'tracker.sam_mask_decoder.transformer.layers.0.cross_attn_token_to_image.out_proj.bias', 'tracker.sam_mask_decoder.transformer.layers.0.cross_attn_image_to_token.v_proj.weight', 'tracker.sam_mask_decoder.transformer.layers.1.cross_attn_image_to_token.k_proj.weight', 'tracker.sam_mask_decoder.transformer.layers.0.norm2.weight', 'tracker.sam_mask_decoder.transformer.layers.0.norm4.bias', 'tracker.sam_mask_decoder.iou_prediction_head.layers.0.bias', 'tracker.sam_mask_decoder.output_hypernetworks_mlps.1.layers.2.weight', 'tracker.sam_mask_decoder.iou_prediction_head.layers.2.weight', 'tracker.sam_mask_decoder.transformer.layers.0.self_attn.q_proj.weight', 'tracker.sam_mask_decoder.transformer.layers.0.norm4.weight', 'tracker.sam_mask_decoder.pred_obj_score_head.layers.1.bias', 'tracker.sam_mask_decoder.transformer.layers.0.cross_attn_image_to_token.q_proj.weight', 'tracker.sam_mask_decoder.transformer.layers.1.norm4.weight', 'tracker.sam_mask_decoder.transformer.layers.0.cross_attn_image_to_token.k_proj.bias', 'tracker.sam_mask_decoder.transformer.layers.1.norm3.bias', 'tracker.sam_mask_decoder.transformer.layers.0.self_attn.v_proj.weight', 'tracker.sam_mask_decoder.transformer.layers.1.cross_attn_token_to_image.v_proj.weight', 'tracker.sam_mask_decoder.output_hypernetworks_mlps.0.layers.2.weight', 'tracker.sam_mask_decoder.output_hypernetworks_mlps.1.layers.0.bias', 'tracker.sam_mask_decoder.transformer.layers.1.mlp.lin2.bias', 'tracker.sam_mask_decoder.transformer.layers.0.norm3.weight', 'tracker.sam_mask_decoder.transformer.layers.0.mlp.lin2.weight', 'tracker.sam_mask_decoder.transformer.norm_final_attn.bias', 'tracker.sam_mask_decoder.pred_obj_score_head.layers.2.weight', 'tracker.sam_mask_decoder.transformer.layers.0.self_attn.v_proj.bias', 'tracker.sam_mask_decoder.transformer.layers.0.self_attn.k_proj.bias', 'tracker.sam_mask_decoder.conv_s1.weight', 'tracker.sam_mask_decoder.transformer.layers.0.cross_attn_token_to_image.q_proj.bias', 'tracker.sam_mask_decoder.transformer.layers.0.self_attn.k_proj.weight', 'tracker.sam_mask_decoder.transformer.final_attn_token_to_image.k_proj.weight', 'tracker.sam_mask_decoder.transformer.layers.0.cross_attn_image_to_token.v_proj.bias', 'tracker.sam_mask_decoder.transformer.final_attn_token_to_image.out_proj.bias', 'tracker.sam_mask_decoder.transformer.layers.1.cross_attn_image_to_token.q_proj.weight', 'tracker.sam_mask_decoder.output_hypernetworks_mlps.2.layers.1.weight', 'tracker.sam_mask_decoder.output_upscaling.1.weight', 'tracker.sam_mask_decoder.transformer.layers.1.cross_attn_token_to_image.q_proj.bias', 'tracker.sam_mask_decoder.output_upscaling.3.weight', 'tracker.sam_mask_decoder.output_upscaling.3.bias', 'tracker.sam_mask_decoder.transformer.layers.0.norm1.weight', 'tracker.sam_mask_decoder.transformer.layers.0.cross_attn_image_to_token.out_proj.weight', 'tracker.sam_mask_decoder.transformer.final_attn_token_to_image.k_proj.bias', 'tracker.sam_mask_decoder.transformer.final_attn_token_to_image.v_proj.bias', 'tracker.sam_mask_decoder.transformer.layers.1.cross_attn_image_to_token.q_proj.bias', 'tracker.sam_mask_decoder.iou_prediction_head.layers.1.weight', 'tracker.sam_mask_decoder.mask_tokens.weight', 'tracker.sam_mask_decoder.transformer.final_attn_token_to_image.q_proj.bias', 'tracker.sam_mask_decoder.output_hypernetworks_mlps.1.layers.1.bias', 'tracker.sam_mask_decoder.transformer.layers.1.cross_attn_image_to_token.v_proj.bias', 'tracker.sam_mask_decoder.output_hypernetworks_mlps.3.layers.0.weight', 'tracker.sam_mask_decoder.transformer.layers.1.norm1.bias', 'tracker.sam_mask_decoder.output_hypernetworks_mlps.2.layers.0.weight', 'tracker.sam_mask_decoder.iou_token.weight', 'tracker.sam_mask_decoder.transformer.layers.0.self_attn.out_proj.weight', 'tracker.sam_mask_decoder.transformer.layers.1.cross_attn_token_to_image.v_proj.bias', 'tracker.sam_mask_decoder.transformer.layers.1.mlp.lin2.weight', 'tracker.sam_mask_decoder.output_hypernetworks_mlps.1.layers.0.weight', 'tracker.sam_mask_decoder.obj_score_token.weight', 'tracker.sam_mask_decoder.transformer.layers.0.norm2.bias', 'tracker.sam_mask_decoder.output_upscaling.1.bias', 'tracker.sam_mask_decoder.transformer.layers.1.mlp.lin1.weight', 'tracker.sam_mask_decoder.transformer.final_attn_token_to_image.q_proj.weight', 'tracker.sam_mask_decoder.iou_prediction_head.layers.1.bias', 'tracker.sam_mask_decoder.output_hypernetworks_mlps.3.layers.1.weight', 'tracker.sam_mask_decoder.transformer.layers.1.cross_attn_token_to_image.out_proj.bias', 'tracker.sam_mask_decoder.transformer.layers.1.cross_attn_image_to_token.out_proj.bias', 'tracker.sam_mask_decoder.transformer.final_attn_token_to_image.v_proj.weight', 'tracker.sam_mask_decoder.output_upscaling.0.bias', 'tracker.sam_mask_decoder.output_hypernetworks_mlps.2.layers.2.weight', 'tracker.sam_mask_decoder.transformer.layers.1.cross_attn_image_to_token.v_proj.weight', 'tracker.sam_mask_decoder.transformer.layers.1.self_attn.q_proj.weight', 'tracker.sam_mask_decoder.output_upscaling.0.weight', 'tracker.sam_mask_decoder.transformer.layers.0.mlp.lin1.bias', 'tracker.sam_mask_decoder.transformer.layers.1.self_attn.k_proj.bias', 'tracker.sam_mask_decoder.transformer.layers.0.cross_attn_token_to_image.k_proj.weight', 'tracker.sam_mask_decoder.transformer.layers.1.self_attn.q_proj.bias', 'tracker.sam_mask_decoder.iou_prediction_head.layers.2.bias', 'tracker.sam_mask_decoder.conv_s0.bias', 'tracker.sam_mask_decoder.transformer.layers.1.cross_attn_image_to_token.out_proj.weight', 'tracker.sam_mask_decoder.transformer.layers.1.cross_attn_token_to_image.out_proj.weight', 'tracker.sam_mask_decoder.output_hypernetworks_mlps.0.layers.1.bias', 'tracker.sam_mask_decoder.transformer.layers.1.self_attn.k_proj.weight', 'tracker.sam_mask_decoder.transformer.layers.0.mlp.lin1.weight', 'tracker.sam_mask_decoder.transformer.layers.1.norm4.bias', 'tracker.sam_mask_decoder.transformer.layers.0.cross_attn_image_to_token.q_proj.bias', 'tracker.sam_mask_decoder.conv_s0.weight', 'tracker.sam_mask_decoder.transformer.layers.1.self_attn.out_proj.weight', 'tracker.sam_mask_decoder.output_hypernetworks_mlps.3.layers.2.weight', 'tracker.sam_mask_decoder.output_hypernetworks_mlps.0.layers.1.weight', 'tracker.sam_mask_decoder.output_hypernetworks_mlps.3.layers.0.bias', 'tracker.sam_mask_decoder.transformer.layers.1.mlp.lin1.bias', 'tracker.sam_mask_decoder.transformer.layers.0.cross_attn_token_to_image.q_proj.weight', 'tracker.sam_mask_decoder.output_hypernetworks_mlps.2.layers.0.bias', 'tracker.sam_mask_decoder.transformer.layers.1.cross_attn_token_to_image.q_proj.weight', 'tracker.sam_mask_decoder.transformer.layers.0.cross_attn_token_to_image.out_proj.weight', 'tracker.sam_mask_decoder.conv_s1.bias', 'tracker.sam_mask_decoder.transformer.layers.0.mlp.lin2.bias', 'tracker.sam_mask_decoder.transformer.layers.0.cross_attn_token_to_image.v_proj.weight', 'tracker.sam_mask_decoder.transformer.layers.0.self_attn.q_proj.bias', 'tracker.sam_mask_decoder.transformer.layers.1.norm1.weight', 'tracker.sam_mask_decoder.transformer.layers.1.norm2.bias', 'tracker.sam_mask_decoder.output_hypernetworks_mlps.2.layers.1.bias', 'tracker.sam_mask_decoder.transformer.layers.0.cross_attn_image_to_token.out_proj.bias', 'tracker.sam_mask_decoder.transformer.layers.1.norm3.weight', 'tracker.sam_mask_decoder.transformer.layers.1.self_attn.v_proj.bias', 'tracker.sam_mask_decoder.transformer.final_attn_token_to_image.out_proj.weight', 'tracker.sam_mask_decoder.iou_prediction_head.layers.0.weight', 'tracker.sam_mask_decoder.transformer.norm_final_attn.weight', 'tracker.sam_mask_decoder.pred_obj_score_head.layers.0.weight', 'tracker.sam_mask_decoder.transformer.layers.1.cross_attn_token_to_image.k_proj.weight', 'tracker.sam_mask_decoder.transformer.layers.0.norm3.bias', 'tracker.sam_mask_decoder.output_hypernetworks_mlps.0.layers.0.bias', 'tracker.sam_mask_decoder.transformer.layers.0.norm1.bias', 'tracker.sam_mask_decoder.transformer.layers.0.self_attn.out_proj.bias', 'tracker.sam_mask_decoder.pred_obj_score_head.layers.1.weight', 'tracker.sam_mask_decoder.transformer.layers.1.self_attn.v_proj.weight', 'tracker.sam_mask_decoder.transformer.layers.0.cross_attn_token_to_image.v_proj.bias', 'tracker.sam_mask_decoder.output_hypernetworks_mlps.0.layers.2.bias', 'tracker.sam_mask_decoder.output_hypernetworks_mlps.3.layers.2.bias', 'tracker.sam_mask_decoder.transformer.layers.1.self_attn.out_proj.bias'}
INFO 2026-05-27 15:53:26,649 optimizer.py: 244: Matches for param_name [detector.backbone.vision_backbone.*]: {'detector.backbone.vision_backbone.trunk.blocks.28.norm1.bias', 'detector.backbone.vision_backbone.sam2_convs.2.conv_1x1.bias', 'detector.backbone.vision_backbone.convs.0.conv_1x1.bias', 'detector.backbone.vision_backbone.trunk.blocks.25.norm2.weight', 'detector.backbone.vision_backbone.sam2_convs.1.conv_1x1.weight', 'detector.backbone.vision_backbone.trunk.blocks.28.attn.qkv.weight', 'detector.backbone.vision_backbone.trunk.blocks.0.mlp.fc1.weight', 'detector.backbone.vision_backbone.trunk.blocks.24.norm1.bias', 'detector.backbone.vision_backbone.trunk.blocks.4.attn.proj.weight', 'detector.backbone.vision_backbone.trunk.blocks.4.attn.proj.bias', 'detector.backbone.vision_backbone.trunk.blocks.12.norm1.bias', 'detector.backbone.vision_backbone.trunk.blocks.2.attn.qkv.bias', 'detector.backbone.vision_backbone.trunk.blocks.30.mlp.fc1.weight', 'detector.backbone.vision_backbone.trunk.blocks.18.mlp.fc1.weight', 'detector.backbone.vision_backbone.convs.0.conv_1x1.weight', 'detector.backbone.vision_backbone.trunk.blocks.5.attn.qkv.bias', 'detector.backbone.vision_backbone.trunk.blocks.18.mlp.fc1.bias', 'detector.backbone.vision_backbone.trunk.blocks.3.mlp.fc2.weight', 'detector.backbone.vision_backbone.trunk.blocks.30.mlp.fc1.bias', 'detector.backbone.vision_backbone.trunk.blocks.31.attn.qkv.bias', 'detector.backbone.vision_backbone.trunk.blocks.28.attn.proj.bias', 'detector.backbone.vision_backbone.trunk.blocks.11.attn.proj.bias', 'detector.backbone.vision_backbone.trunk.blocks.3.norm2.weight', 'detector.backbone.vision_backbone.trunk.blocks.28.mlp.fc1.bias', 'detector.backbone.vision_backbone.trunk.blocks.1.norm2.bias', 'detector.backbone.vision_backbone.trunk.blocks.29.norm2.weight', 'detector.backbone.vision_backbone.trunk.blocks.15.norm1.bias', 'detector.backbone.vision_backbone.trunk.blocks.12.mlp.fc1.weight', 'detector.backbone.vision_backbone.trunk.blocks.15.mlp.fc2.weight', 'detector.backbone.vision_backbone.trunk.blocks.16.mlp.fc1.weight', 'detector.backbone.vision_backbone.trunk.blocks.26.norm1.weight', 'detector.backbone.vision_backbone.trunk.blocks.10.norm2.bias', 'detector.backbone.vision_backbone.trunk.blocks.30.mlp.fc2.weight', 'detector.backbone.vision_backbone.trunk.blocks.17.attn.proj.weight', 'detector.backbone.vision_backbone.convs.3.conv_3x3.bias', 'detector.backbone.vision_backbone.trunk.blocks.18.mlp.fc2.weight', 'detector.backbone.vision_backbone.trunk.blocks.5.norm1.bias', 'detector.backbone.vision_backbone.trunk.blocks.25.mlp.fc1.weight', 'detector.backbone.vision_backbone.trunk.blocks.17.attn.qkv.bias', 'detector.backbone.vision_backbone.trunk.blocks.13.attn.qkv.bias', 'detector.backbone.vision_backbone.trunk.blocks.11.norm1.bias', 'detector.backbone.vision_backbone.trunk.blocks.30.norm2.weight', 'detector.backbone.vision_backbone.trunk.blocks.11.norm2.bias', 'detector.backbone.vision_backbone.sam2_convs.2.conv_3x3.bias', 'detector.backbone.vision_backbone.trunk.blocks.30.attn.qkv.bias', 'detector.backbone.vision_backbone.trunk.blocks.21.attn.qkv.bias', 'detector.backbone.vision_backbone.trunk.blocks.2.attn.proj.weight', 'detector.backbone.vision_backbone.trunk.blocks.21.norm2.weight', 'detector.backbone.vision_backbone.sam2_convs.0.dconv_2x2_0.weight', 'detector.backbone.vision_backbone.trunk.blocks.2.mlp.fc1.bias', 'detector.backbone.vision_backbone.trunk.blocks.20.mlp.fc1.bias', 'detector.backbone.vision_backbone.trunk.blocks.22.mlp.fc2.bias', 'detector.backbone.vision_backbone.trunk.blocks.3.attn.qkv.bias', 'detector.backbone.vision_backbone.trunk.blocks.27.mlp.fc2.weight', 'detector.backbone.vision_backbone.trunk.blocks.1.mlp.fc1.weight', 'detector.backbone.vision_backbone.trunk.blocks.16.mlp.fc2.weight', 'detector.backbone.vision_backbone.trunk.blocks.0.norm2.bias', 'detector.backbone.vision_backbone.trunk.blocks.5.attn.proj.weight', 'detector.backbone.vision_backbone.trunk.blocks.13.mlp.fc1.weight', 'detector.backbone.vision_backbone.trunk.blocks.20.mlp.fc1.weight', 'detector.backbone.vision_backbone.trunk.blocks.2.norm1.weight', 'detector.backbone.vision_backbone.trunk.blocks.4.mlp.fc1.weight', 'detector.backbone.vision_backbone.trunk.blocks.20.mlp.fc2.bias', 'detector.backbone.vision_backbone.trunk.blocks.19.mlp.fc2.weight', 'detector.backbone.vision_backbone.trunk.blocks.5.norm2.bias', 'detector.backbone.vision_backbone.trunk.blocks.23.attn.proj.weight', 'detector.backbone.vision_backbone.trunk.blocks.29.attn.qkv.bias', 'detector.backbone.vision_backbone.trunk.blocks.23.attn.qkv.weight', 'detector.backbone.vision_backbone.sam2_convs.1.conv_3x3.weight', 'detector.backbone.vision_backbone.trunk.blocks.15.norm2.weight', 'detector.backbone.vision_backbone.trunk.blocks.26.norm2.bias', 'detector.backbone.vision_backbone.trunk.blocks.3.attn.qkv.weight', 'detector.backbone.vision_backbone.trunk.blocks.4.norm2.bias', 'detector.backbone.vision_backbone.trunk.blocks.12.norm2.weight', 'detector.backbone.vision_backbone.trunk.blocks.28.attn.qkv.bias', 'detector.backbone.vision_backbone.trunk.blocks.4.mlp.fc2.weight', 'detector.backbone.vision_backbone.trunk.blocks.18.norm1.weight', 'detector.backbone.vision_backbone.trunk.blocks.5.mlp.fc1.weight', 'detector.backbone.vision_backbone.sam2_convs.3.conv_1x1.weight', 'detector.backbone.vision_backbone.trunk.blocks.16.mlp.fc1.bias', 'detector.backbone.vision_backbone.trunk.blocks.27.attn.proj.bias', 'detector.backbone.vision_backbone.trunk.blocks.7.mlp.fc2.weight', 'detector.backbone.vision_backbone.trunk.blocks.8.mlp.fc2.weight', 'detector.backbone.vision_backbone.trunk.blocks.1.norm1.weight', 'detector.backbone.vision_backbone.trunk.blocks.12.attn.proj.bias', 'detector.backbone.vision_backbone.trunk.blocks.14.mlp.fc2.bias', 'detector.backbone.vision_backbone.trunk.blocks.7.norm2.bias', 'detector.backbone.vision_backbone.trunk.blocks.6.attn.proj.weight', 'detector.backbone.vision_backbone.trunk.blocks.27.mlp.fc2.bias', 'detector.backbone.vision_backbone.trunk.blocks.2.mlp.fc2.weight', 'detector.backbone.vision_backbone.trunk.blocks.19.attn.proj.weight', 'detector.backbone.vision_backbone.trunk.blocks.17.norm2.bias', 'detector.backbone.vision_backbone.trunk.blocks.21.norm2.bias', 'detector.backbone.vision_backbone.trunk.blocks.19.mlp.fc2.bias', 'detector.backbone.vision_backbone.sam2_convs.1.dconv_2x2.weight', 'detector.backbone.vision_backbone.trunk.blocks.16.mlp.fc2.bias', 'detector.backbone.vision_backbone.trunk.blocks.6.attn.qkv.bias', 'detector.backbone.vision_backbone.trunk.blocks.22.norm2.bias', 'detector.backbone.vision_backbone.trunk.blocks.8.norm1.weight', 'detector.backbone.vision_backbone.trunk.blocks.19.norm2.bias', 'detector.backbone.vision_backbone.trunk.blocks.23.mlp.fc2.weight', 'detector.backbone.vision_backbone.trunk.blocks.14.mlp.fc2.weight', 'detector.backbone.vision_backbone.trunk.blocks.2.norm2.bias', 'detector.backbone.vision_backbone.convs.1.conv_1x1.bias', 'detector.backbone.vision_backbone.trunk.blocks.29.norm1.weight', 'detector.backbone.vision_backbone.trunk.blocks.20.attn.proj.bias', 'detector.backbone.vision_backbone.trunk.blocks.31.norm2.bias', 'detector.backbone.vision_backbone.trunk.blocks.27.norm1.bias', 'detector.backbone.vision_backbone.trunk.blocks.18.norm1.bias', 'detector.backbone.vision_backbone.trunk.blocks.1.attn.proj.weight', 'detector.backbone.vision_backbone.trunk.blocks.21.mlp.fc2.bias', 'detector.backbone.vision_backbone.trunk.blocks.5.norm1.weight', 'detector.backbone.vision_backbone.trunk.blocks.20.norm1.weight', 'detector.backbone.vision_backbone.trunk.blocks.24.norm2.weight', 'detector.backbone.vision_backbone.trunk.blocks.22.mlp.fc1.bias', 'detector.backbone.vision_backbone.trunk.blocks.15.attn.qkv.weight', 'detector.backbone.vision_backbone.trunk.blocks.2.norm2.weight', 'detector.backbone.vision_backbone.trunk.blocks.12.attn.qkv.weight', 'detector.backbone.vision_backbone.trunk.blocks.24.mlp.fc2.weight', 'detector.backbone.vision_backbone.trunk.blocks.27.attn.proj.weight', 'detector.backbone.vision_backbone.trunk.blocks.15.norm1.weight', 'detector.backbone.vision_backbone.trunk.blocks.28.norm2.bias', 'detector.backbone.vision_backbone.trunk.blocks.26.attn.qkv.weight', 'detector.backbone.vision_backbone.trunk.blocks.29.norm1.bias', 'detector.backbone.vision_backbone.trunk.blocks.21.norm1.weight', 'detector.backbone.vision_backbone.trunk.blocks.28.norm2.weight', 'detector.backbone.vision_backbone.trunk.blocks.20.norm1.bias', 'detector.backbone.vision_backbone.trunk.blocks.13.norm1.weight', 'detector.backbone.vision_backbone.trunk.blocks.25.attn.proj.weight', 'detector.backbone.vision_backbone.trunk.blocks.21.mlp.fc1.weight', 'detector.backbone.vision_backbone.trunk.blocks.2.mlp.fc2.bias', 'detector.backbone.vision_backbone.trunk.blocks.16.norm1.weight', 'detector.backbone.vision_backbone.trunk.blocks.17.mlp.fc2.weight', 'detector.backbone.vision_backbone.trunk.blocks.13.mlp.fc1.bias', 'detector.backbone.vision_backbone.trunk.blocks.8.mlp.fc1.bias', 'detector.backbone.vision_backbone.trunk.blocks.1.mlp.fc2.weight', 'detector.backbone.vision_backbone.trunk.blocks.18.norm2.weight', 'detector.backbone.vision_backbone.sam2_convs.1.conv_1x1.bias', 'detector.backbone.vision_backbone.trunk.blocks.9.mlp.fc1.weight', 'detector.backbone.vision_backbone.trunk.blocks.12.norm2.bias', 'detector.backbone.vision_backbone.trunk.blocks.4.mlp.fc2.bias', 'detector.backbone.vision_backbone.convs.3.conv_1x1.bias', 'detector.backbone.vision_backbone.trunk.blocks.0.norm1.bias', 'detector.backbone.vision_backbone.trunk.blocks.29.mlp.fc1.weight', 'detector.backbone.vision_backbone.sam2_convs.3.conv_3x3.weight', 'detector.backbone.vision_backbone.sam2_convs.1.dconv_2x2.bias', 'detector.backbone.vision_backbone.trunk.blocks.11.mlp.fc1.bias', 'detector.backbone.vision_backbone.trunk.blocks.16.norm1.bias', 'detector.backbone.vision_backbone.trunk.blocks.18.norm2.bias', 'detector.backbone.vision_backbone.trunk.ln_pre.weight', 'detector.backbone.vision_backbone.trunk.ln_pre.bias', 'detector.backbone.vision_backbone.trunk.blocks.20.attn.qkv.bias', 'detector.backbone.vision_backbone.trunk.blocks.21.mlp.fc2.weight', 'detector.backbone.vision_backbone.trunk.blocks.11.mlp.fc1.weight', 'detector.backbone.vision_backbone.trunk.blocks.28.mlp.fc1.weight', 'detector.backbone.vision_backbone.trunk.blocks.19.norm1.weight', 'detector.backbone.vision_backbone.trunk.blocks.31.attn.qkv.weight', 'detector.backbone.vision_backbone.trunk.blocks.13.attn.qkv.weight', 'detector.backbone.vision_backbone.sam2_convs.0.conv_1x1.bias', 'detector.backbone.vision_backbone.trunk.blocks.8.attn.proj.weight', 'detector.backbone.vision_backbone.trunk.blocks.30.norm1.bias', 'detector.backbone.vision_backbone.trunk.blocks.18.attn.proj.weight', 'detector.backbone.vision_backbone.trunk.blocks.1.attn.qkv.bias', 'detector.backbone.vision_backbone.trunk.blocks.28.attn.proj.weight', 'detector.backbone.vision_backbone.trunk.blocks.9.attn.proj.weight', 'detector.backbone.vision_backbone.trunk.blocks.1.attn.proj.bias', 'detector.backbone.vision_backbone.trunk.blocks.5.norm2.weight', 'detector.backbone.vision_backbone.trunk.blocks.11.mlp.fc2.weight', 'detector.backbone.vision_backbone.trunk.blocks.31.mlp.fc2.weight', 'detector.backbone.vision_backbone.trunk.blocks.13.mlp.fc2.bias', 'detector.backbone.vision_backbone.trunk.blocks.7.mlp.fc1.weight', 'detector.backbone.vision_backbone.trunk.blocks.13.norm1.bias', 'detector.backbone.vision_backbone.trunk.blocks.1.attn.qkv.weight', 'detector.backbone.vision_backbone.trunk.blocks.20.norm2.bias', 'detector.backbone.vision_backbone.trunk.blocks.14.norm1.bias', 'detector.backbone.vision_backbone.trunk.blocks.17.norm1.bias', 'detector.backbone.vision_backbone.convs.1.conv_3x3.bias', 'detector.backbone.vision_backbone.trunk.blocks.29.attn.qkv.weight', 'detector.backbone.vision_backbone.trunk.blocks.2.norm1.bias', 'detector.backbone.vision_backbone.trunk.blocks.15.mlp.fc1.bias', 'detector.backbone.vision_backbone.trunk.blocks.6.attn.qkv.weight', 'detector.backbone.vision_backbone.trunk.blocks.3.norm1.weight', 'detector.backbone.vision_backbone.trunk.blocks.24.attn.qkv.weight', 'detector.backbone.vision_backbone.trunk.blocks.8.norm2.bias', 'detector.backbone.vision_backbone.trunk.blocks.4.norm1.bias', 'detector.backbone.vision_backbone.trunk.blocks.21.mlp.fc1.bias', 'detector.backbone.vision_backbone.trunk.blocks.29.attn.proj.weight', 'detector.backbone.vision_backbone.trunk.blocks.12.mlp.fc2.bias', 'detector.backbone.vision_backbone.trunk.blocks.28.mlp.fc2.bias', 'detector.backbone.vision_backbone.trunk.blocks.0.mlp.fc1.bias', 'detector.backbone.vision_backbone.trunk.blocks.31.attn.proj.bias', 'detector.backbone.vision_backbone.trunk.blocks.3.norm2.bias', 'detector.backbone.vision_backbone.trunk.blocks.10.mlp.fc2.bias', 'detector.backbone.vision_backbone.trunk.blocks.10.norm1.weight', 'detector.backbone.vision_backbone.trunk.blocks.19.norm1.bias', 'detector.backbone.vision_backbone.sam2_convs.2.conv_1x1.weight', 'detector.backbone.vision_backbone.trunk.blocks.5.mlp.fc2.weight', 'detector.backbone.vision_backbone.trunk.blocks.0.attn.qkv.bias', 'detector.backbone.vision_backbone.trunk.blocks.16.attn.proj.bias', 'detector.backbone.vision_backbone.trunk.blocks.25.mlp.fc1.bias', 'detector.backbone.vision_backbone.trunk.blocks.19.attn.qkv.bias', 'detector.backbone.vision_backbone.sam2_convs.0.dconv_2x2_1.weight', 'detector.backbone.vision_backbone.trunk.blocks.23.mlp.fc2.bias', 'detector.backbone.vision_backbone.trunk.blocks.15.mlp.fc2.bias', 'detector.backbone.vision_backbone.trunk.blocks.9.mlp.fc2.bias', 'detector.backbone.vision_backbone.trunk.blocks.14.attn.proj.bias', 'detector.backbone.vision_backbone.trunk.blocks.11.mlp.fc2.bias', 'detector.backbone.vision_backbone.convs.1.dconv_2x2.weight', 'detector.backbone.vision_backbone.trunk.blocks.18.mlp.fc2.bias', 'detector.backbone.vision_backbone.trunk.blocks.11.norm2.weight', 'detector.backbone.vision_backbone.trunk.blocks.26.attn.proj.weight', 'detector.backbone.vision_backbone.trunk.blocks.0.mlp.fc2.bias', 'detector.backbone.vision_backbone.convs.2.conv_3x3.bias', 'detector.backbone.vision_backbone.trunk.blocks.24.mlp.fc1.bias', 'detector.backbone.vision_backbone.trunk.blocks.25.norm1.weight', 'detector.backbone.vision_backbone.trunk.blocks.20.mlp.fc2.weight', 'detector.backbone.vision_backbone.trunk.blocks.13.norm2.bias', 'detector.backbone.vision_backbone.trunk.blocks.31.norm1.weight', 'detector.backbone.vision_backbone.trunk.blocks.14.norm2.weight', 'detector.backbone.vision_backbone.trunk.blocks.23.mlp.fc1.weight', 'detector.backbone.vision_backbone.trunk.blocks.2.mlp.fc1.weight', 'detector.backbone.vision_backbone.trunk.blocks.6.attn.proj.bias', 'detector.backbone.vision_backbone.convs.1.conv_1x1.weight', 'detector.backbone.vision_backbone.trunk.blocks.27.attn.qkv.bias', 'detector.backbone.vision_backbone.trunk.blocks.27.mlp.fc1.weight', 'detector.backbone.vision_backbone.trunk.blocks.13.attn.proj.weight', 'detector.backbone.vision_backbone.trunk.blocks.31.attn.proj.weight', 'detector.backbone.vision_backbone.trunk.blocks.7.mlp.fc1.bias', 'detector.backbone.vision_backbone.trunk.blocks.22.norm1.bias', 'detector.backbone.vision_backbone.trunk.blocks.28.norm1.weight', 'detector.backbone.vision_backbone.trunk.blocks.9.attn.qkv.bias', 'detector.backbone.vision_backbone.trunk.blocks.22.attn.qkv.weight', 'detector.backbone.vision_backbone.trunk.blocks.3.attn.proj.bias', 'detector.backbone.vision_backbone.convs.0.conv_3x3.weight', 'detector.backbone.vision_backbone.trunk.blocks.4.norm2.weight', 'detector.backbone.vision_backbone.sam2_convs.3.conv_3x3.bias', 'detector.backbone.vision_backbone.trunk.blocks.14.mlp.fc1.weight', 'detector.backbone.vision_backbone.trunk.blocks.26.mlp.fc2.bias', 'detector.backbone.vision_backbone.trunk.blocks.0.norm1.weight', 'detector.backbone.vision_backbone.trunk.blocks.24.mlp.fc1.weight', 'detector.backbone.vision_backbone.trunk.blocks.19.mlp.fc1.bias', 'detector.backbone.vision_backbone.trunk.blocks.20.norm2.weight', 'detector.backbone.vision_backbone.trunk.blocks.22.norm2.weight', 'detector.backbone.vision_backbone.trunk.blocks.26.attn.qkv.bias', 'detector.backbone.vision_backbone.trunk.blocks.3.attn.proj.weight', 'detector.backbone.vision_backbone.trunk.blocks.30.attn.proj.weight', 'detector.backbone.vision_backbone.trunk.blocks.7.norm1.bias', 'detector.backbone.vision_backbone.trunk.blocks.21.norm1.bias', 'detector.backbone.vision_backbone.trunk.blocks.29.mlp.fc1.bias', 'detector.backbone.vision_backbone.trunk.blocks.11.attn.qkv.weight', 'detector.backbone.vision_backbone.trunk.blocks.24.attn.proj.weight', 'detector.backbone.vision_backbone.trunk.blocks.17.mlp.fc1.weight', 'detector.backbone.vision_backbone.trunk.blocks.2.attn.qkv.weight', 'detector.backbone.vision_backbone.trunk.blocks.10.norm2.weight', 'detector.backbone.vision_backbone.trunk.blocks.27.mlp.fc1.bias', 'detector.backbone.vision_backbone.trunk.blocks.4.norm1.weight', 'detector.backbone.vision_backbone.trunk.blocks.22.norm1.weight', 'detector.backbone.vision_backbone.trunk.blocks.14.norm1.weight', 'detector.backbone.vision_backbone.trunk.blocks.7.attn.proj.bias', 'detector.backbone.vision_backbone.trunk.blocks.17.mlp.fc2.bias', 'detector.backbone.vision_backbone.trunk.blocks.23.mlp.fc1.bias', 'detector.backbone.vision_backbone.trunk.blocks.24.attn.qkv.bias', 'detector.backbone.vision_backbone.trunk.blocks.12.mlp.fc2.weight', 'detector.backbone.vision_backbone.trunk.blocks.5.attn.qkv.weight', 'detector.backbone.vision_backbone.trunk.blocks.9.mlp.fc1.bias', 'detector.backbone.vision_backbone.trunk.blocks.20.attn.proj.weight', 'detector.backbone.vision_backbone.trunk.blocks.10.mlp.fc1.bias', 'detector.backbone.vision_backbone.convs.2.conv_3x3.weight', 'detector.backbone.vision_backbone.trunk.blocks.13.mlp.fc2.weight', 'detector.backbone.vision_backbone.trunk.blocks.23.norm1.weight', 'detector.backbone.vision_backbone.trunk.blocks.23.attn.proj.bias', 'detector.backbone.vision_backbone.trunk.blocks.0.attn.proj.weight', 'detector.backbone.vision_backbone.convs.0.dconv_2x2_1.bias', 'detector.backbone.vision_backbone.trunk.blocks.4.attn.qkv.bias', 'detector.backbone.vision_backbone.trunk.blocks.6.mlp.fc1.weight', 'detector.backbone.vision_backbone.trunk.blocks.26.norm1.bias', 'detector.backbone.vision_backbone.trunk.blocks.13.attn.proj.bias', 'detector.backbone.vision_backbone.trunk.blocks.11.norm1.weight', 'detector.backbone.vision_backbone.trunk.blocks.14.norm2.bias', 'detector.backbone.vision_backbone.trunk.blocks.26.mlp.fc2.weight', 'detector.backbone.vision_backbone.trunk.blocks.15.attn.qkv.bias', 'detector.backbone.vision_backbone.trunk.blocks.7.mlp.fc2.bias', 'detector.backbone.vision_backbone.trunk.blocks.3.mlp.fc1.bias', 'detector.backbone.vision_backbone.trunk.blocks.1.norm2.weight', 'detector.backbone.vision_backbone.trunk.blocks.27.norm1.weight', 'detector.backbone.vision_backbone.trunk.blocks.16.attn.proj.weight', 'detector.backbone.vision_backbone.trunk.blocks.9.attn.proj.bias', 'detector.backbone.vision_backbone.trunk.blocks.21.attn.qkv.weight', 'detector.backbone.vision_backbone.trunk.blocks.28.mlp.fc2.weight', 'detector.backbone.vision_backbone.trunk.blocks.18.attn.qkv.weight', 'detector.backbone.vision_backbone.trunk.blocks.13.norm2.weight', 'detector.backbone.vision_backbone.trunk.pos_embed', 'detector.backbone.vision_backbone.trunk.blocks.0.attn.proj.bias', 'detector.backbone.vision_backbone.sam2_convs.0.conv_3x3.bias', 'detector.backbone.vision_backbone.trunk.blocks.21.attn.proj.bias', 'detector.backbone.vision_backbone.trunk.blocks.20.attn.qkv.weight', 'detector.backbone.vision_backbone.trunk.blocks.31.norm1.bias', 'detector.backbone.vision_backbone.trunk.blocks.14.attn.qkv.bias', 'detector.backbone.vision_backbone.trunk.blocks.16.attn.qkv.bias', 'detector.backbone.vision_backbone.trunk.blocks.18.attn.proj.bias', 'detector.backbone.vision_backbone.trunk.blocks.29.norm2.bias', 'detector.backbone.vision_backbone.trunk.blocks.14.attn.proj.weight', 'detector.backbone.vision_backbone.trunk.blocks.22.attn.proj.weight', 'detector.backbone.vision_backbone.trunk.blocks.10.mlp.fc2.weight', 'detector.backbone.vision_backbone.trunk.blocks.16.attn.qkv.weight', 'detector.backbone.vision_backbone.trunk.blocks.10.attn.proj.weight', 'detector.backbone.vision_backbone.trunk.blocks.9.norm1.bias', 'detector.backbone.vision_backbone.trunk.blocks.29.mlp.fc2.weight', 'detector.backbone.vision_backbone.trunk.blocks.17.mlp.fc1.bias', 'detector.backbone.vision_backbone.trunk.blocks.25.norm1.bias', 'detector.backbone.vision_backbone.trunk.blocks.5.mlp.fc1.bias', 'detector.backbone.vision_backbone.trunk.blocks.12.mlp.fc1.bias', 'detector.backbone.vision_backbone.trunk.blocks.7.norm2.weight', 'detector.backbone.vision_backbone.trunk.blocks.3.mlp.fc2.bias', 'detector.backbone.vision_backbone.trunk.blocks.30.attn.qkv.weight', 'detector.backbone.vision_backbone.sam2_convs.0.dconv_2x2_1.bias', 'detector.backbone.vision_backbone.trunk.blocks.3.norm1.bias', 'detector.backbone.vision_backbone.trunk.blocks.6.mlp.fc1.bias', 'detector.backbone.vision_backbone.trunk.blocks.1.mlp.fc1.bias', 'detector.backbone.vision_backbone.sam2_convs.0.dconv_2x2_0.bias', 'detector.backbone.vision_backbone.trunk.blocks.24.norm2.bias', 'detector.backbone.vision_backbone.trunk.blocks.8.norm1.bias', 'detector.backbone.vision_backbone.trunk.blocks.7.attn.qkv.bias', 'detector.backbone.vision_backbone.trunk.blocks.7.norm1.weight', 'detector.backbone.vision_backbone.trunk.blocks.6.mlp.fc2.weight', 'detector.backbone.vision_backbone.trunk.blocks.22.mlp.fc1.weight', 'detector.backbone.vision_backbone.trunk.blocks.5.attn.proj.bias', 'detector.backbone.vision_backbone.trunk.blocks.23.norm2.bias', 'detector.backbone.vision_backbone.trunk.blocks.24.mlp.fc2.bias', 'detector.backbone.vision_backbone.trunk.blocks.31.mlp.fc2.bias', 'detector.backbone.vision_backbone.trunk.blocks.17.attn.proj.bias', 'detector.backbone.vision_backbone.trunk.blocks.10.attn.proj.bias', 'detector.backbone.vision_backbone.trunk.blocks.18.attn.qkv.bias', 'detector.backbone.vision_backbone.trunk.blocks.25.norm2.bias', 'detector.backbone.vision_backbone.trunk.blocks.3.mlp.fc1.weight', 'detector.backbone.vision_backbone.trunk.blocks.9.norm1.weight', 'detector.backbone.vision_backbone.trunk.blocks.23.norm1.bias', 'detector.backbone.vision_backbone.trunk.blocks.15.attn.proj.bias', 'detector.backbone.vision_backbone.trunk.blocks.26.norm2.weight', 'detector.backbone.vision_backbone.trunk.blocks.29.mlp.fc2.bias', 'detector.backbone.vision_backbone.trunk.blocks.24.attn.proj.bias', 'detector.backbone.vision_backbone.trunk.blocks.17.attn.qkv.weight', 'detector.backbone.vision_backbone.trunk.blocks.12.attn.qkv.bias', 'detector.backbone.vision_backbone.trunk.blocks.16.norm2.weight', 'detector.backbone.vision_backbone.trunk.blocks.6.norm2.bias', 'detector.backbone.vision_backbone.trunk.blocks.12.attn.proj.weight', 'detector.backbone.vision_backbone.trunk.blocks.22.attn.proj.bias', 'detector.backbone.vision_backbone.trunk.blocks.9.norm2.weight', 'detector.backbone.vision_backbone.trunk.blocks.17.norm1.weight', 'detector.backbone.vision_backbone.convs.2.conv_1x1.weight', 'detector.backbone.vision_backbone.sam2_convs.0.conv_3x3.weight', 'detector.backbone.vision_backbone.trunk.blocks.6.norm1.bias', 'detector.backbone.vision_backbone.trunk.blocks.14.mlp.fc1.bias', 'detector.backbone.vision_backbone.trunk.blocks.30.norm2.bias', 'detector.backbone.vision_backbone.trunk.blocks.8.attn.qkv.weight', 'detector.backbone.vision_backbone.trunk.blocks.11.attn.proj.weight', 'detector.backbone.vision_backbone.trunk.blocks.8.mlp.fc2.bias', 'detector.backbone.vision_backbone.trunk.blocks.14.attn.qkv.weight', 'detector.backbone.vision_backbone.trunk.blocks.12.norm1.weight', 'detector.backbone.vision_backbone.convs.1.conv_3x3.weight', 'detector.backbone.vision_backbone.trunk.blocks.8.norm2.weight', 'detector.backbone.vision_backbone.trunk.blocks.31.norm2.weight', 'detector.backbone.vision_backbone.trunk.blocks.31.mlp.fc1.bias', 'detector.backbone.vision_backbone.trunk.blocks.2.attn.proj.bias', 'detector.backbone.vision_backbone.trunk.blocks.26.mlp.fc1.weight', 'detector.backbone.vision_backbone.convs.0.dconv_2x2_1.weight', 'detector.backbone.vision_backbone.trunk.blocks.10.mlp.fc1.weight', 'detector.backbone.vision_backbone.convs.1.dconv_2x2.bias', 'detector.backbone.vision_backbone.trunk.blocks.5.mlp.fc2.bias', 'detector.backbone.vision_backbone.trunk.blocks.15.attn.proj.weight', 'detector.backbone.vision_backbone.trunk.blocks.10.attn.qkv.weight', 'detector.backbone.vision_backbone.trunk.blocks.16.norm2.bias', 'detector.backbone.vision_backbone.trunk.blocks.26.mlp.fc1.bias', 'detector.backbone.vision_backbone.trunk.blocks.25.attn.qkv.bias', 'detector.backbone.vision_backbone.trunk.blocks.6.mlp.fc2.bias', 'detector.backbone.vision_backbone.trunk.blocks.4.attn.qkv.weight', 'detector.backbone.vision_backbone.trunk.blocks.30.norm1.weight', 'detector.backbone.vision_backbone.trunk.blocks.25.attn.proj.bias', 'detector.backbone.vision_backbone.convs.0.dconv_2x2_0.weight', 'detector.backbone.vision_backbone.trunk.blocks.30.attn.proj.bias', 'detector.backbone.vision_backbone.trunk.blocks.1.norm1.bias', 'detector.backbone.vision_backbone.trunk.blocks.1.mlp.fc2.bias', 'detector.backbone.vision_backbone.trunk.blocks.22.attn.qkv.bias', 'detector.backbone.vision_backbone.trunk.blocks.27.norm2.weight', 'detector.backbone.vision_backbone.trunk.blocks.24.norm1.weight', 'detector.backbone.vision_backbone.convs.0.dconv_2x2_0.bias', 'detector.backbone.vision_backbone.trunk.blocks.9.norm2.bias', 'detector.backbone.vision_backbone.trunk.blocks.7.attn.qkv.weight', 'detector.backbone.vision_backbone.trunk.blocks.15.norm2.bias', 'detector.backbone.vision_backbone.trunk.blocks.23.attn.qkv.bias', 'detector.backbone.vision_backbone.trunk.blocks.0.attn.qkv.weight', 'detector.backbone.vision_backbone.trunk.blocks.30.mlp.fc2.bias', 'detector.backbone.vision_backbone.trunk.blocks.25.mlp.fc2.weight', 'detector.backbone.vision_backbone.trunk.blocks.23.norm2.weight', 'detector.backbone.vision_backbone.convs.3.conv_3x3.weight', 'detector.backbone.vision_backbone.trunk.blocks.25.mlp.fc2.bias', 'detector.backbone.vision_backbone.convs.3.conv_1x1.weight', 'detector.backbone.vision_backbone.trunk.blocks.22.mlp.fc2.weight', 'detector.backbone.vision_backbone.trunk.blocks.25.attn.qkv.weight', 'detector.backbone.vision_backbone.sam2_convs.3.conv_1x1.bias', 'detector.backbone.vision_backbone.trunk.blocks.31.mlp.fc1.weight', 'detector.backbone.vision_backbone.trunk.blocks.4.mlp.fc1.bias', 'detector.backbone.vision_backbone.trunk.blocks.27.attn.qkv.weight', 'detector.backbone.vision_backbone.trunk.blocks.8.attn.qkv.bias', 'detector.backbone.vision_backbone.trunk.blocks.19.attn.qkv.weight', 'detector.backbone.vision_backbone.trunk.blocks.9.mlp.fc2.weight', 'detector.backbone.vision_backbone.trunk.patch_embed.proj.weight', 'detector.backbone.vision_backbone.sam2_convs.1.conv_3x3.bias', 'detector.backbone.vision_backbone.trunk.blocks.11.attn.qkv.bias', 'detector.backbone.vision_backbone.trunk.blocks.19.norm2.weight', 'detector.backbone.vision_backbone.trunk.blocks.0.norm2.weight', 'detector.backbone.vision_backbone.sam2_convs.0.conv_1x1.weight', 'detector.backbone.vision_backbone.trunk.blocks.15.mlp.fc1.weight', 'detector.backbone.vision_backbone.trunk.blocks.21.attn.proj.weight', 'detector.backbone.vision_backbone.trunk.blocks.10.norm1.bias', 'detector.backbone.vision_backbone.trunk.blocks.29.attn.proj.bias', 'detector.backbone.vision_backbone.trunk.blocks.9.attn.qkv.weight', 'detector.backbone.vision_backbone.trunk.blocks.6.norm1.weight', 'detector.backbone.vision_backbone.trunk.blocks.8.mlp.fc1.weight', 'detector.backbone.vision_backbone.trunk.blocks.6.norm2.weight', 'detector.backbone.vision_backbone.trunk.blocks.7.attn.proj.weight', 'detector.backbone.vision_backbone.trunk.blocks.0.mlp.fc2.weight', 'detector.backbone.vision_backbone.trunk.blocks.19.mlp.fc1.weight', 'detector.backbone.vision_backbone.trunk.blocks.19.attn.proj.bias', 'detector.backbone.vision_backbone.trunk.blocks.26.attn.proj.bias', 'detector.backbone.vision_backbone.convs.2.conv_1x1.bias', 'detector.backbone.vision_backbone.trunk.blocks.27.norm2.bias', 'detector.backbone.vision_backbone.trunk.blocks.17.norm2.weight', 'detector.backbone.vision_backbone.trunk.blocks.8.attn.proj.bias', 'detector.backbone.vision_backbone.sam2_convs.2.conv_3x3.weight', 'detector.backbone.vision_backbone.trunk.blocks.10.attn.qkv.bias', 'detector.backbone.vision_backbone.convs.0.conv_3x3.bias'}
INFO 2026-05-27 15:53:26,650 optimizer.py: 244: Matches for param_name [tracker.maskmem_backbone.*]: {'tracker.maskmem_backbone.mask_downsampler.encoder.12.weight', 'tracker.maskmem_backbone.fuser.layers.0.pwconv1.weight', 'tracker.maskmem_backbone.fuser.layers.0.pwconv2.bias', 'tracker.maskmem_backbone.mask_downsampler.encoder.0.bias', 'tracker.maskmem_backbone.mask_downsampler.encoder.10.weight', 'tracker.maskmem_backbone.pix_feat_proj.weight', 'tracker.maskmem_backbone.fuser.layers.1.norm.weight', 'tracker.maskmem_backbone.fuser.layers.1.pwconv1.weight', 'tracker.maskmem_backbone.out_proj.bias', 'tracker.maskmem_backbone.fuser.layers.1.pwconv2.weight', 'tracker.maskmem_backbone.fuser.layers.1.gamma', 'tracker.maskmem_backbone.fuser.layers.1.norm.bias', 'tracker.maskmem_backbone.fuser.layers.1.dwconv.bias', 'tracker.maskmem_backbone.mask_downsampler.encoder.0.weight', 'tracker.maskmem_backbone.mask_downsampler.encoder.9.weight', 'tracker.maskmem_backbone.mask_downsampler.encoder.3.bias', 'tracker.maskmem_backbone.mask_downsampler.encoder.1.bias', 'tracker.maskmem_backbone.fuser.layers.0.dwconv.weight', 'tracker.maskmem_backbone.fuser.layers.0.dwconv.bias', 'tracker.maskmem_backbone.out_proj.weight', 'tracker.maskmem_backbone.fuser.layers.0.pwconv2.weight', 'tracker.maskmem_backbone.mask_downsampler.encoder.3.weight', 'tracker.maskmem_backbone.mask_downsampler.encoder.10.bias', 'tracker.maskmem_backbone.mask_downsampler.encoder.9.bias', 'tracker.maskmem_backbone.fuser.layers.0.pwconv1.bias', 'tracker.maskmem_backbone.mask_downsampler.encoder.1.weight', 'tracker.maskmem_backbone.pix_feat_proj.bias', 'tracker.maskmem_backbone.fuser.layers.1.pwconv1.bias', 'tracker.maskmem_backbone.fuser.layers.0.norm.weight', 'tracker.maskmem_backbone.mask_downsampler.encoder.7.weight', 'tracker.maskmem_backbone.mask_downsampler.encoder.6.weight', 'tracker.maskmem_backbone.fuser.layers.1.pwconv2.bias', 'tracker.maskmem_backbone.mask_downsampler.encoder.7.bias', 'tracker.maskmem_backbone.mask_downsampler.encoder.6.bias', 'tracker.maskmem_backbone.mask_downsampler.encoder.4.bias', 'tracker.maskmem_backbone.mask_downsampler.encoder.12.bias', 'tracker.maskmem_backbone.mask_downsampler.encoder.4.weight', 'tracker.maskmem_backbone.fuser.layers.0.norm.bias', 'tracker.maskmem_backbone.fuser.layers.1.dwconv.weight', 'tracker.maskmem_backbone.fuser.layers.0.gamma'}
INFO 2026-05-27 15:53:26,650 optimizer.py: 244: Matches for param_name [detector.backbone.language_backbone.*]: {'detector.backbone.language_backbone.encoder.transformer.resblocks.9.mlp.c_fc.weight', 'detector.backbone.language_backbone.encoder.transformer.resblocks.15.mlp.c_proj.weight', 'detector.backbone.language_backbone.encoder.transformer.resblocks.12.attn.in_proj_weight', 'detector.backbone.language_backbone.encoder.transformer.resblocks.2.attn.out_proj.bias', 'detector.backbone.language_backbone.encoder.transformer.resblocks.22.mlp.c_fc.weight', 'detector.backbone.language_backbone.encoder.transformer.resblocks.21.mlp.c_proj.bias', 'detector.backbone.language_backbone.encoder.transformer.resblocks.6.attn.in_proj_weight', 'detector.backbone.language_backbone.encoder.transformer.resblocks.10.ln_2.weight', 'detector.backbone.language_backbone.encoder.transformer.resblocks.13.ln_2.weight', 'detector.backbone.language_backbone.encoder.transformer.resblocks.21.ln_2.bias', 'detector.backbone.language_backbone.encoder.transformer.resblocks.12.mlp.c_fc.weight', 'detector.backbone.language_backbone.encoder.transformer.resblocks.14.ln_1.bias', 'detector.backbone.language_backbone.encoder.transformer.resblocks.6.mlp.c_proj.bias', 'detector.backbone.language_backbone.encoder.transformer.resblocks.20.attn.in_proj_bias', 'detector.backbone.language_backbone.encoder.transformer.resblocks.4.ln_1.bias', 'detector.backbone.language_backbone.encoder.transformer.resblocks.9.ln_1.weight', 'detector.backbone.language_backbone.encoder.transformer.resblocks.13.attn.out_proj.weight', 'detector.backbone.language_backbone.encoder.transformer.resblocks.12.ln_2.bias', 'detector.backbone.language_backbone.encoder.transformer.resblocks.20.mlp.c_proj.weight', 'detector.backbone.language_backbone.encoder.transformer.resblocks.17.attn.in_proj_weight', 'detector.backbone.language_backbone.encoder.transformer.resblocks.19.attn.out_proj.weight', 'detector.backbone.language_backbone.encoder.transformer.resblocks.1.attn.out_proj.weight', 'detector.backbone.language_backbone.encoder.transformer.resblocks.4.ln_1.weight', 'detector.backbone.language_backbone.encoder.transformer.resblocks.2.mlp.c_fc.bias', 'detector.backbone.language_backbone.encoder.transformer.resblocks.8.mlp.c_fc.weight', 'detector.backbone.language_backbone.encoder.transformer.resblocks.8.ln_1.bias', 'detector.backbone.language_backbone.encoder.transformer.resblocks.13.attn.in_proj_bias', 'detector.backbone.language_backbone.encoder.transformer.resblocks.22.attn.in_proj_weight', 'detector.backbone.language_backbone.encoder.transformer.resblocks.3.mlp.c_fc.weight', 'detector.backbone.language_backbone.encoder.transformer.resblocks.22.ln_1.weight', 'detector.backbone.language_backbone.encoder.transformer.resblocks.13.ln_2.bias', 'detector.backbone.language_backbone.encoder.transformer.resblocks.21.attn.out_proj.bias', 'detector.backbone.language_backbone.encoder.transformer.resblocks.2.ln_2.weight', 'detector.backbone.language_backbone.encoder.transformer.resblocks.9.attn.out_proj.bias', 'detector.backbone.language_backbone.encoder.transformer.resblocks.19.ln_1.weight', 'detector.backbone.language_backbone.encoder.transformer.resblocks.0.attn.out_proj.bias', 'detector.backbone.language_backbone.encoder.transformer.resblocks.7.ln_1.weight', 'detector.backbone.language_backbone.encoder.transformer.resblocks.14.mlp.c_proj.weight', 'detector.backbone.language_backbone.encoder.transformer.resblocks.13.ln_1.weight', 'detector.backbone.language_backbone.encoder.transformer.resblocks.22.attn.out_proj.weight', 'detector.backbone.language_backbone.encoder.transformer.resblocks.9.attn.in_proj_weight', 'detector.backbone.language_backbone.encoder.transformer.resblocks.15.ln_2.bias', 'detector.backbone.language_backbone.encoder.transformer.resblocks.11.mlp.c_proj.weight', 'detector.backbone.language_backbone.encoder.transformer.resblocks.7.ln_2.bias', 'detector.backbone.language_backbone.encoder.transformer.resblocks.19.mlp.c_fc.weight', 'detector.backbone.language_backbone.encoder.transformer.resblocks.6.mlp.c_fc.weight', 'detector.backbone.language_backbone.encoder.transformer.resblocks.20.ln_2.weight', 'detector.backbone.language_backbone.encoder.transformer.resblocks.17.attn.out_proj.bias', 'detector.backbone.language_backbone.encoder.transformer.resblocks.17.ln_1.weight', 'detector.backbone.language_backbone.encoder.transformer.resblocks.12.mlp.c_fc.bias', 'detector.backbone.language_backbone.encoder.transformer.resblocks.18.ln_1.weight', 'detector.backbone.language_backbone.encoder.transformer.resblocks.4.ln_2.weight', 'detector.backbone.language_backbone.encoder.transformer.resblocks.0.mlp.c_fc.weight', 'detector.backbone.language_backbone.encoder.transformer.resblocks.22.mlp.c_proj.weight', 'detector.backbone.language_backbone.encoder.transformer.resblocks.11.ln_2.weight', 'detector.backbone.language_backbone.encoder.transformer.resblocks.0.mlp.c_proj.weight', 'detector.backbone.language_backbone.encoder.ln_final.weight', 'detector.backbone.language_backbone.encoder.transformer.resblocks.23.ln_1.bias', 'detector.backbone.language_backbone.encoder.transformer.resblocks.18.ln_2.bias', 'detector.backbone.language_backbone.encoder.transformer.resblocks.10.mlp.c_fc.weight', 'detector.backbone.language_backbone.resizer.weight', 'detector.backbone.language_backbone.encoder.transformer.resblocks.15.mlp.c_fc.weight', 'detector.backbone.language_backbone.encoder.transformer.resblocks.9.ln_2.weight', 'detector.backbone.language_backbone.encoder.transformer.resblocks.14.ln_1.weight', 'detector.backbone.language_backbone.encoder.transformer.resblocks.6.attn.out_proj.weight', 'detector.backbone.language_backbone.encoder.transformer.resblocks.23.ln_1.weight', 'detector.backbone.language_backbone.encoder.transformer.resblocks.15.ln_1.weight', 'detector.backbone.language_backbone.encoder.transformer.resblocks.22.ln_2.bias', 'detector.backbone.language_backbone.encoder.transformer.resblocks.19.ln_2.bias', 'detector.backbone.language_backbone.encoder.transformer.resblocks.6.ln_1.bias', 'detector.backbone.language_backbone.encoder.transformer.resblocks.10.mlp.c_fc.bias', 'detector.backbone.language_backbone.encoder.transformer.resblocks.22.mlp.c_proj.bias', 'detector.backbone.language_backbone.encoder.transformer.resblocks.9.ln_2.bias', 'detector.backbone.language_backbone.encoder.transformer.resblocks.16.ln_1.weight', 'detector.backbone.language_backbone.encoder.transformer.resblocks.0.ln_2.weight', 'detector.backbone.language_backbone.encoder.transformer.resblocks.10.attn.in_proj_bias', 'detector.backbone.language_backbone.encoder.transformer.resblocks.1.attn.in_proj_weight', 'detector.backbone.language_backbone.encoder.transformer.resblocks.5.ln_1.bias', 'detector.backbone.language_backbone.encoder.transformer.resblocks.14.attn.out_proj.bias', 'detector.backbone.language_backbone.encoder.transformer.resblocks.16.ln_1.bias', 'detector.backbone.language_backbone.encoder.transformer.resblocks.20.mlp.c_fc.bias', 'detector.backbone.language_backbone.encoder.transformer.resblocks.1.attn.out_proj.bias', 'detector.backbone.language_backbone.encoder.transformer.resblocks.11.attn.in_proj_bias', 'detector.backbone.language_backbone.encoder.transformer.resblocks.3.ln_2.weight', 'detector.backbone.language_backbone.encoder.transformer.resblocks.18.attn.in_proj_bias', 'detector.backbone.language_backbone.encoder.transformer.resblocks.15.attn.in_proj_weight', 'detector.backbone.language_backbone.encoder.transformer.resblocks.20.ln_1.weight', 'detector.backbone.language_backbone.encoder.transformer.resblocks.21.ln_1.weight', 'detector.backbone.language_backbone.encoder.transformer.resblocks.11.mlp.c_fc.bias', 'detector.backbone.language_backbone.encoder.transformer.resblocks.20.mlp.c_proj.bias', 'detector.backbone.language_backbone.encoder.transformer.resblocks.2.attn.in_proj_weight', 'detector.backbone.language_backbone.encoder.transformer.resblocks.8.attn.out_proj.bias', 'detector.backbone.language_backbone.encoder.transformer.resblocks.12.attn.out_proj.weight', 'detector.backbone.language_backbone.encoder.transformer.resblocks.12.mlp.c_proj.bias', 'detector.backbone.language_backbone.encoder.transformer.resblocks.19.mlp.c_proj.bias', 'detector.backbone.language_backbone.encoder.transformer.resblocks.16.ln_2.bias', 'detector.backbone.language_backbone.encoder.transformer.resblocks.8.attn.in_proj_bias', 'detector.backbone.language_backbone.encoder.transformer.resblocks.4.attn.in_proj_weight', 'detector.backbone.language_backbone.encoder.transformer.resblocks.0.mlp.c_fc.bias', 'detector.backbone.language_backbone.encoder.transformer.resblocks.18.mlp.c_proj.bias', 'detector.backbone.language_backbone.encoder.transformer.resblocks.18.mlp.c_fc.weight', 'detector.backbone.language_backbone.encoder.transformer.resblocks.18.ln_1.bias', 'detector.backbone.language_backbone.encoder.transformer.resblocks.20.attn.out_proj.weight', 'detector.backbone.language_backbone.encoder.transformer.resblocks.16.mlp.c_fc.weight', 'detector.backbone.language_backbone.encoder.transformer.resblocks.12.attn.out_proj.bias', 'detector.backbone.language_backbone.encoder.transformer.resblocks.13.mlp.c_fc.weight', 'detector.backbone.language_backbone.encoder.transformer.resblocks.12.mlp.c_proj.weight', 'detector.backbone.language_backbone.encoder.transformer.resblocks.5.attn.in_proj_weight', 'detector.backbone.language_backbone.encoder.transformer.resblocks.17.ln_2.weight', 'detector.backbone.language_backbone.encoder.transformer.resblocks.21.attn.in_proj_bias', 'detector.backbone.language_backbone.encoder.transformer.resblocks.2.ln_1.bias', 'detector.backbone.language_backbone.encoder.transformer.resblocks.16.attn.out_proj.weight', 'detector.backbone.language_backbone.encoder.transformer.resblocks.4.mlp.c_proj.bias', 'detector.backbone.language_backbone.encoder.transformer.resblocks.16.mlp.c_proj.bias', 'detector.backbone.language_backbone.encoder.transformer.resblocks.8.mlp.c_proj.weight', 'detector.backbone.language_backbone.encoder.transformer.resblocks.8.ln_2.weight', 'detector.backbone.language_backbone.encoder.transformer.resblocks.23.mlp.c_proj.weight', 'detector.backbone.language_backbone.encoder.transformer.resblocks.19.attn.out_proj.bias', 'detector.backbone.language_backbone.encoder.transformer.resblocks.22.mlp.c_fc.bias', 'detector.backbone.language_backbone.encoder.transformer.resblocks.4.attn.in_proj_bias', 'detector.backbone.language_backbone.encoder.transformer.resblocks.3.attn.in_proj_bias', 'detector.backbone.language_backbone.encoder.transformer.resblocks.16.mlp.c_proj.weight', 'detector.backbone.language_backbone.encoder.transformer.resblocks.23.attn.in_proj_weight', 'detector.backbone.language_backbone.encoder.transformer.resblocks.3.mlp.c_proj.bias', 'detector.backbone.language_backbone.encoder.transformer.resblocks.0.attn.in_proj_bias', 'detector.backbone.language_backbone.encoder.transformer.resblocks.23.mlp.c_fc.weight', 'detector.backbone.language_backbone.encoder.transformer.resblocks.7.attn.in_proj_weight', 'detector.backbone.language_backbone.encoder.transformer.resblocks.20.attn.out_proj.bias', 'detector.backbone.language_backbone.encoder.transformer.resblocks.1.ln_2.weight', 'detector.backbone.language_backbone.encoder.transformer.resblocks.3.mlp.c_fc.bias', 'detector.backbone.language_backbone.encoder.transformer.resblocks.14.mlp.c_proj.bias', 'detector.backbone.language_backbone.encoder.transformer.resblocks.7.mlp.c_proj.bias', 'detector.backbone.language_backbone.encoder.transformer.resblocks.18.attn.out_proj.weight', 'detector.backbone.language_backbone.encoder.transformer.resblocks.23.mlp.c_fc.bias', 'detector.backbone.language_backbone.encoder.transformer.resblocks.4.mlp.c_fc.weight', 'detector.backbone.language_backbone.encoder.transformer.resblocks.0.ln_1.bias', 'detector.backbone.language_backbone.encoder.transformer.resblocks.21.attn.out_proj.weight', 'detector.backbone.language_backbone.encoder.transformer.resblocks.15.mlp.c_fc.bias', 'detector.backbone.language_backbone.encoder.transformer.resblocks.13.ln_1.bias', 'detector.backbone.language_backbone.encoder.transformer.resblocks.10.ln_1.bias', 'detector.backbone.language_backbone.encoder.transformer.resblocks.6.mlp.c_fc.bias', 'detector.backbone.language_backbone.encoder.transformer.resblocks.10.attn.out_proj.weight', 'detector.backbone.language_backbone.encoder.transformer.resblocks.18.attn.in_proj_weight', 'detector.backbone.language_backbone.encoder.transformer.resblocks.5.ln_2.bias', 'detector.backbone.language_backbone.encoder.transformer.resblocks.13.mlp.c_fc.bias', 'detector.backbone.language_backbone.encoder.transformer.resblocks.17.mlp.c_fc.weight', 'detector.backbone.language_backbone.encoder.transformer.resblocks.23.mlp.c_proj.bias', 'detector.backbone.language_backbone.encoder.transformer.resblocks.5.attn.in_proj_bias', 'detector.backbone.language_backbone.encoder.transformer.resblocks.20.ln_2.bias', 'detector.backbone.language_backbone.encoder.transformer.resblocks.14.ln_2.bias', 'detector.backbone.language_backbone.encoder.transformer.resblocks.2.mlp.c_proj.weight', 'detector.backbone.language_backbone.encoder.transformer.resblocks.5.ln_1.weight', 'detector.backbone.language_backbone.encoder.transformer.resblocks.7.attn.out_proj.bias', 'detector.backbone.language_backbone.encoder.positional_embedding', 'detector.backbone.language_backbone.encoder.transformer.resblocks.22.ln_1.bias', 'detector.backbone.language_backbone.encoder.transformer.resblocks.1.ln_2.bias', 'detector.backbone.language_backbone.encoder.transformer.resblocks.4.ln_2.bias', 'detector.backbone.language_backbone.encoder.transformer.resblocks.6.ln_1.weight', 'detector.backbone.language_backbone.encoder.transformer.resblocks.11.attn.in_proj_weight', 'detector.backbone.language_backbone.encoder.transformer.resblocks.14.mlp.c_fc.bias', 'detector.backbone.language_backbone.encoder.transformer.resblocks.14.ln_2.weight', 'detector.backbone.language_backbone.encoder.token_embedding.weight', 'detector.backbone.language_backbone.encoder.ln_final.bias', 'detector.backbone.language_backbone.encoder.transformer.resblocks.2.attn.out_proj.weight', 'detector.backbone.language_backbone.encoder.transformer.resblocks.3.ln_1.bias', 'detector.backbone.language_backbone.encoder.transformer.resblocks.6.ln_2.weight', 'detector.backbone.language_backbone.encoder.transformer.resblocks.7.attn.in_proj_bias', 'detector.backbone.language_backbone.encoder.transformer.resblocks.9.attn.in_proj_bias', 'detector.backbone.language_backbone.encoder.transformer.resblocks.0.ln_2.bias', 'detector.backbone.language_backbone.encoder.transformer.resblocks.9.mlp.c_fc.bias', 'detector.backbone.language_backbone.encoder.transformer.resblocks.3.mlp.c_proj.weight', 'detector.backbone.language_backbone.encoder.transformer.resblocks.14.attn.in_proj_weight', 'detector.backbone.language_backbone.encoder.transformer.resblocks.15.attn.out_proj.bias', 'detector.backbone.language_backbone.encoder.transformer.resblocks.11.attn.out_proj.bias', 'detector.backbone.language_backbone.encoder.transformer.resblocks.8.mlp.c_fc.bias', 'detector.backbone.language_backbone.encoder.transformer.resblocks.4.attn.out_proj.weight', 'detector.backbone.language_backbone.encoder.transformer.resblocks.20.attn.in_proj_weight', 'detector.backbone.language_backbone.encoder.transformer.resblocks.9.ln_1.bias', 'detector.backbone.language_backbone.encoder.transformer.resblocks.7.mlp.c_proj.weight', 'detector.backbone.language_backbone.encoder.transformer.resblocks.19.attn.in_proj_bias', 'detector.backbone.language_backbone.encoder.transformer.resblocks.2.attn.in_proj_bias', 'detector.backbone.language_backbone.encoder.transformer.resblocks.15.attn.in_proj_bias', 'detector.backbone.language_backbone.encoder.transformer.resblocks.10.mlp.c_proj.weight', 'detector.backbone.language_backbone.encoder.transformer.resblocks.3.attn.out_proj.bias', 'detector.backbone.language_backbone.encoder.transformer.resblocks.1.ln_1.bias', 'detector.backbone.language_backbone.encoder.transformer.resblocks.8.attn.out_proj.weight', 'detector.backbone.language_backbone.encoder.transformer.resblocks.7.ln_2.weight', 'detector.backbone.language_backbone.encoder.transformer.resblocks.15.mlp.c_proj.bias', 'detector.backbone.language_backbone.encoder.transformer.resblocks.23.attn.in_proj_bias', 'detector.backbone.language_backbone.encoder.transformer.resblocks.1.mlp.c_proj.weight', 'detector.backbone.language_backbone.encoder.transformer.resblocks.21.mlp.c_fc.weight', 'detector.backbone.language_backbone.encoder.transformer.resblocks.13.mlp.c_proj.bias', 'detector.backbone.language_backbone.encoder.transformer.resblocks.18.mlp.c_proj.weight', 'detector.backbone.language_backbone.encoder.transformer.resblocks.5.ln_2.weight', 'detector.backbone.language_backbone.encoder.transformer.resblocks.23.ln_2.weight', 'detector.backbone.language_backbone.encoder.transformer.resblocks.21.ln_2.weight', 'detector.backbone.language_backbone.encoder.transformer.resblocks.12.ln_2.weight', 'detector.backbone.language_backbone.encoder.transformer.resblocks.11.ln_1.bias', 'detector.backbone.language_backbone.encoder.transformer.resblocks.2.ln_2.bias', 'detector.backbone.language_backbone.encoder.transformer.resblocks.5.mlp.c_fc.bias', 'detector.backbone.language_backbone.encoder.text_projection', 'detector.backbone.language_backbone.encoder.transformer.resblocks.23.attn.out_proj.bias', 'detector.backbone.language_backbone.encoder.transformer.resblocks.15.ln_1.bias', 'detector.backbone.language_backbone.encoder.transformer.resblocks.15.attn.out_proj.weight', 'detector.backbone.language_backbone.encoder.transformer.resblocks.17.mlp.c_proj.bias', 'detector.backbone.language_backbone.encoder.transformer.resblocks.3.ln_2.bias', 'detector.backbone.language_backbone.encoder.transformer.resblocks.12.ln_1.bias', 'detector.backbone.language_backbone.encoder.transformer.resblocks.22.attn.in_proj_bias', 'detector.backbone.language_backbone.encoder.transformer.resblocks.20.ln_1.bias', 'detector.backbone.language_backbone.encoder.transformer.resblocks.11.ln_2.bias', 'detector.backbone.language_backbone.encoder.transformer.resblocks.5.mlp.c_fc.weight', 'detector.backbone.language_backbone.encoder.transformer.resblocks.23.attn.out_proj.weight', 'detector.backbone.language_backbone.encoder.transformer.resblocks.10.ln_2.bias', 'detector.backbone.language_backbone.encoder.transformer.resblocks.16.attn.in_proj_bias', 'detector.backbone.language_backbone.encoder.transformer.resblocks.14.attn.in_proj_bias', 'detector.backbone.language_backbone.encoder.transformer.resblocks.9.mlp.c_proj.bias', 'detector.backbone.language_backbone.encoder.transformer.resblocks.6.ln_2.bias', 'detector.backbone.language_backbone.encoder.transformer.resblocks.9.mlp.c_proj.weight', 'detector.backbone.language_backbone.encoder.transformer.resblocks.16.attn.out_proj.bias', 'detector.backbone.language_backbone.encoder.transformer.resblocks.7.mlp.c_fc.weight', 'detector.backbone.language_backbone.encoder.transformer.resblocks.18.ln_2.weight', 'detector.backbone.language_backbone.encoder.transformer.resblocks.16.ln_2.weight', 'detector.backbone.language_backbone.encoder.transformer.resblocks.8.ln_2.bias', 'detector.backbone.language_backbone.encoder.transformer.resblocks.11.mlp.c_proj.bias', 'detector.backbone.language_backbone.encoder.transformer.resblocks.8.attn.in_proj_weight', 'detector.backbone.language_backbone.encoder.transformer.resblocks.2.ln_1.weight', 'detector.backbone.language_backbone.encoder.transformer.resblocks.11.ln_1.weight', 'detector.backbone.language_backbone.encoder.transformer.resblocks.22.attn.out_proj.bias', 'detector.backbone.language_backbone.encoder.transformer.resblocks.17.mlp.c_fc.bias', 'detector.backbone.language_backbone.resizer.bias', 'detector.backbone.language_backbone.encoder.transformer.resblocks.13.attn.out_proj.bias', 'detector.backbone.language_backbone.encoder.transformer.resblocks.1.mlp.c_fc.bias', 'detector.backbone.language_backbone.encoder.transformer.resblocks.1.ln_1.weight', 'detector.backbone.language_backbone.encoder.transformer.resblocks.13.attn.in_proj_weight', 'detector.backbone.language_backbone.encoder.transformer.resblocks.15.ln_2.weight', 'detector.backbone.language_backbone.encoder.transformer.resblocks.10.attn.in_proj_weight', 'detector.backbone.language_backbone.encoder.transformer.resblocks.7.mlp.c_fc.bias', 'detector.backbone.language_backbone.encoder.transformer.resblocks.1.mlp.c_fc.weight', 'detector.backbone.language_backbone.encoder.transformer.resblocks.6.attn.in_proj_bias', 'detector.backbone.language_backbone.encoder.transformer.resblocks.18.attn.out_proj.bias', 'detector.backbone.language_backbone.encoder.transformer.resblocks.16.mlp.c_fc.bias', 'detector.backbone.language_backbone.encoder.transformer.resblocks.2.mlp.c_fc.weight', 'detector.backbone.language_backbone.encoder.transformer.resblocks.19.mlp.c_proj.weight', 'detector.backbone.language_backbone.encoder.transformer.resblocks.17.attn.out_proj.weight', 'detector.backbone.language_backbone.encoder.transformer.resblocks.5.attn.out_proj.bias', 'detector.backbone.language_backbone.encoder.transformer.resblocks.12.attn.in_proj_bias', 'detector.backbone.language_backbone.encoder.transformer.resblocks.20.mlp.c_fc.weight', 'detector.backbone.language_backbone.encoder.transformer.resblocks.13.mlp.c_proj.weight', 'detector.backbone.language_backbone.encoder.transformer.resblocks.21.ln_1.bias', 'detector.backbone.language_backbone.encoder.transformer.resblocks.0.mlp.c_proj.bias', 'detector.backbone.language_backbone.encoder.transformer.resblocks.17.ln_1.bias', 'detector.backbone.language_backbone.encoder.transformer.resblocks.21.mlp.c_fc.bias', 'detector.backbone.language_backbone.encoder.transformer.resblocks.7.ln_1.bias', 'detector.backbone.language_backbone.encoder.transformer.resblocks.12.ln_1.weight', 'detector.backbone.language_backbone.encoder.transformer.resblocks.18.mlp.c_fc.bias', 'detector.backbone.language_backbone.encoder.transformer.resblocks.11.mlp.c_fc.weight', 'detector.backbone.language_backbone.encoder.transformer.resblocks.5.attn.out_proj.weight', 'detector.backbone.language_backbone.encoder.transformer.resblocks.0.ln_1.weight', 'detector.backbone.language_backbone.encoder.transformer.resblocks.5.mlp.c_proj.bias', 'detector.backbone.language_backbone.encoder.transformer.resblocks.2.mlp.c_proj.bias', 'detector.backbone.language_backbone.encoder.transformer.resblocks.6.attn.out_proj.bias', 'detector.backbone.language_backbone.encoder.transformer.resblocks.19.ln_2.weight', 'detector.backbone.language_backbone.encoder.transformer.resblocks.10.ln_1.weight', 'detector.backbone.language_backbone.encoder.transformer.resblocks.1.mlp.c_proj.bias', 'detector.backbone.language_backbone.encoder.transformer.resblocks.19.mlp.c_fc.bias', 'detector.backbone.language_backbone.encoder.transformer.resblocks.6.mlp.c_proj.weight', 'detector.backbone.language_backbone.encoder.transformer.resblocks.10.mlp.c_proj.bias', 'detector.backbone.language_backbone.encoder.transformer.resblocks.21.mlp.c_proj.weight', 'detector.backbone.language_backbone.encoder.transformer.resblocks.0.attn.in_proj_weight', 'detector.backbone.language_backbone.encoder.transformer.resblocks.9.attn.out_proj.weight', 'detector.backbone.language_backbone.encoder.transformer.resblocks.5.mlp.c_proj.weight', 'detector.backbone.language_backbone.encoder.transformer.resblocks.0.attn.out_proj.weight', 'detector.backbone.language_backbone.encoder.transformer.resblocks.19.attn.in_proj_weight', 'detector.backbone.language_backbone.encoder.transformer.resblocks.10.attn.out_proj.bias', 'detector.backbone.language_backbone.encoder.transformer.resblocks.3.ln_1.weight', 'detector.backbone.language_backbone.encoder.transformer.resblocks.4.mlp.c_proj.weight', 'detector.backbone.language_backbone.encoder.transformer.resblocks.3.attn.out_proj.weight', 'detector.backbone.language_backbone.encoder.transformer.resblocks.14.mlp.c_fc.weight', 'detector.backbone.language_backbone.encoder.transformer.resblocks.3.attn.in_proj_weight', 'detector.backbone.language_backbone.encoder.transformer.resblocks.16.attn.in_proj_weight', 'detector.backbone.language_backbone.encoder.transformer.resblocks.17.ln_2.bias', 'detector.backbone.language_backbone.encoder.transformer.resblocks.8.ln_1.weight', 'detector.backbone.language_backbone.encoder.transformer.resblocks.17.mlp.c_proj.weight', 'detector.backbone.language_backbone.encoder.transformer.resblocks.22.ln_2.weight', 'detector.backbone.language_backbone.encoder.transformer.resblocks.1.attn.in_proj_bias', 'detector.backbone.language_backbone.encoder.transformer.resblocks.4.mlp.c_fc.bias', 'detector.backbone.language_backbone.encoder.transformer.resblocks.19.ln_1.bias', 'detector.backbone.language_backbone.encoder.transformer.resblocks.14.attn.out_proj.weight', 'detector.backbone.language_backbone.encoder.transformer.resblocks.17.attn.in_proj_bias', 'detector.backbone.language_backbone.encoder.transformer.resblocks.23.ln_2.bias', 'detector.backbone.language_backbone.encoder.transformer.resblocks.21.attn.in_proj_weight', 'detector.backbone.language_backbone.encoder.transformer.resblocks.4.attn.out_proj.bias', 'detector.backbone.language_backbone.encoder.transformer.resblocks.11.attn.out_proj.weight', 'detector.backbone.language_backbone.encoder.transformer.resblocks.8.mlp.c_proj.bias', 'detector.backbone.language_backbone.encoder.transformer.resblocks.7.attn.out_proj.weight'}
INFO 2026-05-27 15:53:26,651 optimizer.py: 244: Matches for param_name [detector.geometry_encoder.*]: {'detector.geometry_encoder.encode.2.norm3.weight', 'detector.geometry_encoder.label_embed.weight', 'detector.geometry_encoder.encode.1.cross_attn_image.in_proj_weight', 'detector.geometry_encoder.encode.2.linear1.bias', 'detector.geometry_encoder.points_pos_enc_project.bias', 'detector.geometry_encoder.boxes_pool_project.bias', 'detector.geometry_encoder.encode.1.norm1.weight', 'detector.geometry_encoder.encode_norm.weight', 'detector.geometry_encoder.encode.2.norm1.bias', 'detector.geometry_encoder.encode.0.norm3.weight', 'detector.geometry_encoder.encode.2.norm1.weight', 'detector.geometry_encoder.encode.1.norm3.weight', 'detector.geometry_encoder.encode_norm.bias', 'detector.geometry_encoder.encode.0.linear2.weight', 'detector.geometry_encoder.boxes_direct_project.weight', 'detector.geometry_encoder.encode.1.self_attn.out_proj.bias', 'detector.geometry_encoder.encode.0.cross_attn_image.in_proj_bias', 'detector.geometry_encoder.encode.0.norm3.bias', 'detector.geometry_encoder.encode.2.cross_attn_image.out_proj.weight', 'detector.geometry_encoder.encode.2.self_attn.out_proj.weight', 'detector.geometry_encoder.encode.0.self_attn.in_proj_bias', 'detector.geometry_encoder.encode.0.linear1.bias', 'detector.geometry_encoder.final_proj.weight', 'detector.geometry_encoder.boxes_direct_project.bias', 'detector.geometry_encoder.final_proj.bias', 'detector.geometry_encoder.encode.0.norm1.bias', 'detector.geometry_encoder.encode.2.linear2.bias', 'detector.geometry_encoder.encode.2.norm2.weight', 'detector.geometry_encoder.encode.2.norm2.bias', 'detector.geometry_encoder.encode.1.self_attn.out_proj.weight', 'detector.geometry_encoder.boxes_pos_enc_project.bias', 'detector.geometry_encoder.encode.2.cross_attn_image.in_proj_weight', 'detector.geometry_encoder.boxes_pos_enc_project.weight', 'detector.geometry_encoder.points_direct_project.weight', 'detector.geometry_encoder.img_pre_norm.bias', 'detector.geometry_encoder.encode.0.cross_attn_image.in_proj_weight', 'detector.geometry_encoder.encode.0.cross_attn_image.out_proj.weight', 'detector.geometry_encoder.encode.1.cross_attn_image.out_proj.bias', 'detector.geometry_encoder.encode.1.norm2.weight', 'detector.geometry_encoder.encode.1.linear2.bias', 'detector.geometry_encoder.encode.1.norm1.bias', 'detector.geometry_encoder.encode.0.linear2.bias', 'detector.geometry_encoder.encode.2.self_attn.in_proj_weight', 'detector.geometry_encoder.points_pool_project.bias', 'detector.geometry_encoder.encode.1.norm2.bias', 'detector.geometry_encoder.encode.2.self_attn.out_proj.bias', 'detector.geometry_encoder.encode.2.linear2.weight', 'detector.geometry_encoder.encode.1.self_attn.in_proj_weight', 'detector.geometry_encoder.encode.0.cross_attn_image.out_proj.bias', 'detector.geometry_encoder.encode.2.linear1.weight', 'detector.geometry_encoder.norm.bias', 'detector.geometry_encoder.encode.2.self_attn.in_proj_bias', 'detector.geometry_encoder.encode.0.self_attn.out_proj.bias', 'detector.geometry_encoder.encode.2.cross_attn_image.out_proj.bias', 'detector.geometry_encoder.encode.1.linear1.weight', 'detector.geometry_encoder.boxes_pool_project.weight', 'detector.geometry_encoder.encode.2.norm3.bias', 'detector.geometry_encoder.encode.0.self_attn.out_proj.weight', 'detector.geometry_encoder.encode.2.cross_attn_image.in_proj_bias', 'detector.geometry_encoder.encode.1.linear2.weight', 'detector.geometry_encoder.points_pos_enc_project.weight', 'detector.geometry_encoder.norm.weight', 'detector.geometry_encoder.encode.0.self_attn.in_proj_weight', 'detector.geometry_encoder.encode.0.norm2.weight', 'detector.geometry_encoder.encode.0.norm2.bias', 'detector.geometry_encoder.encode.1.cross_attn_image.out_proj.weight', 'detector.geometry_encoder.encode.0.linear1.weight', 'detector.geometry_encoder.encode.1.norm3.bias', 'detector.geometry_encoder.encode.1.cross_attn_image.in_proj_bias', 'detector.geometry_encoder.points_pool_project.weight', 'detector.geometry_encoder.encode.0.norm1.weight', 'detector.geometry_encoder.cls_embed.weight', 'detector.geometry_encoder.encode.1.self_attn.in_proj_bias', 'detector.geometry_encoder.encode.1.linear1.bias', 'detector.geometry_encoder.points_direct_project.bias', 'detector.geometry_encoder.img_pre_norm.weight'}
INFO 2026-05-27 15:53:26,651 optimizer.py: 244: Matches for param_name [detector.transformer.encoder.*]: {'detector.transformer.encoder.layers.5.cross_attn_image.out_proj.weight', 'detector.transformer.encoder.layers.5.norm3.weight', 'detector.transformer.encoder.layers.3.linear2.bias', 'detector.transformer.encoder.layers.0.norm2.bias', 'detector.transformer.encoder.layers.2.norm3.bias', 'detector.transformer.encoder.layers.4.cross_attn_image.in_proj_bias', 'detector.transformer.encoder.layers.3.cross_attn_image.in_proj_bias', 'detector.transformer.encoder.layers.0.norm2.weight', 'detector.transformer.encoder.layers.4.norm2.weight', 'detector.transformer.encoder.layers.5.cross_attn_image.out_proj.bias', 'detector.transformer.encoder.layers.0.norm1.weight', 'detector.transformer.encoder.layers.2.norm2.bias', 'detector.transformer.encoder.layers.2.linear1.bias', 'detector.transformer.encoder.layers.5.norm1.weight', 'detector.transformer.encoder.layers.3.linear1.weight', 'detector.transformer.encoder.layers.4.self_attn.in_proj_bias', 'detector.transformer.encoder.layers.4.self_attn.in_proj_weight', 'detector.transformer.encoder.layers.1.norm3.bias', 'detector.transformer.encoder.layers.4.norm2.bias', 'detector.transformer.encoder.layers.1.cross_attn_image.in_proj_bias', 'detector.transformer.encoder.layers.1.cross_attn_image.out_proj.bias', 'detector.transformer.encoder.layers.1.self_attn.in_proj_weight', 'detector.transformer.encoder.layers.2.linear2.bias', 'detector.transformer.encoder.layers.0.linear2.weight', 'detector.transformer.encoder.layers.2.cross_attn_image.out_proj.bias', 'detector.transformer.encoder.layers.3.cross_attn_image.out_proj.bias', 'detector.transformer.encoder.layers.0.self_attn.out_proj.weight', 'detector.transformer.encoder.layers.3.self_attn.in_proj_bias', 'detector.transformer.encoder.layers.2.self_attn.out_proj.weight', 'detector.transformer.encoder.layers.3.linear2.weight', 'detector.transformer.encoder.layers.0.cross_attn_image.in_proj_bias', 'detector.transformer.encoder.layers.5.linear1.bias', 'detector.transformer.encoder.layers.1.linear2.bias', 'detector.transformer.encoder.layers.3.cross_attn_image.out_proj.weight', 'detector.transformer.encoder.layers.0.cross_attn_image.in_proj_weight', 'detector.transformer.encoder.layers.2.linear1.weight', 'detector.transformer.encoder.layers.3.norm2.bias', 'detector.transformer.encoder.layers.4.norm1.bias', 'detector.transformer.encoder.layers.5.self_attn.out_proj.weight', 'detector.transformer.encoder.layers.4.linear2.weight', 'detector.transformer.encoder.layers.0.linear1.weight', 'detector.transformer.encoder.layers.4.self_attn.out_proj.weight', 'detector.transformer.encoder.layers.3.cross_attn_image.in_proj_weight', 'detector.transformer.encoder.layers.5.self_attn.in_proj_bias', 'detector.transformer.encoder.layers.2.cross_attn_image.in_proj_bias', 'detector.transformer.encoder.layers.1.linear1.bias', 'detector.transformer.encoder.layers.4.norm3.bias', 'detector.transformer.encoder.layers.4.linear1.weight', 'detector.transformer.encoder.layers.0.linear1.bias', 'detector.transformer.encoder.layers.2.norm1.bias', 'detector.transformer.encoder.layers.3.self_attn.out_proj.bias', 'detector.transformer.encoder.layers.0.norm1.bias', 'detector.transformer.encoder.layers.0.self_attn.in_proj_bias', 'detector.transformer.encoder.layers.1.norm1.bias', 'detector.transformer.encoder.layers.4.cross_attn_image.out_proj.bias', 'detector.transformer.encoder.layers.2.self_attn.in_proj_weight', 'detector.transformer.encoder.layers.4.linear2.bias', 'detector.transformer.encoder.layers.0.self_attn.out_proj.bias', 'detector.transformer.encoder.layers.0.norm3.bias', 'detector.transformer.encoder.layers.2.self_attn.out_proj.bias', 'detector.transformer.encoder.layers.2.cross_attn_image.in_proj_weight', 'detector.transformer.encoder.layers.1.cross_attn_image.in_proj_weight', 'detector.transformer.encoder.layers.4.norm1.weight', 'detector.transformer.encoder.layers.0.cross_attn_image.out_proj.bias', 'detector.transformer.encoder.layers.3.norm1.bias', 'detector.transformer.encoder.layers.0.linear2.bias', 'detector.transformer.encoder.layers.5.norm3.bias', 'detector.transformer.encoder.layers.3.self_attn.out_proj.weight', 'detector.transformer.encoder.layers.1.norm2.weight', 'detector.transformer.encoder.layers.3.norm1.weight', 'detector.transformer.encoder.layers.1.norm3.weight', 'detector.transformer.encoder.layers.5.linear1.weight', 'detector.transformer.encoder.layers.4.norm3.weight', 'detector.transformer.encoder.layers.2.cross_attn_image.out_proj.weight', 'detector.transformer.encoder.layers.2.norm3.weight', 'detector.transformer.encoder.layers.5.self_attn.out_proj.bias', 'detector.transformer.encoder.layers.3.norm2.weight', 'detector.transformer.encoder.layers.5.norm1.bias', 'detector.transformer.encoder.layers.3.self_attn.in_proj_weight', 'detector.transformer.encoder.layers.2.norm1.weight', 'detector.transformer.encoder.layers.5.cross_attn_image.in_proj_weight', 'detector.transformer.encoder.layers.5.self_attn.in_proj_weight', 'detector.transformer.encoder.layers.4.cross_attn_image.in_proj_weight', 'detector.transformer.encoder.layers.2.linear2.weight', 'detector.transformer.encoder.layers.3.norm3.weight', 'detector.transformer.encoder.layers.5.norm2.weight', 'detector.transformer.encoder.layers.5.norm2.bias', 'detector.transformer.encoder.layers.4.self_attn.out_proj.bias', 'detector.transformer.encoder.layers.5.cross_attn_image.in_proj_bias', 'detector.transformer.encoder.layers.1.linear1.weight', 'detector.transformer.encoder.layers.1.norm2.bias', 'detector.transformer.encoder.layers.5.linear2.bias', 'detector.transformer.encoder.layers.1.norm1.weight', 'detector.transformer.encoder.layers.0.self_attn.in_proj_weight', 'detector.transformer.encoder.layers.3.norm3.bias', 'detector.transformer.encoder.layers.2.self_attn.in_proj_bias', 'detector.transformer.encoder.layers.3.linear1.bias', 'detector.transformer.encoder.layers.1.self_attn.out_proj.weight', 'detector.transformer.encoder.layers.0.norm3.weight', 'detector.transformer.encoder.layers.1.cross_attn_image.out_proj.weight', 'detector.transformer.encoder.layers.5.linear2.weight', 'detector.transformer.encoder.layers.1.self_attn.out_proj.bias', 'detector.transformer.encoder.layers.4.linear1.bias', 'detector.transformer.encoder.layers.1.linear2.weight', 'detector.transformer.encoder.layers.1.self_attn.in_proj_bias', 'detector.transformer.encoder.layers.2.norm2.weight', 'detector.transformer.encoder.layers.4.cross_attn_image.out_proj.weight', 'detector.transformer.encoder.layers.0.cross_attn_image.out_proj.weight'}
INFO 2026-05-27 15:53:26,651 optimizer.py: 244: Matches for param_name [tracker.transformer.encoder.*]: {'tracker.transformer.encoder.layers.1.cross_attn_image.out_proj.bias', 'tracker.transformer.encoder.layers.2.cross_attn_image.v_proj.bias', 'tracker.transformer.encoder.layers.2.cross_attn_image.out_proj.weight', 'tracker.transformer.encoder.layers.0.self_attn.q_proj.bias', 'tracker.transformer.encoder.layers.0.cross_attn_image.out_proj.bias', 'tracker.transformer.encoder.layers.1.cross_attn_image.v_proj.weight', 'tracker.transformer.encoder.layers.1.self_attn.k_proj.bias', 'tracker.transformer.encoder.layers.0.self_attn.v_proj.bias', 'tracker.transformer.encoder.layers.3.self_attn.v_proj.weight', 'tracker.transformer.encoder.layers.0.norm1.bias', 'tracker.transformer.encoder.layers.3.self_attn.out_proj.weight', 'tracker.transformer.encoder.layers.3.cross_attn_image.out_proj.weight', 'tracker.transformer.encoder.layers.3.cross_attn_image.out_proj.bias', 'tracker.transformer.encoder.norm.weight', 'tracker.transformer.encoder.layers.0.self_attn.k_proj.weight', 'tracker.transformer.encoder.layers.0.cross_attn_image.k_proj.bias', 'tracker.transformer.encoder.layers.3.linear2.bias', 'tracker.transformer.encoder.layers.2.norm1.bias', 'tracker.transformer.encoder.layers.0.norm2.weight', 'tracker.transformer.encoder.layers.2.linear2.bias', 'tracker.transformer.encoder.layers.0.self_attn.v_proj.weight', 'tracker.transformer.encoder.layers.3.self_attn.q_proj.weight', 'tracker.transformer.encoder.layers.1.linear1.bias', 'tracker.transformer.encoder.layers.1.linear2.bias', 'tracker.transformer.encoder.layers.2.cross_attn_image.q_proj.weight', 'tracker.transformer.encoder.layers.1.self_attn.q_proj.weight', 'tracker.transformer.encoder.layers.0.self_attn.out_proj.bias', 'tracker.transformer.encoder.layers.1.self_attn.out_proj.weight', 'tracker.transformer.encoder.layers.3.self_attn.k_proj.bias', 'tracker.transformer.encoder.layers.2.self_attn.k_proj.weight', 'tracker.transformer.encoder.layers.2.cross_attn_image.v_proj.weight', 'tracker.transformer.encoder.layers.2.linear1.weight', 'tracker.transformer.encoder.layers.1.norm1.weight', 'tracker.transformer.encoder.layers.0.cross_attn_image.k_proj.weight', 'tracker.transformer.encoder.layers.1.norm2.weight', 'tracker.transformer.encoder.layers.1.self_attn.v_proj.bias', 'tracker.transformer.encoder.layers.0.cross_attn_image.q_proj.weight', 'tracker.transformer.encoder.layers.3.norm2.weight', 'tracker.transformer.encoder.layers.3.norm3.weight', 'tracker.transformer.encoder.layers.3.norm1.weight', 'tracker.transformer.encoder.layers.0.linear1.weight', 'tracker.transformer.encoder.layers.1.linear1.weight', 'tracker.transformer.encoder.layers.1.self_attn.q_proj.bias', 'tracker.transformer.encoder.layers.3.norm1.bias', 'tracker.transformer.encoder.layers.2.norm3.bias', 'tracker.transformer.encoder.layers.0.self_attn.q_proj.weight', 'tracker.transformer.encoder.layers.2.cross_attn_image.k_proj.bias', 'tracker.transformer.encoder.layers.1.cross_attn_image.out_proj.weight', 'tracker.transformer.encoder.layers.1.self_attn.k_proj.weight', 'tracker.transformer.encoder.layers.3.cross_attn_image.k_proj.weight', 'tracker.transformer.encoder.layers.3.norm3.bias', 'tracker.transformer.encoder.layers.0.self_attn.out_proj.weight', 'tracker.transformer.encoder.layers.0.norm1.weight', 'tracker.transformer.encoder.layers.3.self_attn.out_proj.bias', 'tracker.transformer.encoder.layers.0.cross_attn_image.q_proj.bias', 'tracker.transformer.encoder.layers.2.self_attn.q_proj.bias', 'tracker.transformer.encoder.layers.0.norm3.bias', 'tracker.transformer.encoder.layers.3.cross_attn_image.q_proj.bias', 'tracker.transformer.encoder.layers.2.self_attn.v_proj.weight', 'tracker.transformer.encoder.layers.2.norm1.weight', 'tracker.transformer.encoder.layers.3.norm2.bias', 'tracker.transformer.encoder.layers.0.self_attn.k_proj.bias', 'tracker.transformer.encoder.layers.0.linear1.bias', 'tracker.transformer.encoder.layers.3.linear2.weight', 'tracker.transformer.encoder.layers.2.self_attn.v_proj.bias', 'tracker.transformer.encoder.layers.3.cross_attn_image.k_proj.bias', 'tracker.transformer.encoder.layers.3.cross_attn_image.v_proj.weight', 'tracker.transformer.encoder.layers.2.cross_attn_image.k_proj.weight', 'tracker.transformer.encoder.layers.0.cross_attn_image.v_proj.weight', 'tracker.transformer.encoder.layers.1.linear2.weight', 'tracker.transformer.encoder.layers.3.linear1.weight', 'tracker.transformer.encoder.layers.2.cross_attn_image.q_proj.bias', 'tracker.transformer.encoder.layers.3.self_attn.q_proj.bias', 'tracker.transformer.encoder.layers.2.self_attn.out_proj.weight', 'tracker.transformer.encoder.layers.1.cross_attn_image.k_proj.weight', 'tracker.transformer.encoder.layers.2.self_attn.out_proj.bias', 'tracker.transformer.encoder.layers.2.cross_attn_image.out_proj.bias', 'tracker.transformer.encoder.layers.0.norm3.weight', 'tracker.transformer.encoder.layers.1.norm2.bias', 'tracker.transformer.encoder.layers.1.norm3.weight', 'tracker.transformer.encoder.layers.0.norm2.bias', 'tracker.transformer.encoder.layers.0.cross_attn_image.out_proj.weight', 'tracker.transformer.encoder.layers.2.norm3.weight', 'tracker.transformer.encoder.layers.1.self_attn.out_proj.bias', 'tracker.transformer.encoder.layers.1.cross_attn_image.q_proj.bias', 'tracker.transformer.encoder.layers.3.cross_attn_image.q_proj.weight', 'tracker.transformer.encoder.layers.1.self_attn.v_proj.weight', 'tracker.transformer.encoder.layers.3.cross_attn_image.v_proj.bias', 'tracker.transformer.encoder.layers.0.cross_attn_image.v_proj.bias', 'tracker.transformer.encoder.layers.2.self_attn.q_proj.weight', 'tracker.transformer.encoder.layers.0.linear2.bias', 'tracker.transformer.encoder.layers.1.norm1.bias', 'tracker.transformer.encoder.layers.0.linear2.weight', 'tracker.transformer.encoder.layers.1.cross_attn_image.k_proj.bias', 'tracker.transformer.encoder.layers.1.norm3.bias', 'tracker.transformer.encoder.layers.1.cross_attn_image.v_proj.bias', 'tracker.transformer.encoder.layers.2.linear2.weight', 'tracker.transformer.encoder.layers.2.norm2.weight', 'tracker.transformer.encoder.layers.3.linear1.bias', 'tracker.transformer.encoder.layers.2.norm2.bias', 'tracker.transformer.encoder.norm.bias', 'tracker.transformer.encoder.layers.2.linear1.bias', 'tracker.transformer.encoder.layers.2.self_attn.k_proj.bias', 'tracker.transformer.encoder.layers.3.self_attn.k_proj.weight', 'tracker.transformer.encoder.layers.1.cross_attn_image.q_proj.weight', 'tracker.transformer.encoder.layers.3.self_attn.v_proj.bias'}
INFO 2026-05-27 15:53:26,653 optimizer.py: 244: Matches for param_name [*bias*]: {'detector.backbone.vision_backbone.trunk.blocks.28.norm1.bias', 'detector.backbone.vision_backbone.sam2_convs.2.conv_1x1.bias', 'detector.backbone.vision_backbone.convs.0.conv_1x1.bias', 'detector.backbone.language_backbone.encoder.transformer.resblocks.2.attn.out_proj.bias', 'detector.transformer.encoder.layers.3.linear2.bias', 'tracker.transformer.encoder.layers.0.self_attn.v_proj.bias', 'tracker.maskmem_backbone.mask_downsampler.encoder.0.bias', 'tracker.sam_mask_decoder.pred_obj_score_head.layers.2.bias', 'detector.backbone.vision_backbone.trunk.blocks.24.norm1.bias', 'detector.geometry_encoder.encode.0.cross_attn_image.in_proj_bias', 'detector.transformer.encoder.layers.3.cross_attn_image.in_proj_bias', 'detector.backbone.vision_backbone.trunk.blocks.4.attn.proj.bias', 'detector.geometry_encoder.encode.0.linear1.bias', 'detector.backbone.language_backbone.encoder.transformer.resblocks.4.ln_1.bias', 'detector.dot_prod_scoring.prompt_mlp.layers.0.bias', 'detector.backbone.vision_backbone.trunk.blocks.12.norm1.bias', 'detector.backbone.vision_backbone.trunk.blocks.2.attn.qkv.bias', 'detector.dot_prod_scoring.prompt_proj.bias', 'detector.segmentation_head.semantic_seg_head.bias', 'detector.transformer.encoder.layers.4.self_attn.in_proj_bias', 'detector.geometry_encoder.encode.1.linear2.bias', 'tracker.transformer.encoder.layers.3.linear2.bias', 'detector.backbone.language_backbone.encoder.transformer.resblocks.9.attn.out_proj.bias', 'detector.transformer.decoder.layers.0.cross_attn.out_proj.bias', 'detector.backbone.vision_backbone.trunk.blocks.18.mlp.fc1.bias', 'detector.backbone.vision_backbone.trunk.blocks.5.attn.qkv.bias', 'detector.transformer.encoder.layers.1.cross_attn_image.in_proj_bias', 'detector.transformer.decoder.layers.2.cross_attn.out_proj.bias', 'detector.geometry_encoder.encode.2.self_attn.out_proj.bias', 'detector.transformer.encoder.layers.4.norm2.bias', 'detector.segmentation_head.mask_predictor.mask_embed.layers.0.bias', 'detector.backbone.language_backbone.encoder.transformer.resblocks.15.ln_2.bias', 'detector.backbone.vision_backbone.trunk.blocks.30.mlp.fc1.bias', 'detector.geometry_encoder.encode.2.norm3.bias', 'detector.transformer.decoder.layers.4.linear2.bias', 'detector.backbone.vision_backbone.trunk.blocks.31.attn.qkv.bias', 'detector.backbone.vision_backbone.trunk.blocks.28.attn.proj.bias', 'detector.backbone.vision_backbone.trunk.blocks.11.attn.proj.bias', 'tracker.sam_mask_decoder.transformer.layers.1.mlp.lin2.bias', 'tracker.maskmem_backbone.fuser.layers.1.pwconv2.bias', 'detector.segmentation_head.pixel_decoder.norms.1.bias', 'detector.transformer.decoder.layers.5.linear1.bias', 'detector.transformer.encoder.layers.3.cross_attn_image.out_proj.bias', 'tracker.sam_mask_decoder.transformer.layers.0.self_attn.v_proj.bias', 'detector.segmentation_head.pixel_decoder.norms.0.bias', 'detector.backbone.vision_backbone.trunk.blocks.28.mlp.fc1.bias', 'detector.backbone.vision_backbone.trunk.blocks.1.norm2.bias', 'tracker.obj_ptr_proj.layers.2.bias', 'detector.backbone.vision_backbone.trunk.blocks.15.norm1.bias', 'detector.backbone.language_backbone.encoder.transformer.resblocks.6.ln_1.bias', 'detector.backbone.language_backbone.encoder.transformer.resblocks.10.mlp.c_fc.bias', 'tracker.sam_mask_decoder.transformer.final_attn_token_to_image.out_proj.bias', 'detector.backbone.vision_backbone.trunk.blocks.10.norm2.bias', 'detector.transformer.decoder.layers.5.cross_attn.out_proj.bias', 'detector.backbone.language_backbone.encoder.transformer.resblocks.11.attn.in_proj_bias', 'tracker.sam_mask_decoder.transformer.layers.1.cross_attn_token_to_image.q_proj.bias', 'tracker.sam_mask_decoder.output_upscaling.3.bias', 'detector.backbone.language_backbone.encoder.transformer.resblocks.11.mlp.c_fc.bias', 'detector.backbone.language_backbone.encoder.transformer.resblocks.20.mlp.c_proj.bias', 'detector.backbone.vision_backbone.convs.3.conv_3x3.bias', 'detector.backbone.vision_backbone.trunk.blocks.5.norm1.bias', 'detector.backbone.language_backbone.encoder.transformer.resblocks.12.mlp.c_proj.bias', 'detector.transformer.encoder.layers.3.norm2.bias', 'detector.transformer.decoder.layers.2.linear1.bias', 'detector.transformer.encoder.layers.4.norm1.bias', 'detector.backbone.vision_backbone.trunk.blocks.17.attn.qkv.bias', 'detector.backbone.language_backbone.encoder.transformer.resblocks.16.ln_2.bias', 'detector.backbone.vision_backbone.trunk.blocks.13.attn.qkv.bias', 'detector.backbone.vision_backbone.trunk.blocks.11.norm1.bias', 'tracker.sam_mask_decoder.transformer.final_attn_token_to_image.v_proj.bias', 'tracker.sam_mask_decoder.transformer.layers.1.cross_attn_image_to_token.q_proj.bias', 'detector.backbone.vision_backbone.trunk.blocks.11.norm2.bias', 'tracker.sam_mask_decoder.transformer.layers.1.cross_attn_image_to_token.v_proj.bias', 'tracker.maskmem_backbone.fuser.layers.1.pwconv1.bias', 'detector.backbone.language_backbone.encoder.transformer.resblocks.4.attn.in_proj_bias', 'detector.backbone.vision_backbone.sam2_convs.2.conv_3x3.bias', 'detector.backbone.vision_backbone.trunk.blocks.30.attn.qkv.bias', 'detector.backbone.vision_backbone.trunk.blocks.21.attn.qkv.bias', 'detector.backbone.language_backbone.encoder.transformer.resblocks.19.attn.out_proj.bias', 'tracker.transformer.encoder.layers.2.norm3.bias', 'tracker.transformer.encoder.layers.2.cross_attn_image.k_proj.bias', 'detector.transformer.decoder.layers.4.norm2.bias', 'detector.transformer.encoder.layers.2.norm1.bias', 'detector.backbone.vision_backbone.trunk.blocks.2.mlp.fc1.bias', 'detector.backbone.vision_backbone.trunk.blocks.20.mlp.fc1.bias', 'detector.backbone.vision_backbone.trunk.blocks.22.mlp.fc2.bias', 'detector.transformer.encoder.layers.1.norm1.bias', 'detector.backbone.language_backbone.encoder.transformer.resblocks.7.mlp.c_proj.bias', 'detector.backbone.vision_backbone.trunk.blocks.3.attn.qkv.bias', 'detector.backbone.language_backbone.encoder.transformer.resblocks.13.ln_1.bias', 'detector.backbone.language_backbone.encoder.transformer.resblocks.6.mlp.c_fc.bias', 'detector.backbone.vision_backbone.trunk.blocks.0.norm2.bias', 'detector.segmentation_head.cross_attn_norm.bias', 'detector.backbone.language_backbone.encoder.transformer.resblocks.23.mlp.c_proj.bias', 'detector.geometry_encoder.encode_norm.bias', 'detector.backbone.language_backbone.encoder.transformer.resblocks.4.ln_2.bias', 'detector.backbone.vision_backbone.trunk.blocks.20.mlp.fc2.bias', 'tracker.transformer.encoder.layers.2.self_attn.q_proj.bias', 'detector.backbone.language_backbone.encoder.transformer.resblocks.3.ln_1.bias', 'detector.geometry_encoder.encode.2.norm2.bias', 'detector.backbone.vision_backbone.trunk.blocks.5.norm2.bias', 'detector.backbone.vision_backbone.trunk.blocks.29.attn.qkv.bias', 'detector.backbone.language_backbone.encoder.transformer.resblocks.15.attn.out_proj.bias', 'detector.transformer.decoder.layers.3.norm1.bias', 'detector.transformer.encoder.layers.0.cross_attn_image.out_proj.bias', 'detector.transformer.decoder.presence_token_out_norm.bias', 'detector.backbone.vision_backbone.trunk.blocks.4.norm2.bias', 'detector.backbone.vision_backbone.trunk.blocks.26.norm2.bias', 'detector.transformer.decoder.layers.3.linear2.bias', 'detector.transformer.encoder.layers.0.linear2.bias', 'tracker.transformer.encoder.layers.0.self_attn.k_proj.bias', 'detector.backbone.vision_backbone.trunk.blocks.28.attn.qkv.bias', 'detector.transformer.encoder.layers.5.norm3.bias', 'detector.transformer.decoder.layers.1.ca_text.out_proj.bias', 'tracker.sam_mask_decoder.transformer.layers.0.cross_attn_image_to_token.q_proj.bias', 'tracker.transformer.encoder.layers.3.self_attn.q_proj.bias', 'detector.transformer.decoder.layers.0.ca_text.in_proj_bias', 'detector.geometry_encoder.encode.1.cross_attn_image.in_proj_bias', 'detector.backbone.vision_backbone.trunk.blocks.16.mlp.fc1.bias', 'detector.backbone.vision_backbone.trunk.blocks.27.attn.proj.bias', 'detector.backbone.language_backbone.encoder.transformer.resblocks.20.ln_1.bias', 'detector.backbone.language_backbone.encoder.transformer.resblocks.11.ln_2.bias', 'detector.transformer.decoder.layers.2.norm1.bias', 'detector.backbone.language_backbone.encoder.transformer.resblocks.16.attn.in_proj_bias', 'detector.backbone.vision_backbone.trunk.blocks.12.attn.proj.bias', 'detector.backbone.vision_backbone.trunk.blocks.14.mlp.fc2.bias', 'tracker.transformer.encoder.layers.0.norm2.bias', 'detector.backbone.vision_backbone.trunk.blocks.7.norm2.bias', 'detector.backbone.language_backbone.encoder.transformer.resblocks.16.attn.out_proj.bias', 'detector.backbone.vision_backbone.trunk.blocks.27.mlp.fc2.bias', 'detector.backbone.vision_backbone.trunk.blocks.17.norm2.bias', 'detector.backbone.language_backbone.encoder.transformer.resblocks.8.ln_2.bias', 'detector.backbone.language_backbone.encoder.transformer.resblocks.11.mlp.c_proj.bias', 'tracker.sam_mask_decoder.transformer.layers.0.self_attn.q_proj.bias', 'tracker.transformer.encoder.layers.0.cross_attn_image.v_proj.bias', 'detector.backbone.vision_backbone.trunk.blocks.21.norm2.bias', 'detector.backbone.language_backbone.encoder.transformer.resblocks.13.attn.out_proj.bias', 'detector.geometry_encoder.encode.0.norm1.bias', 'detector.backbone.language_backbone.encoder.transformer.resblocks.7.mlp.c_fc.bias', 'tracker.sam_mask_decoder.transformer.layers.1.norm2.bias', 'detector.transformer.encoder.layers.1.norm2.bias', 'detector.backbone.vision_backbone.trunk.blocks.19.mlp.fc2.bias', 'detector.backbone.language_backbone.encoder.transformer.resblocks.0.mlp.c_proj.bias', 'detector.backbone.language_backbone.encoder.transformer.resblocks.17.ln_1.bias', 'detector.backbone.language_backbone.encoder.transformer.resblocks.21.ln_1.bias', 'detector.backbone.language_backbone.encoder.transformer.resblocks.21.mlp.c_fc.bias', 'tracker.transformer.encoder.layers.1.cross_attn_image.k_proj.bias', 'detector.backbone.language_backbone.encoder.transformer.resblocks.18.mlp.c_fc.bias', 'tracker.transformer.encoder.layers.1.norm3.bias', 'detector.backbone.vision_backbone.trunk.blocks.16.mlp.fc2.bias', 'detector.transformer.encoder.layers.3.norm3.bias', 'detector.geometry_encoder.points_pool_project.bias', 'detector.backbone.language_backbone.encoder.transformer.resblocks.2.mlp.c_proj.bias', 'detector.backbone.language_backbone.encoder.transformer.resblocks.19.mlp.c_fc.bias', 'tracker.sam_mask_decoder.transformer.layers.0.norm1.bias', 'detector.backbone.language_backbone.encoder.transformer.resblocks.10.mlp.c_proj.bias', 'detector.backbone.vision_backbone.trunk.blocks.6.attn.qkv.bias', 'detector.backbone.vision_backbone.trunk.blocks.22.norm2.bias', 'tracker.transformer.encoder.layers.3.linear1.bias', 'detector.backbone.vision_backbone.trunk.blocks.19.norm2.bias', 'detector.transformer.decoder.boxRPB_embed_x.layers.0.bias', 'tracker.sam_mask_decoder.output_hypernetworks_mlps.0.layers.2.bias', 'detector.transformer.decoder.bbox_embed.layers.2.bias', 'detector.backbone.vision_backbone.trunk.blocks.2.norm2.bias', 'detector.backbone.language_backbone.encoder.transformer.resblocks.17.ln_2.bias', 'detector.backbone.vision_backbone.convs.1.conv_1x1.bias', 'detector.backbone.vision_backbone.trunk.blocks.20.attn.proj.bias', 'detector.backbone.language_backbone.encoder.transformer.resblocks.4.mlp.c_fc.bias', 'detector.backbone.vision_backbone.trunk.blocks.31.norm2.bias', 'detector.transformer.decoder.layers.3.norm2.bias', 'detector.backbone.vision_backbone.trunk.blocks.27.norm1.bias', 'tracker.transformer.encoder.layers.2.self_attn.k_proj.bias', 'detector.backbone.vision_backbone.trunk.blocks.18.norm1.bias', 'detector.transformer.encoder.layers.1.self_attn.in_proj_bias', 'detector.backbone.vision_backbone.trunk.blocks.21.mlp.fc2.bias', 'detector.transformer.decoder.layers.4.linear1.bias', 'detector.transformer.decoder.layers.0.norm3.bias', 'tracker.transformer.encoder.layers.0.cross_attn_image.out_proj.bias', 'tracker.sam_mask_decoder.transformer.layers.1.cross_attn_token_to_image.k_proj.bias', 'detector.backbone.vision_backbone.trunk.blocks.22.mlp.fc1.bias', 'detector.transformer.encoder.layers.0.norm2.bias', 'detector.backbone.language_backbone.encoder.transformer.resblocks.21.ln_2.bias', 'detector.transformer.encoder.layers.4.cross_attn_image.in_proj_bias', 'detector.geometry_encoder.encode.0.self_attn.in_proj_bias', 'detector.transformer.encoder.layers.5.cross_attn_image.out_proj.bias', 'detector.geometry_encoder.boxes_pos_enc_project.bias', 'detector.transformer.encoder.layers.2.norm2.bias', 'detector.transformer.encoder.layers.2.linear1.bias', 'tracker.transformer.encoder.layers.3.cross_attn_image.out_proj.bias', 'tracker.sam_mask_decoder.pred_obj_score_head.layers.1.bias', 'tracker.transformer.encoder.layers.0.cross_attn_image.k_proj.bias', 'detector.dot_prod_scoring.prompt_mlp.layers.1.bias', 'detector.backbone.vision_backbone.trunk.blocks.28.norm2.bias', 'tracker.sam_mask_decoder.transformer.layers.1.norm3.bias', 'detector.backbone.vision_backbone.trunk.blocks.29.norm1.bias', 'tracker.maskmem_backbone.mask_downsampler.encoder.9.bias', 'tracker.transformer.encoder.layers.1.linear2.bias', 'detector.transformer.decoder.ref_point_head.layers.0.bias', 'detector.backbone.vision_backbone.trunk.blocks.20.norm1.bias', 'tracker.transformer.encoder.layers.0.self_attn.out_proj.bias', 'detector.backbone.language_backbone.encoder.transformer.resblocks.12.mlp.c_fc.bias', 'detector.geometry_encoder.encode.1.norm3.bias', 'detector.transformer.decoder.layers.1.linear2.bias', 'detector.backbone.vision_backbone.trunk.blocks.2.mlp.fc2.bias', 'detector.backbone.vision_backbone.trunk.blocks.13.mlp.fc1.bias', 'detector.backbone.vision_backbone.trunk.blocks.8.mlp.fc1.bias', 'tracker.sam_prompt_encoder.mask_downscaling.4.bias', 'detector.backbone.vision_backbone.sam2_convs.1.conv_1x1.bias', 'detector.backbone.vision_backbone.trunk.blocks.12.norm2.bias', 'detector.backbone.vision_backbone.trunk.blocks.4.mlp.fc2.bias', 'detector.transformer.decoder.layers.5.catext_norm.bias', 'detector.backbone.vision_backbone.trunk.blocks.0.norm1.bias', 'detector.backbone.language_backbone.encoder.transformer.resblocks.14.attn.out_proj.bias', 'detector.backbone.vision_backbone.convs.3.conv_1x1.bias', 'detector.transformer.encoder.layers.5.linear1.bias', 'detector.backbone.language_backbone.encoder.transformer.resblocks.16.ln_1.bias', 'detector.backbone.vision_backbone.sam2_convs.1.dconv_2x2.bias', 'detector.backbone.language_backbone.encoder.transformer.resblocks.1.attn.out_proj.bias', 'detector.transformer.encoder.layers.1.linear2.bias', 'detector.transformer.decoder.layers.2.ca_text.out_proj.bias', 'detector.backbone.vision_backbone.trunk.blocks.11.mlp.fc1.bias', 'detector.transformer.decoder.layers.4.ca_text.out_proj.bias', 'tracker.transformer.encoder.layers.1.self_attn.v_proj.bias', 'detector.backbone.vision_backbone.trunk.blocks.16.norm1.bias', 'detector.backbone.language_backbone.encoder.transformer.resblocks.8.attn.out_proj.bias', 'detector.backbone.vision_backbone.trunk.blocks.18.norm2.bias', 'detector.transformer.decoder.layers.1.cross_attn.in_proj_bias', 'detector.transformer.decoder.layers.3.ca_text.out_proj.bias', 'detector.backbone.vision_backbone.trunk.ln_pre.bias', 'detector.backbone.vision_backbone.trunk.blocks.20.attn.qkv.bias', 'detector.backbone.language_backbone.encoder.transformer.resblocks.8.attn.in_proj_bias', 'detector.backbone.language_backbone.encoder.transformer.resblocks.12.attn.out_proj.bias', 'tracker.transformer.encoder.layers.1.self_attn.q_proj.bias', 'tracker.sam_mask_decoder.output_hypernetworks_mlps.1.layers.1.bias', 'tracker.obj_ptr_tpos_proj.bias', 'detector.backbone.language_backbone.encoder.transformer.resblocks.2.ln_1.bias', 'detector.backbone.language_backbone.encoder.transformer.resblocks.16.mlp.c_proj.bias', 'detector.backbone.vision_backbone.sam2_convs.0.conv_1x1.bias', 'detector.backbone.vision_backbone.trunk.blocks.30.norm1.bias', 'detector.backbone.vision_backbone.trunk.blocks.1.attn.qkv.bias', 'detector.backbone.language_backbone.encoder.transformer.resblocks.3.mlp.c_fc.bias', 'detector.backbone.language_backbone.encoder.transformer.resblocks.14.mlp.c_proj.bias', 'detector.backbone.language_backbone.encoder.transformer.resblocks.0.ln_1.bias', 'detector.backbone.language_backbone.encoder.transformer.resblocks.23.mlp.c_fc.bias', 'detector.transformer.decoder.presence_token_head.layers.2.bias', 'detector.transformer.encoder.layers.4.cross_attn_image.out_proj.bias', 'detector.backbone.language_backbone.encoder.transformer.resblocks.10.ln_1.bias', 'detector.backbone.language_backbone.encoder.transformer.resblocks.5.ln_2.bias', 'tracker.sam_mask_decoder.output_upscaling.1.bias', 'detector.backbone.language_backbone.encoder.transformer.resblocks.13.mlp.c_fc.bias', 'detector.backbone.vision_backbone.trunk.blocks.1.attn.proj.bias', 'detector.segmentation_head.pixel_decoder.conv_layers.0.bias', 'detector.backbone.vision_backbone.trunk.blocks.13.mlp.fc2.bias', 'detector.transformer.decoder.layers.5.ca_text.in_proj_bias', 'detector.backbone.vision_backbone.trunk.blocks.13.norm1.bias', 'tracker.sam_mask_decoder.transformer.layers.1.cross_attn_token_to_image.out_proj.bias', 'tracker.sam_prompt_encoder.mask_downscaling.1.bias', 'tracker.transformer.encoder.layers.0.cross_attn_image.q_proj.bias', 'detector.backbone.vision_backbone.trunk.blocks.20.norm2.bias', 'detector.transformer.encoder.layers.0.norm3.bias', 'detector.backbone.vision_backbone.trunk.blocks.14.norm1.bias', 'tracker.transformer.encoder.layers.3.cross_attn_image.q_proj.bias', 'tracker.sam_mask_decoder.output_upscaling.0.bias', 'detector.backbone.vision_backbone.trunk.blocks.17.norm1.bias', 'detector.backbone.language_backbone.encoder.transformer.resblocks.9.attn.in_proj_bias', 'detector.backbone.language_backbone.encoder.transformer.resblocks.9.mlp.c_fc.bias', 'detector.backbone.vision_backbone.convs.1.conv_3x3.bias', 'detector.backbone.language_backbone.encoder.transformer.resblocks.8.mlp.c_fc.bias', 'detector.backbone.vision_backbone.trunk.blocks.2.norm1.bias', 'detector.backbone.vision_backbone.trunk.blocks.15.mlp.fc1.bias', 'detector.geometry_encoder.encode.1.cross_attn_image.out_proj.bias', 'detector.transformer.decoder.layers.3.self_attn.out_proj.bias', 'tracker.sam_mask_decoder.transformer.layers.0.mlp.lin1.bias', 'tracker.sam_mask_decoder.transformer.layers.1.self_attn.k_proj.bias', 'detector.backbone.language_backbone.encoder.transformer.resblocks.15.attn.in_proj_bias', 'detector.backbone.vision_backbone.trunk.blocks.8.norm2.bias', 'tracker.sam_mask_decoder.transformer.layers.1.self_attn.q_proj.bias', 'tracker.sam_mask_decoder.iou_prediction_head.layers.2.bias', 'detector.backbone.vision_backbone.trunk.blocks.4.norm1.bias', 'detector.transformer.decoder.layers.0.linear1.bias', 'detector.dot_prod_scoring.hs_proj.bias', 'tracker.maskmem_backbone.fuser.layers.0.dwconv.bias', 'tracker.sam_mask_decoder.conv_s0.bias', 'detector.backbone.vision_backbone.trunk.blocks.21.mlp.fc1.bias', 'detector.transformer.decoder.layers.0.self_attn.out_proj.bias', 'detector.backbone.language_backbone.encoder.transformer.resblocks.3.attn.out_proj.bias', 'detector.backbone.language_backbone.encoder.transformer.resblocks.1.ln_1.bias', 'detector.backbone.language_backbone.encoder.transformer.resblocks.23.attn.in_proj_bias', 'detector.backbone.vision_backbone.trunk.blocks.12.mlp.fc2.bias', 'detector.backbone.vision_backbone.trunk.blocks.28.mlp.fc2.bias', 'detector.backbone.vision_backbone.trunk.blocks.0.mlp.fc1.bias', 'detector.backbone.vision_backbone.trunk.blocks.31.attn.proj.bias', 'detector.backbone.vision_backbone.trunk.blocks.3.norm2.bias', 'detector.backbone.vision_backbone.trunk.blocks.10.mlp.fc2.bias', 'detector.transformer.decoder.layers.0.self_attn.in_proj_bias', 'detector.backbone.language_backbone.encoder.transformer.resblocks.17.mlp.c_proj.bias', 'tracker.maskmem_backbone.mask_downsampler.encoder.7.bias', 'detector.backbone.language_backbone.encoder.transformer.resblocks.12.ln_1.bias', 'detector.transformer.decoder.layers.4.cross_attn.out_proj.bias', 'detector.transformer.decoder.layers.3.self_attn.in_proj_bias', 'detector.transformer.decoder.layers.0.ca_text.out_proj.bias', 'tracker.sam_mask_decoder.transformer.layers.1.mlp.lin1.bias', 'detector.backbone.vision_backbone.trunk.blocks.19.norm1.bias', 'detector.backbone.language_backbone.encoder.transformer.resblocks.22.attn.in_proj_bias', 'tracker.sam_mask_decoder.output_hypernetworks_mlps.2.layers.0.bias', 'tracker.transformer.encoder.layers.1.norm2.bias', 'detector.backbone.vision_backbone.trunk.blocks.0.attn.qkv.bias', 'detector.geometry_encoder.boxes_pool_project.bias', 'detector.backbone.vision_backbone.trunk.blocks.16.attn.proj.bias', 'tracker.transformer.encoder.layers.1.self_attn.out_proj.bias', 'detector.backbone.vision_backbone.trunk.blocks.25.mlp.fc1.bias', 'detector.transformer.encoder.layers.5.norm2.bias', 'detector.backbone.vision_backbone.trunk.blocks.19.attn.qkv.bias', 'tracker.transformer.encoder.layers.3.cross_attn_image.v_proj.bias', 'detector.transformer.decoder.layers.1.norm1.bias', 'detector.backbone.vision_backbone.trunk.blocks.23.mlp.fc2.bias', 'detector.geometry_encoder.encode.2.linear2.bias', 'detector.backbone.vision_backbone.trunk.blocks.9.mlp.fc2.bias', 'tracker.sam_mask_decoder.transformer.layers.0.cross_attn_image_to_token.out_proj.bias', 'detector.backbone.vision_backbone.trunk.blocks.15.mlp.fc2.bias', 'detector.segmentation_head.cross_attend_prompt.in_proj_bias', 'detector.backbone.language_backbone.encoder.transformer.resblocks.16.mlp.c_fc.bias', 'detector.backbone.vision_backbone.trunk.blocks.14.attn.proj.bias', 'tracker.transformer.encoder.layers.1.norm1.bias', 'detector.backbone.vision_backbone.trunk.blocks.11.mlp.fc2.bias', 'detector.backbone.vision_backbone.trunk.blocks.18.mlp.fc2.bias', 'detector.backbone.language_backbone.encoder.transformer.resblocks.5.mlp.c_proj.bias', 'detector.transformer.decoder.layers.3.linear1.bias', 'detector.backbone.vision_backbone.trunk.blocks.0.mlp.fc2.bias', 'detector.transformer.encoder.layers.3.linear1.bias', 'detector.backbone.vision_backbone.convs.2.conv_3x3.bias', 'detector.backbone.vision_backbone.trunk.blocks.24.mlp.fc1.bias', 'tracker.sam_mask_decoder.output_hypernetworks_mlps.0.layers.0.bias', 'detector.transformer.decoder.layers.2.norm2.bias', 'detector.geometry_encoder.encode.2.cross_attn_image.out_proj.bias', 'detector.backbone.vision_backbone.trunk.blocks.13.norm2.bias', 'detector.transformer.decoder.layers.0.cross_attn.in_proj_bias', 'tracker.sam_mask_decoder.transformer.layers.0.cross_attn_token_to_image.v_proj.bias', 'tracker.transformer.encoder.layers.2.norm2.bias', 'tracker.sam_mask_decoder.output_hypernetworks_mlps.3.layers.2.bias', 'detector.transformer.encoder.layers.4.linear1.bias', 'tracker.transformer.encoder.layers.2.linear1.bias', 'detector.backbone.language_backbone.encoder.transformer.resblocks.23.ln_2.bias', 'detector.backbone.vision_backbone.trunk.blocks.6.attn.proj.bias', 'detector.backbone.language_backbone.encoder.transformer.resblocks.8.mlp.c_proj.bias', 'detector.transformer.decoder.layers.0.catext_norm.bias', 'detector.backbone.vision_backbone.trunk.blocks.27.attn.qkv.bias', 'tracker.transformer.encoder.layers.1.cross_attn_image.out_proj.bias', 'tracker.transformer.encoder.layers.2.cross_attn_image.v_proj.bias', 'tracker.sam_mask_decoder.transformer.layers.0.cross_attn_token_to_image.k_proj.bias', 'tracker.transformer.encoder.layers.1.self_attn.k_proj.bias', 'detector.transformer.encoder.layers.2.norm3.bias', 'detector.backbone.language_backbone.encoder.transformer.resblocks.14.ln_1.bias', 'tracker.sam_mask_decoder.transformer.layers.1.cross_attn_image_to_token.k_proj.bias', 'detector.backbone.language_backbone.encoder.transformer.resblocks.6.mlp.c_proj.bias', 'tracker.sam_mask_decoder.output_hypernetworks_mlps.1.layers.2.bias', 'detector.backbone.language_backbone.encoder.transformer.resblocks.20.attn.in_proj_bias', 'detector.backbone.vision_backbone.trunk.blocks.7.mlp.fc1.bias', 'tracker.maskmem_backbone.out_proj.bias', 'detector.backbone.vision_backbone.trunk.blocks.22.norm1.bias', 'tracker.sam_mask_decoder.transformer.layers.0.cross_attn_token_to_image.out_proj.bias', 'detector.backbone.vision_backbone.trunk.blocks.9.attn.qkv.bias', 'detector.backbone.language_backbone.encoder.transformer.resblocks.13.attn.in_proj_bias', 'tracker.sam_mask_decoder.transformer.layers.0.norm4.bias', 'detector.backbone.language_backbone.encoder.transformer.resblocks.8.ln_1.bias', 'detector.backbone.vision_backbone.trunk.blocks.3.attn.proj.bias', 'detector.backbone.language_backbone.encoder.transformer.resblocks.13.ln_2.bias', 'detector.backbone.vision_backbone.sam2_convs.3.conv_3x3.bias', 'detector.transformer.decoder.layers.4.catext_norm.bias', 'detector.transformer.encoder.layers.1.norm3.bias', 'tracker.sam_mask_decoder.transformer.layers.0.cross_attn_image_to_token.k_proj.bias', 'detector.backbone.language_backbone.encoder.transformer.resblocks.0.attn.out_proj.bias', 'detector.transformer.decoder.layers.2.ca_text.in_proj_bias', 'detector.geometry_encoder.norm.bias', 'tracker.transformer.encoder.layers.2.linear2.bias', 'detector.backbone.vision_backbone.trunk.blocks.26.mlp.fc2.bias', 'detector.transformer.decoder.layers.3.cross_attn.out_proj.bias', 'detector.backbone.language_backbone.encoder.transformer.resblocks.7.ln_2.bias', 'detector.transformer.decoder.ref_point_head.layers.1.bias', 'detector.backbone.vision_backbone.trunk.blocks.19.mlp.fc1.bias', 'detector.transformer.decoder.layers.2.cross_attn.in_proj_bias', 'detector.backbone.language_backbone.encoder.transformer.resblocks.17.attn.out_proj.bias', 'detector.transformer.encoder.layers.1.cross_attn_image.out_proj.bias', 'detector.transformer.encoder.layers.2.linear2.bias', 'detector.backbone.vision_backbone.trunk.blocks.7.norm1.bias', 'detector.backbone.vision_backbone.trunk.blocks.26.attn.qkv.bias', 'tracker.transformer.encoder.layers.3.self_attn.k_proj.bias', 'detector.backbone.vision_backbone.trunk.blocks.21.norm1.bias', 'detector.transformer.encoder.layers.2.cross_attn_image.out_proj.bias', 'detector.backbone.vision_backbone.trunk.blocks.29.mlp.fc1.bias', 'detector.backbone.language_backbone.encoder.transformer.resblocks.23.ln_1.bias', 'detector.transformer.encoder.layers.3.self_attn.in_proj_bias', 'detector.transformer.decoder.layers.5.norm2.bias', 'tracker.sam_mask_decoder.transformer.layers.0.cross_attn_token_to_image.q_proj.bias', 'detector.transformer.decoder.layers.1.norm3.bias', 'detector.backbone.language_backbone.encoder.transformer.resblocks.22.ln_2.bias', 'detector.backbone.language_backbone.encoder.transformer.resblocks.22.mlp.c_proj.bias', 'detector.backbone.language_backbone.encoder.transformer.resblocks.9.ln_2.bias', 'tracker.sam_mask_decoder.transformer.layers.0.cross_attn_image_to_token.v_proj.bias', 'detector.transformer.encoder.layers.0.cross_attn_image.in_proj_bias', 'detector.backbone.language_backbone.encoder.transformer.resblocks.5.ln_1.bias', 'detector.geometry_encoder.final_proj.bias', 'detector.transformer.decoder.layers.4.norm1.bias', 'detector.backbone.vision_backbone.trunk.blocks.27.mlp.fc1.bias', 'detector.backbone.language_backbone.encoder.transformer.resblocks.18.attn.in_proj_bias', 'detector.backbone.vision_backbone.trunk.blocks.7.attn.proj.bias', 'detector.transformer.decoder.layers.3.ca_text.in_proj_bias', 'detector.transformer.decoder.layers.0.norm1.bias', 'detector.backbone.vision_backbone.trunk.blocks.17.mlp.fc2.bias', 'detector.backbone.vision_backbone.trunk.blocks.23.mlp.fc1.bias', 'detector.backbone.vision_backbone.trunk.blocks.24.attn.qkv.bias', 'detector.segmentation_head.pixel_decoder.conv_layers.2.bias', 'detector.geometry_encoder.encode.0.linear2.bias', 'tracker.maskmem_backbone.mask_downsampler.encoder.1.bias', 'detector.backbone.vision_backbone.trunk.blocks.9.mlp.fc1.bias', 'detector.transformer.decoder.layers.1.linear1.bias', 'detector.transformer.decoder.bbox_embed.layers.1.bias', 'detector.backbone.vision_backbone.trunk.blocks.10.mlp.fc1.bias', 'tracker.transformer.encoder.layers.3.norm1.bias', 'detector.transformer.decoder.layers.5.cross_attn.in_proj_bias', 'tracker.maskmem_backbone.pix_feat_proj.bias', 'detector.backbone.language_backbone.encoder.transformer.resblocks.21.attn.in_proj_bias', 'detector.backbone.language_backbone.encoder.transformer.resblocks.4.mlp.c_proj.bias', 'detector.transformer.encoder.layers.2.cross_attn_image.in_proj_bias', 'detector.transformer.encoder.layers.1.linear1.bias', 'detector.transformer.encoder.layers.4.norm3.bias', 'detector.backbone.language_backbone.encoder.transformer.resblocks.3.attn.in_proj_bias', 'detector.backbone.language_backbone.encoder.transformer.resblocks.3.mlp.c_proj.bias', 'detector.backbone.vision_backbone.trunk.blocks.23.attn.proj.bias', 'tracker.maskmem_backbone.mask_downsampler.encoder.6.bias', 'detector.backbone.language_backbone.encoder.transformer.resblocks.0.attn.in_proj_bias', 'detector.backbone.vision_backbone.convs.0.dconv_2x2_1.bias', 'detector.geometry_encoder.encode.1.self_attn.in_proj_bias', 'detector.backbone.vision_backbone.trunk.blocks.4.attn.qkv.bias', 'detector.transformer.encoder.layers.3.self_attn.out_proj.bias', 'detector.backbone.language_backbone.encoder.transformer.resblocks.20.attn.out_proj.bias', 'detector.transformer.encoder.layers.0.norm1.bias', 'detector.backbone.vision_backbone.trunk.blocks.26.norm1.bias', 'detector.backbone.vision_backbone.trunk.blocks.13.attn.proj.bias', 'detector.backbone.vision_backbone.trunk.blocks.14.norm2.bias', 'detector.backbone.language_backbone.encoder.transformer.resblocks.5.attn.in_proj_bias', 'detector.backbone.language_backbone.encoder.transformer.resblocks.20.ln_2.bias', 'detector.backbone.vision_backbone.trunk.blocks.15.attn.qkv.bias', 'tracker.sam_mask_decoder.iou_prediction_head.layers.1.bias', 'detector.backbone.language_backbone.encoder.transformer.resblocks.14.ln_2.bias', 'tracker.sam_prompt_encoder.mask_downscaling.0.bias', 'tracker.sam_prompt_encoder.mask_downscaling.6.bias', 'detector.backbone.vision_backbone.trunk.blocks.7.mlp.fc2.bias', 'detector.backbone.vision_backbone.trunk.blocks.3.mlp.fc1.bias', 'detector.geometry_encoder.encode.0.norm3.bias', 'detector.backbone.language_backbone.encoder.transformer.resblocks.1.ln_2.bias', 'tracker.sam_mask_decoder.transformer.layers.1.cross_attn_image_to_token.out_proj.bias', 'detector.backbone.language_backbone.encoder.transformer.resblocks.14.mlp.c_fc.bias', 'detector.geometry_encoder.boxes_direct_project.bias', 'tracker.transformer.encoder.layers.0.norm3.bias', 'detector.transformer.decoder.bbox_embed.layers.0.bias', 'tracker.sam_prompt_encoder.mask_downscaling.3.bias', 'detector.transformer.encoder.layers.2.self_attn.out_proj.bias', 'detector.backbone.language_backbone.encoder.transformer.resblocks.7.attn.in_proj_bias', 'tracker.maskmem_backbone.fuser.layers.1.norm.bias', 'detector.backbone.language_backbone.encoder.transformer.resblocks.11.attn.out_proj.bias', 'detector.transformer.decoder.boxRPB_embed_y.layers.0.bias', 'detector.transformer.encoder.layers.3.norm1.bias', 'detector.backbone.vision_backbone.trunk.blocks.9.attn.proj.bias', 'detector.backbone.vision_backbone.trunk.blocks.0.attn.proj.bias', 'detector.backbone.vision_backbone.sam2_convs.0.conv_3x3.bias', 'tracker.transformer.encoder.layers.3.cross_attn_image.k_proj.bias', 'detector.backbone.vision_backbone.trunk.blocks.21.attn.proj.bias', 'detector.transformer.decoder.layers.4.self_attn.out_proj.bias', 'detector.transformer.decoder.layers.5.norm3.bias', 'tracker.sam_mask_decoder.output_hypernetworks_mlps.0.layers.1.bias', 'detector.backbone.vision_backbone.trunk.blocks.14.attn.qkv.bias', 'detector.backbone.vision_backbone.trunk.blocks.31.norm1.bias', 'detector.backbone.vision_backbone.trunk.blocks.16.attn.qkv.bias', 'tracker.sam_mask_decoder.transformer.layers.1.norm4.bias', 'detector.transformer.decoder.layers.5.norm1.bias', 'detector.backbone.language_backbone.encoder.transformer.resblocks.2.ln_2.bias', 'detector.backbone.language_backbone.encoder.transformer.resblocks.15.ln_1.bias', 'detector.backbone.vision_backbone.trunk.blocks.18.attn.proj.bias', 'tracker.maskmem_backbone.mask_downsampler.encoder.4.bias', 'tracker.transformer.encoder.layers.2.cross_attn_image.out_proj.bias', 'detector.geometry_encoder.encode.2.norm1.bias', 'tracker.sam_mask_decoder.conv_s1.bias', 'detector.backbone.vision_backbone.trunk.blocks.29.norm2.bias', 'detector.backbone.language_backbone.encoder.transformer.resblocks.9.mlp.c_proj.bias', 'detector.transformer.encoder.layers.5.norm1.bias', 'tracker.sam_mask_decoder.transformer.layers.0.mlp.lin2.bias', 'detector.transformer.decoder.layers.2.self_attn.in_proj_bias', 'detector.transformer.decoder.presence_token_head.layers.1.bias', 'detector.transformer.decoder.layers.2.norm3.bias', 'detector.backbone.vision_backbone.trunk.blocks.9.norm1.bias', 'detector.transformer.decoder.boxRPB_embed_y.layers.1.bias', 'tracker.transformer.encoder.layers.1.cross_attn_image.q_proj.bias', 'detector.transformer.decoder.layers.4.cross_attn.in_proj_bias', 'detector.transformer.decoder.layers.4.norm3.bias', 'detector.transformer.decoder.layers.2.catext_norm.bias', 'detector.backbone.vision_backbone.trunk.blocks.17.mlp.fc1.bias', 'detector.transformer.encoder.layers.5.cross_attn_image.in_proj_bias', 'tracker.sam_mask_decoder.output_hypernetworks_mlps.2.layers.1.bias', 'detector.backbone.language_backbone.encoder.transformer.resblocks.1.mlp.c_fc.bias', 'detector.transformer.encoder.layers.5.linear2.bias', 'detector.backbone.vision_backbone.trunk.blocks.25.norm1.bias', 'detector.backbone.vision_backbone.trunk.blocks.5.mlp.fc1.bias', 'detector.backbone.language_backbone.encoder.transformer.resblocks.18.attn.out_proj.bias', 'detector.transformer.decoder.layers.0.norm2.bias', 'tracker.transformer.encoder.layers.0.linear2.bias', 'detector.backbone.language_backbone.encoder.transformer.resblocks.12.attn.in_proj_bias', 'detector.transformer.decoder.layers.1.cross_attn.out_proj.bias', 'detector.backbone.language_backbone.encoder.transformer.resblocks.18.ln_2.bias', 'detector.backbone.language_backbone.encoder.transformer.resblocks.7.ln_1.bias', 'detector.transformer.encoder.layers.2.self_attn.in_proj_bias', 'tracker.sam_mask_decoder.transformer.layers.0.norm3.bias', 'detector.backbone.vision_backbone.trunk.blocks.12.mlp.fc1.bias', 'detector.backbone.language_backbone.encoder.transformer.resblocks.1.mlp.c_proj.bias', 'tracker.maskmem_backbone.mask_downsampler.encoder.10.bias', 'detector.backbone.vision_backbone.trunk.blocks.3.mlp.fc2.bias', 'tracker.obj_ptr_proj.layers.1.bias', 'detector.backbone.vision_backbone.sam2_convs.0.dconv_2x2_1.bias', 'detector.transformer.decoder.layers.5.ca_text.out_proj.bias', 'detector.backbone.language_backbone.encoder.transformer.resblocks.10.attn.out_proj.bias', 'detector.backbone.vision_backbone.trunk.blocks.3.norm1.bias', 'detector.backbone.vision_backbone.trunk.blocks.6.mlp.fc1.bias', 'detector.transformer.decoder.layers.1.catext_norm.bias', 'detector.segmentation_head.mask_predictor.mask_embed.layers.2.bias', 'detector.backbone.vision_backbone.trunk.blocks.1.mlp.fc1.bias', 'detector.backbone.vision_backbone.sam2_convs.0.dconv_2x2_0.bias', 'detector.backbone.vision_backbone.trunk.blocks.24.norm2.bias', 'detector.transformer.decoder.boxRPB_embed_x.layers.1.bias', 'detector.backbone.vision_backbone.trunk.blocks.8.norm1.bias', 'detector.backbone.language_backbone.encoder.transformer.resblocks.4.attn.out_proj.bias', 'detector.backbone.vision_backbone.trunk.blocks.7.attn.qkv.bias', 'tracker.sam_mask_decoder.transformer.layers.1.self_attn.out_proj.bias', 'tracker.sam_mask_decoder.output_hypernetworks_mlps.3.layers.1.bias', 'detector.backbone.vision_backbone.trunk.blocks.5.attn.proj.bias', 'detector.backbone.vision_backbone.trunk.blocks.23.norm2.bias', 'tracker.transformer.encoder.layers.0.self_attn.q_proj.bias', 'detector.backbone.vision_backbone.trunk.blocks.24.mlp.fc2.bias', 'detector.backbone.language_backbone.encoder.transformer.resblocks.21.mlp.c_proj.bias', 'detector.geometry_encoder.points_pos_enc_project.bias', 'detector.backbone.vision_backbone.trunk.blocks.31.mlp.fc2.bias', 'detector.backbone.vision_backbone.trunk.blocks.17.attn.proj.bias', 'detector.transformer.decoder.layers.1.norm2.bias', 'detector.backbone.vision_backbone.trunk.blocks.10.attn.proj.bias', 'detector.backbone.vision_backbone.trunk.blocks.18.attn.qkv.bias', 'tracker.sam_mask_decoder.output_hypernetworks_mlps.2.layers.2.bias', 'tracker.transformer.encoder.layers.0.norm1.bias', 'tracker.sam_mask_decoder.pred_obj_score_head.layers.0.bias', 'detector.backbone.language_backbone.encoder.transformer.resblocks.12.ln_2.bias', 'detector.backbone.language_backbone.encoder.transformer.resblocks.2.mlp.c_fc.bias', 'tracker.sam_mask_decoder.iou_prediction_head.layers.0.bias', 'detector.segmentation_head.pixel_decoder.norms.2.bias', 'detector.backbone.language_backbone.encoder.transformer.resblocks.21.attn.out_proj.bias', 'detector.backbone.vision_backbone.trunk.blocks.25.norm2.bias', 'tracker.transformer.encoder.layers.2.norm1.bias', 'detector.backbone.vision_backbone.trunk.blocks.23.norm1.bias', 'detector.backbone.vision_backbone.trunk.blocks.15.attn.proj.bias', 'detector.backbone.vision_backbone.trunk.blocks.29.mlp.fc2.bias', 'detector.backbone.vision_backbone.trunk.blocks.24.attn.proj.bias', 'detector.transformer.decoder.layers.1.self_attn.out_proj.bias', 'tracker.transformer.encoder.layers.1.linear1.bias', 'detector.transformer.decoder.norm.bias', 'detector.backbone.vision_backbone.trunk.blocks.12.attn.qkv.bias', 'detector.backbone.vision_backbone.trunk.blocks.6.norm2.bias', 'tracker.sam_mask_decoder.output_hypernetworks_mlps.1.layers.0.bias', 'detector.backbone.vision_backbone.trunk.blocks.22.attn.proj.bias', 'tracker.maskmem_backbone.mask_downsampler.encoder.12.bias', 'tracker.sam_mask_decoder.transformer.norm_final_attn.bias', 'tracker.sam_mask_decoder.transformer.layers.0.self_attn.k_proj.bias', 'detector.backbone.language_backbone.encoder.transformer.resblocks.19.ln_2.bias', 'tracker.maskmem_backbone.fuser.layers.0.pwconv2.bias', 'detector.transformer.decoder.layers.3.norm3.bias', 'detector.backbone.language_backbone.encoder.transformer.resblocks.10.attn.in_proj_bias', 'detector.backbone.vision_backbone.trunk.blocks.6.norm1.bias', 'detector.backbone.vision_backbone.trunk.blocks.14.mlp.fc1.bias', 'detector.backbone.vision_backbone.trunk.blocks.30.norm2.bias', 'detector.backbone.language_backbone.encoder.transformer.resblocks.20.mlp.c_fc.bias', 'detector.backbone.vision_backbone.trunk.blocks.8.mlp.fc2.bias', 'detector.transformer.decoder.layers.0.linear2.bias', 'tracker.obj_ptr_proj.layers.0.bias', 'tracker.maskmem_backbone.fuser.layers.1.dwconv.bias', 'detector.backbone.vision_backbone.trunk.blocks.31.mlp.fc1.bias', 'tracker.mask_downsample.bias', 'detector.backbone.vision_backbone.trunk.blocks.2.attn.proj.bias', 'detector.backbone.language_backbone.encoder.transformer.resblocks.19.mlp.c_proj.bias', 'tracker.sam_mask_decoder.transformer.final_attn_token_to_image.k_proj.bias', 'detector.geometry_encoder.encode.0.cross_attn_image.out_proj.bias', 'detector.backbone.vision_backbone.convs.1.dconv_2x2.bias', 'detector.backbone.vision_backbone.trunk.blocks.5.mlp.fc2.bias', 'detector.geometry_encoder.encode.2.self_attn.in_proj_bias', 'detector.backbone.language_backbone.encoder.transformer.resblocks.0.mlp.c_fc.bias', 'detector.backbone.vision_backbone.trunk.blocks.16.norm2.bias', 'detector.backbone.language_backbone.encoder.transformer.resblocks.18.mlp.c_proj.bias', 'detector.backbone.language_backbone.encoder.transformer.resblocks.18.ln_1.bias', 'detector.transformer.encoder.layers.5.self_attn.in_proj_bias', 'tracker.maskmem_backbone.fuser.layers.0.pwconv1.bias', 'detector.geometry_encoder.encode.2.cross_attn_image.in_proj_bias', 'detector.backbone.vision_backbone.trunk.blocks.26.mlp.fc1.bias', 'detector.geometry_encoder.encode.1.self_attn.out_proj.bias', 'tracker.sam_mask_decoder.transformer.final_attn_token_to_image.q_proj.bias', 'detector.transformer.decoder.layers.1.ca_text.in_proj_bias', 'detector.backbone.vision_backbone.trunk.blocks.25.attn.qkv.bias', 'detector.backbone.vision_backbone.trunk.blocks.6.mlp.fc2.bias', 'detector.backbone.language_backbone.encoder.transformer.resblocks.22.mlp.c_fc.bias', 'detector.transformer.decoder.layers.2.self_attn.out_proj.bias', 'tracker.sam_mask_decoder.transformer.layers.1.norm1.bias', 'detector.transformer.encoder.layers.0.linear1.bias', 'detector.backbone.vision_backbone.trunk.blocks.25.attn.proj.bias', 'detector.transformer.decoder.layers.5.self_attn.out_proj.bias', 'detector.backbone.vision_backbone.trunk.blocks.30.attn.proj.bias', 'detector.geometry_encoder.points_direct_project.bias', 'detector.segmentation_head.instance_seg_head.bias', 'detector.segmentation_head.pixel_decoder.conv_layers.1.bias', 'detector.backbone.vision_backbone.trunk.blocks.1.norm1.bias', 'detector.backbone.vision_backbone.trunk.blocks.1.mlp.fc2.bias', 'detector.transformer.encoder.layers.0.self_attn.in_proj_bias', 'tracker.sam_mask_decoder.transformer.layers.1.cross_attn_token_to_image.v_proj.bias', 'detector.backbone.vision_backbone.trunk.blocks.22.attn.qkv.bias', 'tracker.transformer.encoder.layers.3.norm3.bias', 'detector.backbone.language_backbone.encoder.transformer.resblocks.15.mlp.c_fc.bias', 'detector.geometry_encoder.encode.2.linear1.bias', 'tracker.sam_mask_decoder.transformer.layers.0.norm2.bias', 'detector.backbone.vision_backbone.convs.0.dconv_2x2_0.bias', 'detector.transformer.encoder.layers.4.linear2.bias', 'detector.transformer.decoder.layers.2.linear2.bias', 'detector.backbone.vision_backbone.trunk.blocks.9.norm2.bias', 'detector.backbone.language_backbone.encoder.transformer.resblocks.7.attn.out_proj.bias', 'detector.transformer.encoder.layers.0.self_attn.out_proj.bias', 'detector.backbone.language_backbone.encoder.transformer.resblocks.22.ln_1.bias', 'detector.backbone.vision_backbone.trunk.blocks.15.norm2.bias', 'tracker.transformer.encoder.layers.3.self_attn.out_proj.bias', 'detector.backbone.vision_backbone.trunk.blocks.23.attn.qkv.bias', 'detector.segmentation_head.cross_attend_prompt.out_proj.bias', 'detector.backbone.language_backbone.encoder.ln_final.bias', 'detector.backbone.vision_backbone.trunk.blocks.30.mlp.fc2.bias', 'detector.backbone.language_backbone.encoder.transformer.resblocks.0.ln_2.bias', 'detector.geometry_encoder.img_pre_norm.bias', 'tracker.transformer.encoder.layers.3.norm2.bias', 'detector.transformer.decoder.layers.4.ca_text.in_proj_bias', 'detector.backbone.language_backbone.encoder.transformer.resblocks.9.ln_1.bias', 'detector.backbone.language_backbone.encoder.transformer.resblocks.19.attn.in_proj_bias', 'detector.backbone.language_backbone.encoder.transformer.resblocks.2.attn.in_proj_bias', 'detector.backbone.vision_backbone.trunk.blocks.25.mlp.fc2.bias', 'detector.transformer.decoder.presence_token_head.layers.0.bias', 'tracker.transformer.encoder.layers.0.linear1.bias', 'detector.geometry_encoder.encode.1.norm2.bias', 'tracker.transformer.encoder.layers.2.self_attn.v_proj.bias', 'detector.backbone.language_backbone.encoder.transformer.resblocks.15.mlp.c_proj.bias', 'detector.backbone.language_backbone.encoder.transformer.resblocks.13.mlp.c_proj.bias', 'detector.geometry_encoder.encode.0.norm2.bias', 'detector.backbone.vision_backbone.sam2_convs.3.conv_1x1.bias', 'detector.backbone.language_backbone.encoder.transformer.resblocks.23.attn.out_proj.bias', 'detector.backbone.language_backbone.encoder.transformer.resblocks.11.ln_1.bias', 'detector.backbone.vision_backbone.trunk.blocks.4.mlp.fc1.bias', 'detector.backbone.language_backbone.encoder.transformer.resblocks.5.mlp.c_fc.bias', 'tracker.transformer.encoder.layers.2.cross_attn_image.q_proj.bias', 'tracker.sam_mask_decoder.output_hypernetworks_mlps.3.layers.0.bias', 'detector.backbone.language_backbone.encoder.transformer.resblocks.3.ln_2.bias', 'tracker.maskmem_backbone.fuser.layers.0.norm.bias', 'detector.dot_prod_scoring.prompt_mlp.out_norm.bias', 'tracker.transformer.encoder.layers.2.self_attn.out_proj.bias', 'detector.backbone.language_backbone.encoder.transformer.resblocks.10.ln_2.bias', 'detector.transformer.encoder.layers.5.self_attn.out_proj.bias', 'detector.backbone.language_backbone.encoder.transformer.resblocks.14.attn.in_proj_bias', 'detector.backbone.vision_backbone.trunk.blocks.8.attn.qkv.bias', 'detector.backbone.language_backbone.encoder.transformer.resblocks.6.ln_2.bias', 'detector.backbone.vision_backbone.sam2_convs.1.conv_3x3.bias', 'detector.backbone.vision_backbone.trunk.blocks.11.attn.qkv.bias', 'detector.transformer.decoder.layers.3.catext_norm.bias', 'detector.transformer.encoder.layers.4.self_attn.out_proj.bias', 'detector.transformer.decoder.layers.4.self_attn.in_proj_bias', 'detector.backbone.language_backbone.encoder.transformer.resblocks.22.attn.out_proj.bias', 'detector.backbone.language_backbone.encoder.transformer.resblocks.17.mlp.c_fc.bias', 'detector.backbone.language_backbone.resizer.bias', 'detector.backbone.vision_backbone.trunk.blocks.10.norm1.bias', 'detector.backbone.vision_backbone.trunk.blocks.29.attn.proj.bias', 'detector.backbone.language_backbone.encoder.transformer.resblocks.6.attn.in_proj_bias', 'detector.transformer.decoder.layers.3.cross_attn.in_proj_bias', 'tracker.sam_mask_decoder.transformer.layers.1.self_attn.v_proj.bias', 'detector.backbone.language_backbone.encoder.transformer.resblocks.5.attn.out_proj.bias', 'detector.geometry_encoder.encode.1.norm1.bias', 'tracker.maskmem_backbone.mask_downsampler.encoder.3.bias', 'detector.transformer.decoder.layers.5.self_attn.in_proj_bias', 'detector.backbone.language_backbone.encoder.transformer.resblocks.6.attn.out_proj.bias', 'tracker.transformer.encoder.layers.1.cross_attn_image.v_proj.bias', 'tracker.sam_mask_decoder.transformer.layers.0.self_attn.out_proj.bias', 'detector.transformer.decoder.layers.1.self_attn.in_proj_bias', 'detector.geometry_encoder.encode.0.self_attn.out_proj.bias', 'detector.backbone.vision_backbone.trunk.blocks.19.attn.proj.bias', 'detector.backbone.vision_backbone.trunk.blocks.26.attn.proj.bias', 'tracker.transformer.encoder.norm.bias', 'detector.backbone.vision_backbone.convs.2.conv_1x1.bias', 'detector.transformer.encoder.layers.1.self_attn.out_proj.bias', 'detector.transformer.decoder.layers.5.linear2.bias', 'detector.backbone.vision_backbone.trunk.blocks.27.norm2.bias', 'detector.backbone.language_backbone.encoder.transformer.resblocks.1.attn.in_proj_bias', 'detector.backbone.language_backbone.encoder.transformer.resblocks.19.ln_1.bias', 'detector.backbone.vision_backbone.trunk.blocks.8.attn.proj.bias', 'detector.backbone.language_backbone.encoder.transformer.resblocks.17.attn.in_proj_bias', 'detector.geometry_encoder.encode.1.linear1.bias', 'detector.segmentation_head.mask_predictor.mask_embed.layers.1.bias', 'detector.backbone.vision_backbone.trunk.blocks.10.attn.qkv.bias', 'detector.backbone.vision_backbone.convs.0.conv_3x3.bias', 'tracker.transformer.encoder.layers.3.self_attn.v_proj.bias'}
INFO 2026-05-27 15:53:26,653 optimizer.py: 216: Matches for module_cls_name [torch.nn.LayerNorm]: {'detector.transformer.decoder.norm.weight', 'detector.backbone.vision_backbone.trunk.blocks.28.norm1.bias', 'detector.backbone.vision_backbone.trunk.blocks.25.norm2.weight', 'detector.transformer.encoder.layers.5.norm3.weight', 'detector.backbone.language_backbone.encoder.transformer.resblocks.10.ln_2.weight', 'tracker.sam_mask_decoder.transformer.layers.1.norm2.weight', 'detector.transformer.decoder.layers.2.catext_norm.weight', 'detector.backbone.vision_backbone.trunk.blocks.24.norm1.bias', 'detector.backbone.language_backbone.encoder.transformer.resblocks.4.ln_1.bias', 'detector.backbone.vision_backbone.trunk.blocks.12.norm1.bias', 'detector.transformer.encoder.layers.0.norm1.weight', 'tracker.sam_mask_decoder.transformer.layers.0.norm2.weight', 'detector.backbone.language_backbone.encoder.transformer.resblocks.2.ln_2.weight', 'detector.transformer.encoder.layers.4.norm2.bias', 'detector.backbone.language_backbone.encoder.transformer.resblocks.15.ln_2.bias', 'detector.geometry_encoder.encode.2.norm3.bias', 'detector.transformer.decoder.layers.3.norm1.weight', 'detector.backbone.vision_backbone.trunk.blocks.3.norm2.weight', 'detector.backbone.vision_backbone.trunk.blocks.1.norm2.bias', 'detector.backbone.vision_backbone.trunk.blocks.29.norm2.weight', 'detector.backbone.vision_backbone.trunk.blocks.15.norm1.bias', 'detector.backbone.language_backbone.encoder.transformer.resblocks.9.ln_2.weight', 'detector.backbone.language_backbone.encoder.transformer.resblocks.6.ln_1.bias', 'detector.backbone.language_backbone.encoder.transformer.resblocks.0.ln_2.weight', 'detector.backbone.vision_backbone.trunk.blocks.26.norm1.weight', 'detector.backbone.vision_backbone.trunk.blocks.10.norm2.bias', 'detector.backbone.language_backbone.encoder.transformer.resblocks.20.ln_1.weight', 'detector.backbone.vision_backbone.trunk.blocks.5.norm1.bias', 'detector.transformer.decoder.layers.1.norm1.weight', 'detector.transformer.encoder.layers.3.norm2.bias', 'tracker.sam_mask_decoder.transformer.layers.0.norm1.weight', 'detector.transformer.encoder.layers.4.norm1.bias', 'detector.backbone.language_backbone.encoder.transformer.resblocks.16.ln_2.bias', 'detector.backbone.vision_backbone.trunk.blocks.11.norm1.bias', 'detector.backbone.vision_backbone.trunk.blocks.30.norm2.weight', 'detector.backbone.vision_backbone.trunk.blocks.11.norm2.bias', 'detector.backbone.language_backbone.encoder.transformer.resblocks.8.ln_2.weight', 'tracker.transformer.encoder.layers.2.norm3.bias', 'detector.backbone.vision_backbone.trunk.blocks.21.norm2.weight', 'detector.transformer.encoder.layers.2.norm1.bias', 'detector.transformer.decoder.layers.4.norm2.bias', 'detector.transformer.encoder.layers.1.norm1.bias', 'detector.backbone.language_backbone.encoder.transformer.resblocks.13.ln_1.bias', 'detector.segmentation_head.cross_attn_norm.bias', 'detector.backbone.vision_backbone.trunk.blocks.0.norm2.bias', 'detector.geometry_encoder.encode.0.norm3.weight', 'detector.geometry_encoder.encode_norm.bias', 'detector.backbone.vision_backbone.trunk.blocks.2.norm1.weight', 'detector.backbone.language_backbone.encoder.transformer.resblocks.4.ln_2.bias', 'detector.backbone.language_backbone.encoder.transformer.resblocks.3.ln_1.bias', 'detector.geometry_encoder.encode.2.norm2.bias', 'detector.backbone.vision_backbone.trunk.blocks.5.norm2.bias', 'detector.transformer.encoder.layers.4.norm1.weight', 'detector.backbone.vision_backbone.trunk.blocks.15.norm2.weight', 'detector.transformer.decoder.layers.3.norm1.bias', 'detector.backbone.vision_backbone.trunk.blocks.26.norm2.bias', 'detector.backbone.vision_backbone.trunk.blocks.4.norm2.bias', 'detector.transformer.decoder.presence_token_out_norm.bias', 'detector.backbone.vision_backbone.trunk.blocks.12.norm2.weight', 'detector.transformer.encoder.layers.5.norm3.bias', 'detector.transformer.decoder.layers.3.norm3.weight', 'detector.backbone.language_backbone.encoder.transformer.resblocks.5.ln_2.weight', 'detector.backbone.vision_backbone.trunk.blocks.18.norm1.weight', 'detector.backbone.language_backbone.encoder.transformer.resblocks.21.ln_2.weight', 'detector.backbone.language_backbone.encoder.transformer.resblocks.12.ln_2.weight', 'detector.transformer.decoder.layers.4.norm1.weight', 'detector.backbone.language_backbone.encoder.transformer.resblocks.20.ln_1.bias', 'detector.backbone.language_backbone.encoder.transformer.resblocks.11.ln_2.bias', 'detector.transformer.decoder.layers.2.norm1.bias', 'detector.backbone.vision_backbone.trunk.blocks.1.norm1.weight', 'tracker.transformer.encoder.layers.0.norm2.bias', 'detector.backbone.vision_backbone.trunk.blocks.7.norm2.bias', 'tracker.transformer.encoder.layers.2.norm3.weight', 'detector.backbone.vision_backbone.trunk.blocks.17.norm2.bias', 'detector.backbone.language_backbone.encoder.transformer.resblocks.8.ln_2.bias', 'tracker.sam_mask_decoder.transformer.layers.1.norm1.weight', 'detector.backbone.vision_backbone.trunk.blocks.21.norm2.bias', 'detector.geometry_encoder.encode.0.norm1.bias', 'detector.backbone.language_backbone.encoder.transformer.resblocks.1.ln_1.weight', 'detector.transformer.encoder.layers.1.norm2.bias', 'tracker.sam_mask_decoder.transformer.layers.1.norm2.bias', 'detector.transformer.encoder.layers.1.norm1.weight', 'detector.backbone.language_backbone.encoder.transformer.resblocks.21.ln_1.bias', 'detector.backbone.language_backbone.encoder.transformer.resblocks.17.ln_1.bias', 'tracker.transformer.encoder.layers.1.norm3.bias', 'detector.transformer.encoder.layers.3.norm3.bias', 'detector.backbone.language_backbone.encoder.transformer.resblocks.0.ln_1.weight', 'detector.backbone.language_backbone.encoder.transformer.resblocks.19.ln_2.weight', 'tracker.sam_mask_decoder.transformer.layers.0.norm1.bias', 'detector.backbone.vision_backbone.trunk.blocks.22.norm2.bias', 'detector.backbone.vision_backbone.trunk.blocks.8.norm1.weight', 'detector.backbone.vision_backbone.trunk.blocks.19.norm2.bias', 'detector.backbone.language_backbone.encoder.transformer.resblocks.3.ln_1.weight', 'detector.backbone.vision_backbone.trunk.blocks.2.norm2.bias', 'detector.backbone.language_backbone.encoder.transformer.resblocks.8.ln_1.weight', 'detector.backbone.vision_backbone.trunk.blocks.29.norm1.weight', 'detector.backbone.language_backbone.encoder.transformer.resblocks.17.ln_2.bias', 'detector.transformer.decoder.layers.5.catext_norm.weight', 'detector.backbone.vision_backbone.trunk.blocks.31.norm2.bias', 'detector.transformer.decoder.layers.3.norm2.bias', 'detector.backbone.vision_backbone.trunk.blocks.27.norm1.bias', 'detector.backbone.vision_backbone.trunk.blocks.18.norm1.bias', 'detector.transformer.decoder.layers.2.norm2.weight', 'detector.transformer.decoder.layers.0.norm3.bias', 'detector.backbone.vision_backbone.trunk.blocks.5.norm1.weight', 'detector.backbone.vision_backbone.trunk.blocks.20.norm1.weight', 'detector.backbone.vision_backbone.trunk.blocks.24.norm2.weight', 'detector.geometry_encoder.encode_norm.weight', 'detector.transformer.encoder.layers.0.norm2.bias', 'detector.backbone.language_backbone.encoder.transformer.resblocks.13.ln_2.weight', 'detector.transformer.decoder.layers.5.norm3.weight', 'detector.backbone.language_backbone.encoder.transformer.resblocks.21.ln_2.bias', 'detector.backbone.vision_backbone.trunk.blocks.2.norm2.weight', 'detector.transformer.encoder.layers.2.norm2.bias', 'tracker.sam_mask_decoder.transformer.layers.0.norm4.weight', 'detector.transformer.encoder.layers.5.norm1.weight', 'detector.backbone.vision_backbone.trunk.blocks.15.norm1.weight', 'tracker.sam_mask_decoder.transformer.layers.1.norm4.weight', 'detector.backbone.vision_backbone.trunk.blocks.28.norm2.bias', 'tracker.sam_mask_decoder.transformer.layers.1.norm3.bias', 'detector.backbone.vision_backbone.trunk.blocks.29.norm1.bias', 'detector.backbone.vision_backbone.trunk.blocks.21.norm1.weight', 'detector.backbone.vision_backbone.trunk.blocks.28.norm2.weight', 'detector.backbone.vision_backbone.trunk.blocks.20.norm1.bias', 'detector.backbone.language_backbone.encoder.transformer.resblocks.17.ln_1.weight', 'detector.backbone.vision_backbone.trunk.blocks.13.norm1.weight', 'detector.backbone.language_backbone.encoder.transformer.resblocks.18.ln_1.weight', 'detector.geometry_encoder.encode.1.norm3.bias', 'detector.backbone.vision_backbone.trunk.blocks.16.norm1.weight', 'detector.geometry_encoder.img_pre_norm.weight', 'detector.backbone.vision_backbone.trunk.blocks.18.norm2.weight', 'detector.backbone.language_backbone.encoder.transformer.resblocks.14.ln_1.weight', 'detector.backbone.language_backbone.encoder.transformer.resblocks.15.ln_1.weight', 'detector.backbone.language_backbone.encoder.transformer.resblocks.16.ln_1.weight', 'tracker.transformer.encoder.layers.1.norm1.weight', 'detector.backbone.vision_backbone.trunk.blocks.12.norm2.bias', 'detector.transformer.decoder.layers.5.catext_norm.bias', 'detector.backbone.vision_backbone.trunk.blocks.0.norm1.bias', 'detector.backbone.language_backbone.encoder.transformer.resblocks.16.ln_1.bias', 'tracker.transformer.encoder.layers.1.norm2.weight', 'detector.backbone.vision_backbone.trunk.blocks.16.norm1.bias', 'detector.transformer.decoder.layers.4.catext_norm.weight', 'detector.backbone.vision_backbone.trunk.blocks.18.norm2.bias', 'detector.backbone.vision_backbone.trunk.ln_pre.weight', 'detector.backbone.vision_backbone.trunk.ln_pre.bias', 'detector.backbone.vision_backbone.trunk.blocks.19.norm1.weight', 'detector.backbone.language_backbone.encoder.transformer.resblocks.2.ln_1.bias', 'detector.backbone.vision_backbone.trunk.blocks.30.norm1.bias', 'detector.backbone.language_backbone.encoder.transformer.resblocks.0.ln_1.bias', 'detector.backbone.language_backbone.encoder.transformer.resblocks.10.ln_1.bias', 'detector.backbone.language_backbone.encoder.transformer.resblocks.5.ln_2.bias', 'detector.backbone.vision_backbone.trunk.blocks.5.norm2.weight', 'detector.geometry_encoder.encode.1.norm3.weight', 'detector.transformer.decoder.presence_token_out_norm.weight', 'detector.backbone.vision_backbone.trunk.blocks.13.norm1.bias', 'detector.backbone.vision_backbone.trunk.blocks.20.norm2.bias', 'detector.transformer.encoder.layers.0.norm3.bias', 'detector.backbone.vision_backbone.trunk.blocks.14.norm1.bias', 'detector.backbone.vision_backbone.trunk.blocks.17.norm1.bias', 'tracker.transformer.encoder.layers.2.norm1.weight', 'detector.backbone.vision_backbone.trunk.blocks.2.norm1.bias', 'detector.backbone.vision_backbone.trunk.blocks.3.norm1.weight', 'detector.backbone.vision_backbone.trunk.blocks.8.norm2.bias', 'detector.backbone.vision_backbone.trunk.blocks.4.norm1.bias', 'detector.backbone.language_backbone.encoder.transformer.resblocks.1.ln_1.bias', 'detector.transformer.encoder.layers.3.norm1.weight', 'detector.backbone.vision_backbone.trunk.blocks.3.norm2.bias', 'detector.backbone.language_backbone.encoder.transformer.resblocks.12.ln_1.bias', 'detector.transformer.encoder.layers.2.norm3.weight', 'detector.backbone.vision_backbone.trunk.blocks.10.norm1.weight', 'detector.backbone.vision_backbone.trunk.blocks.19.norm1.bias', 'tracker.transformer.encoder.layers.1.norm2.bias', 'detector.geometry_encoder.encode.2.norm1.weight', 'detector.transformer.encoder.layers.5.norm2.bias', 'detector.transformer.decoder.layers.1.norm1.bias', 'tracker.sam_mask_decoder.transformer.layers.1.norm3.weight', 'tracker.transformer.encoder.layers.1.norm1.bias', 'detector.backbone.language_backbone.encoder.transformer.resblocks.12.ln_1.weight', 'detector.backbone.vision_backbone.trunk.blocks.11.norm2.weight', 'detector.backbone.vision_backbone.trunk.blocks.25.norm1.weight', 'detector.transformer.decoder.layers.2.norm2.bias', 'tracker.transformer.encoder.layers.2.norm2.weight', 'detector.backbone.vision_backbone.trunk.blocks.13.norm2.bias', 'detector.backbone.vision_backbone.trunk.blocks.31.norm1.weight', 'tracker.transformer.encoder.layers.2.norm2.bias', 'detector.backbone.vision_backbone.trunk.blocks.14.norm2.weight', 'detector.backbone.language_backbone.encoder.transformer.resblocks.23.ln_2.bias', 'detector.transformer.decoder.layers.0.catext_norm.bias', 'detector.transformer.decoder.layers.2.norm1.weight', 'detector.transformer.encoder.layers.2.norm3.bias', 'detector.backbone.language_backbone.encoder.transformer.resblocks.14.ln_1.bias', 'detector.backbone.language_backbone.encoder.transformer.resblocks.9.ln_1.weight', 'detector.backbone.vision_backbone.trunk.blocks.22.norm1.bias', 'detector.backbone.vision_backbone.trunk.blocks.28.norm1.weight', 'tracker.sam_mask_decoder.transformer.layers.0.norm4.bias', 'detector.backbone.language_backbone.encoder.transformer.resblocks.8.ln_1.bias', 'detector.backbone.language_backbone.encoder.transformer.resblocks.22.ln_1.weight', 'tracker.transformer.encoder.norm.weight', 'detector.backbone.vision_backbone.trunk.blocks.4.norm2.weight', 'detector.backbone.language_backbone.encoder.transformer.resblocks.13.ln_2.bias', 'detector.transformer.decoder.layers.4.catext_norm.bias', 'detector.transformer.encoder.layers.1.norm3.bias', 'detector.geometry_encoder.norm.bias', 'detector.transformer.decoder.layers.0.norm1.weight', 'detector.backbone.vision_backbone.trunk.blocks.0.norm1.weight', 'detector.backbone.language_backbone.encoder.transformer.resblocks.7.ln_2.bias', 'detector.backbone.vision_backbone.trunk.blocks.20.norm2.weight', 'detector.backbone.vision_backbone.trunk.blocks.7.norm1.bias', 'detector.backbone.vision_backbone.trunk.blocks.21.norm1.bias', 'detector.backbone.vision_backbone.trunk.blocks.22.norm2.weight', 'detector.backbone.language_backbone.encoder.transformer.resblocks.11.ln_2.weight', 'detector.backbone.language_backbone.encoder.ln_final.weight', 'detector.backbone.language_backbone.encoder.transformer.resblocks.23.ln_1.bias', 'detector.geometry_encoder.encode.2.norm3.weight', 'detector.transformer.decoder.layers.5.norm2.bias', 'detector.backbone.language_backbone.encoder.transformer.resblocks.23.ln_1.weight', 'detector.backbone.language_backbone.encoder.transformer.resblocks.22.ln_2.bias', 'detector.transformer.decoder.layers.1.norm3.bias', 'detector.backbone.language_backbone.encoder.transformer.resblocks.9.ln_2.bias', 'detector.backbone.language_backbone.encoder.transformer.resblocks.5.ln_1.bias', 'detector.backbone.vision_backbone.trunk.blocks.10.norm2.weight', 'detector.transformer.decoder.layers.4.norm1.bias', 'detector.backbone.vision_backbone.trunk.blocks.4.norm1.weight', 'detector.backbone.language_backbone.encoder.transformer.resblocks.3.ln_2.weight', 'detector.backbone.vision_backbone.trunk.blocks.22.norm1.weight', 'detector.backbone.vision_backbone.trunk.blocks.14.norm1.weight', 'detector.transformer.decoder.layers.0.norm1.bias', 'tracker.transformer.encoder.layers.3.norm2.weight', 'tracker.transformer.encoder.layers.3.norm1.bias', 'detector.geometry_encoder.norm.weight', 'detector.backbone.language_backbone.encoder.transformer.resblocks.17.ln_2.weight', 'detector.backbone.vision_backbone.trunk.blocks.23.norm1.weight', 'detector.transformer.encoder.layers.4.norm3.bias', 'detector.backbone.language_backbone.encoder.transformer.resblocks.1.ln_2.weight', 'detector.transformer.encoder.layers.0.norm1.bias', 'detector.backbone.vision_backbone.trunk.blocks.26.norm1.bias', 'detector.backbone.vision_backbone.trunk.blocks.11.norm1.weight', 'detector.transformer.decoder.layers.2.norm3.weight', 'detector.backbone.vision_backbone.trunk.blocks.14.norm2.bias', 'detector.backbone.language_backbone.encoder.transformer.resblocks.20.ln_2.bias', 'detector.backbone.language_backbone.encoder.transformer.resblocks.14.ln_2.bias', 'tracker.transformer.encoder.layers.0.norm1.weight', 'detector.backbone.vision_backbone.trunk.blocks.1.norm2.weight', 'detector.backbone.language_backbone.encoder.transformer.resblocks.1.ln_2.bias', 'detector.backbone.vision_backbone.trunk.blocks.27.norm1.weight', 'detector.geometry_encoder.encode.0.norm3.bias', 'tracker.transformer.encoder.layers.0.norm3.bias', 'detector.transformer.encoder.layers.3.norm1.bias', 'detector.backbone.vision_backbone.trunk.blocks.13.norm2.weight', 'detector.backbone.vision_backbone.trunk.blocks.31.norm1.bias', 'detector.transformer.decoder.layers.5.norm3.bias', 'tracker.sam_mask_decoder.transformer.layers.1.norm4.bias', 'detector.transformer.decoder.layers.5.norm1.bias', 'detector.backbone.language_backbone.encoder.transformer.resblocks.2.ln_2.bias', 'detector.backbone.language_backbone.encoder.transformer.resblocks.15.ln_1.bias', 'detector.transformer.encoder.layers.4.norm3.weight', 'detector.transformer.decoder.layers.0.catext_norm.weight', 'detector.geometry_encoder.encode.2.norm1.bias', 'tracker.transformer.encoder.layers.0.norm3.weight', 'detector.backbone.vision_backbone.trunk.blocks.29.norm2.bias', 'detector.transformer.encoder.layers.5.norm1.bias', 'detector.transformer.encoder.layers.2.norm1.weight', 'tracker.transformer.encoder.layers.1.norm3.weight', 'detector.backbone.language_backbone.encoder.transformer.resblocks.18.ln_2.weight', 'detector.transformer.decoder.layers.2.norm3.bias', 'detector.transformer.encoder.layers.3.norm3.weight', 'detector.backbone.vision_backbone.trunk.blocks.9.norm1.bias', 'detector.transformer.encoder.layers.5.norm2.weight', 'detector.transformer.decoder.layers.4.norm3.bias', 'detector.transformer.decoder.layers.2.catext_norm.bias', 'detector.backbone.language_backbone.encoder.transformer.resblocks.2.ln_1.weight', 'detector.backbone.vision_backbone.trunk.blocks.25.norm1.bias', 'detector.transformer.decoder.layers.0.norm2.bias', 'detector.backbone.language_backbone.encoder.transformer.resblocks.18.ln_2.bias', 'detector.backbone.language_backbone.encoder.transformer.resblocks.7.ln_1.bias', 'tracker.sam_mask_decoder.transformer.norm_final_attn.weight', 'tracker.sam_mask_decoder.transformer.layers.0.norm3.bias', 'detector.transformer.decoder.layers.5.norm1.weight', 'detector.backbone.vision_backbone.trunk.blocks.7.norm2.weight', 'detector.transformer.encoder.layers.0.norm3.weight', 'detector.backbone.vision_backbone.trunk.blocks.3.norm1.bias', 'detector.backbone.language_backbone.encoder.transformer.resblocks.22.ln_2.weight', 'detector.transformer.decoder.layers.1.catext_norm.bias', 'detector.backbone.vision_backbone.trunk.blocks.24.norm2.bias', 'detector.transformer.decoder.layers.0.norm2.weight', 'detector.backbone.vision_backbone.trunk.blocks.8.norm1.bias', 'detector.backbone.vision_backbone.trunk.blocks.7.norm1.weight', 'detector.backbone.language_backbone.encoder.transformer.resblocks.10.ln_1.weight', 'detector.backbone.vision_backbone.trunk.blocks.23.norm2.bias', 'detector.geometry_encoder.encode.1.norm1.weight', 'detector.transformer.decoder.layers.1.norm2.bias', 'detector.transformer.decoder.layers.3.catext_norm.weight', 'detector.transformer.encoder.layers.0.norm2.weight', 'detector.geometry_encoder.encode.2.norm2.weight', 'detector.transformer.encoder.layers.4.norm2.weight', 'tracker.transformer.encoder.layers.0.norm1.bias', 'detector.backbone.language_backbone.encoder.transformer.resblocks.12.ln_2.bias', 'detector.backbone.language_backbone.encoder.transformer.resblocks.4.ln_1.weight', 'detector.geometry_encoder.encode.1.norm2.weight', 'detector.backbone.vision_backbone.trunk.blocks.25.norm2.bias', 'tracker.transformer.encoder.layers.2.norm1.bias', 'detector.backbone.vision_backbone.trunk.blocks.9.norm1.weight', 'detector.backbone.vision_backbone.trunk.blocks.23.norm1.bias', 'tracker.transformer.encoder.layers.0.norm2.weight', 'detector.backbone.vision_backbone.trunk.blocks.26.norm2.weight', 'detector.backbone.language_backbone.encoder.transformer.resblocks.19.ln_1.weight', 'detector.transformer.decoder.layers.0.norm3.weight', 'detector.backbone.language_backbone.encoder.transformer.resblocks.7.ln_1.weight', 'detector.backbone.language_backbone.encoder.transformer.resblocks.13.ln_1.weight', 'detector.transformer.decoder.norm.bias', 'detector.geometry_encoder.encode.0.norm2.weight', 'detector.backbone.vision_backbone.trunk.blocks.16.norm2.weight', 'detector.backbone.language_backbone.encoder.transformer.resblocks.20.ln_2.weight', 'detector.backbone.vision_backbone.trunk.blocks.6.norm2.bias', 'detector.backbone.language_backbone.encoder.transformer.resblocks.4.ln_2.weight', 'tracker.sam_mask_decoder.transformer.layers.0.norm3.weight', 'detector.segmentation_head.cross_attn_norm.weight', 'tracker.sam_mask_decoder.transformer.norm_final_attn.bias', 'detector.backbone.vision_backbone.trunk.blocks.9.norm2.weight', 'detector.backbone.vision_backbone.trunk.blocks.17.norm1.weight', 'detector.transformer.decoder.layers.1.catext_norm.weight', 'detector.backbone.language_backbone.encoder.transformer.resblocks.19.ln_2.bias', 'detector.transformer.decoder.layers.3.norm3.bias', 'detector.backbone.vision_backbone.trunk.blocks.6.norm1.bias', 'detector.backbone.vision_backbone.trunk.blocks.30.norm2.bias', 'detector.backbone.vision_backbone.trunk.blocks.12.norm1.weight', 'detector.backbone.vision_backbone.trunk.blocks.8.norm2.weight', 'detector.backbone.language_backbone.encoder.transformer.resblocks.21.ln_1.weight', 'detector.backbone.vision_backbone.trunk.blocks.31.norm2.weight', 'tracker.transformer.encoder.layers.3.norm3.weight', 'tracker.transformer.encoder.layers.3.norm1.weight', 'detector.backbone.vision_backbone.trunk.blocks.16.norm2.bias', 'detector.backbone.language_backbone.encoder.transformer.resblocks.18.ln_1.bias', 'detector.backbone.vision_backbone.trunk.blocks.30.norm1.weight', 'tracker.sam_mask_decoder.transformer.layers.1.norm1.bias', 'detector.transformer.decoder.layers.5.norm2.weight', 'detector.backbone.vision_backbone.trunk.blocks.1.norm1.bias', 'tracker.transformer.encoder.layers.3.norm3.bias', 'detector.backbone.vision_backbone.trunk.blocks.27.norm2.weight', 'tracker.sam_mask_decoder.transformer.layers.0.norm2.bias', 'detector.backbone.vision_backbone.trunk.blocks.24.norm1.weight', 'detector.transformer.decoder.layers.1.norm3.weight', 'detector.backbone.language_backbone.encoder.transformer.resblocks.5.ln_1.weight', 'detector.backbone.vision_backbone.trunk.blocks.9.norm2.bias', 'detector.backbone.language_backbone.encoder.transformer.resblocks.6.ln_1.weight', 'detector.backbone.vision_backbone.trunk.blocks.15.norm2.bias', 'detector.backbone.language_backbone.encoder.transformer.resblocks.22.ln_1.bias', 'detector.transformer.decoder.layers.4.norm2.weight', 'detector.backbone.language_backbone.encoder.transformer.resblocks.14.ln_2.weight', 'detector.backbone.language_backbone.encoder.ln_final.bias', 'detector.backbone.language_backbone.encoder.transformer.resblocks.6.ln_2.weight', 'detector.backbone.language_backbone.encoder.transformer.resblocks.0.ln_2.bias', 'detector.geometry_encoder.img_pre_norm.bias', 'tracker.transformer.encoder.layers.3.norm2.bias', 'detector.backbone.vision_backbone.trunk.blocks.23.norm2.weight', 'detector.backbone.language_backbone.encoder.transformer.resblocks.9.ln_1.bias', 'detector.geometry_encoder.encode.1.norm2.bias', 'detector.backbone.language_backbone.encoder.transformer.resblocks.7.ln_2.weight', 'detector.transformer.encoder.layers.1.norm2.weight', 'detector.backbone.language_backbone.encoder.transformer.resblocks.23.ln_2.weight', 'detector.transformer.encoder.layers.1.norm3.weight', 'detector.geometry_encoder.encode.0.norm2.bias', 'detector.backbone.language_backbone.encoder.transformer.resblocks.11.ln_1.bias', 'detector.dot_prod_scoring.prompt_mlp.out_norm.weight', 'detector.backbone.language_backbone.encoder.transformer.resblocks.3.ln_2.bias', 'detector.dot_prod_scoring.prompt_mlp.out_norm.bias', 'detector.backbone.language_backbone.encoder.transformer.resblocks.10.ln_2.bias', 'detector.transformer.encoder.layers.3.norm2.weight', 'detector.backbone.language_backbone.encoder.transformer.resblocks.6.ln_2.bias', 'detector.transformer.decoder.layers.1.norm2.weight', 'detector.backbone.language_backbone.encoder.transformer.resblocks.16.ln_2.weight', 'detector.transformer.decoder.layers.3.catext_norm.bias', 'detector.backbone.vision_backbone.trunk.blocks.0.norm2.weight', 'detector.backbone.vision_backbone.trunk.blocks.19.norm2.weight', 'detector.backbone.language_backbone.encoder.transformer.resblocks.11.ln_1.weight', 'detector.backbone.vision_backbone.trunk.blocks.10.norm1.bias', 'detector.backbone.language_backbone.encoder.transformer.resblocks.15.ln_2.weight', 'detector.transformer.decoder.layers.4.norm3.weight', 'detector.backbone.vision_backbone.trunk.blocks.6.norm1.weight', 'detector.transformer.decoder.layers.3.norm2.weight', 'detector.backbone.vision_backbone.trunk.blocks.6.norm2.weight', 'detector.geometry_encoder.encode.1.norm1.bias', 'tracker.transformer.encoder.norm.bias', 'detector.backbone.vision_backbone.trunk.blocks.27.norm2.bias', 'detector.backbone.vision_backbone.trunk.blocks.17.norm2.weight', 'detector.backbone.language_backbone.encoder.transformer.resblocks.19.ln_1.bias', 'detector.geometry_encoder.encode.0.norm1.weight', 'detector.transformer.encoder.layers.2.norm2.weight'} 
Raw dataset length = 30
Raw dataset length = 49
Raw dataset length = 30
Raw dataset length = 135
Raw dataset length = 69
Raw dataset length = 3
Raw dataset length = 270
Raw dataset length = 1000
Raw dataset length = 48
Raw dataset length = 27
Raw dataset length = 280
Raw dataset length = 51
Raw dataset length = 40
Raw dataset length = 198
Raw dataset length = 90
Raw dataset length = 114
Raw dataset length = 4727
Raw dataset length = 38
Raw dataset length = 441
Raw dataset length = 655
Raw dataset length = 6627
Raw dataset length = 419
Raw dataset length = 981
Raw dataset length = 20
Raw dataset length = 50
Raw dataset length = 5
Raw dataset length = 591
Raw dataset length = 216
Raw dataset length = 54
Raw dataset length = 125
Raw dataset length = 557
Raw dataset length = 1057
Raw dataset length = 1097
Raw dataset length = 1059
Raw dataset length = 405
Raw dataset length = 54
Raw dataset length = 1215
Raw dataset length = 1215
Raw dataset length = 1215
Raw dataset length = 1215
Raw dataset length = 18
Raw dataset length = 18
Raw dataset length = 7
Raw dataset length = 16
Raw dataset length = 261
Raw dataset length = 120
Raw dataset length = 42
Raw dataset length = 270
Raw dataset length = 114
Raw dataset length = 206
Raw dataset length = 206
Raw dataset length = 18
Raw dataset length = 3746
Raw dataset length = 257
Raw dataset length = 386
Raw dataset length = 51
Raw dataset length = 23
Raw dataset length = 14
Raw dataset length = 403
Raw dataset length = 403
Raw dataset length = 403
Raw dataset length = 172
Raw dataset length = 205
Raw dataset length = 125
Raw dataset length = 236
Raw dataset length = 153
Raw dataset length = 153
Raw dataset length = 18
Raw dataset length = 120
Raw dataset length = 6
Raw dataset length = 30
Raw dataset length = 18
Raw dataset length = 11
Raw dataset length = 21
Raw dataset length = 3
Raw dataset length = 49
Raw dataset length = 5
Raw dataset length = 5
Raw dataset length = 623
Raw dataset length = 900
Raw dataset length = 32
Raw dataset length = 158
Raw dataset length = 32
INFO 2026-05-27 15:55:58,296 trainer.py: 482: Resuming training from /anvil/projects/x-cis250950/sam3/experiments/medsam3_stage1_train_all_unified/checkpoints/checkpoint.pt
INFO 2026-05-27 15:56:08,167 trainer.py: 624: Resuming training from epoch: 5
INFO 2026-05-27 15:56:08,168 trainer.py: 627: Running previous val epoch
Training Mode Enabled: Tunable parameters: 860.06M / 860.06M
Raw dataset length = 30
Raw dataset length = 49
Raw dataset length = 30
Raw dataset length = 135
Raw dataset length = 69
Raw dataset length = 3
Raw dataset length = 270
Raw dataset length = 1000
Raw dataset length = 48
Raw dataset length = 27
Raw dataset length = 280
Raw dataset length = 51
Raw dataset length = 40
Raw dataset length = 198
Raw dataset length = 90
Raw dataset length = 114
Raw dataset length = 4727
Raw dataset length = 38
Raw dataset length = 441
Raw dataset length = 655
Raw dataset length = 6627
Raw dataset length = 419
Raw dataset length = 981
Raw dataset length = 20
Raw dataset length = 50
Raw dataset length = 5
Raw dataset length = 591
Raw dataset length = 216
Raw dataset length = 54
Raw dataset length = 125
Raw dataset length = 557
Raw dataset length = 1057
Raw dataset length = 1097
Raw dataset length = 1059
Raw dataset length = 405
Raw dataset length = 54
Raw dataset length = 1215
Raw dataset length = 1215
Raw dataset length = 1215
Raw dataset length = 1215
Raw dataset length = 18
Raw dataset length = 18
Raw dataset length = 7
Raw dataset length = 16
Raw dataset length = 261
Raw dataset length = 120
Raw dataset length = 42
Raw dataset length = 270
Raw dataset length = 114
Raw dataset length = 206
Raw dataset length = 206
Raw dataset length = 18
Raw dataset length = 3746
Raw dataset length = 257
Raw dataset length = 386
Raw dataset length = 51
Raw dataset length = 23
Raw dataset length = 14
Raw dataset length = 403
Raw dataset length = 403
Raw dataset length = 403
Raw dataset length = 172
Raw dataset length = 205
Raw dataset length = 125
Raw dataset length = 236
Raw dataset length = 153
Raw dataset length = 153
Raw dataset length = 18
Raw dataset length = 120
Raw dataset length = 6
Raw dataset length = 30
Raw dataset length = 18
Raw dataset length = 11
Raw dataset length = 21
Raw dataset length = 3
Raw dataset length = 49
Raw dataset length = 5
Raw dataset length = 5
Raw dataset length = 623
Raw dataset length = 900
Raw dataset length = 32
Raw dataset length = 158
Raw dataset length = 32
Training Mode Enabled: Tunable parameters: 860.06M / 860.06M
Raw dataset length = 30
Raw dataset length = 49
Raw dataset length = 30
Raw dataset length = 135
Raw dataset length = 69
Raw dataset length = 3
Raw dataset length = 270
Raw dataset length = 1000
Raw dataset length = 48
Raw dataset length = 27
Raw dataset length = 280
Raw dataset length = 51
Raw dataset length = 40
Raw dataset length = 198
Raw dataset length = 90
Raw dataset length = 114
Raw dataset length = 4727
Raw dataset length = 38
Raw dataset length = 441
Raw dataset length = 655
Raw dataset length = 6627
Raw dataset length = 419
Raw dataset length = 981
Raw dataset length = 20
Raw dataset length = 50
Raw dataset length = 5
Raw dataset length = 591
Raw dataset length = 216
Raw dataset length = 54
Raw dataset length = 125
Raw dataset length = 557
Raw dataset length = 1057
Raw dataset length = 1097
Raw dataset length = 1059
Raw dataset length = 405
Raw dataset length = 54
Raw dataset length = 1215
Raw dataset length = 1215
Raw dataset length = 1215
Raw dataset length = 1215
Raw dataset length = 18
Raw dataset length = 18
Raw dataset length = 7
Raw dataset length = 16
Raw dataset length = 261
Raw dataset length = 120
Raw dataset length = 42
Raw dataset length = 270
Raw dataset length = 114
Raw dataset length = 206
Raw dataset length = 206
Raw dataset length = 18
Raw dataset length = 3746
Raw dataset length = 257
Raw dataset length = 386
Raw dataset length = 51
Raw dataset length = 23
Raw dataset length = 14
Raw dataset length = 403
Raw dataset length = 403
Raw dataset length = 403
Raw dataset length = 172
Raw dataset length = 205
Raw dataset length = 125
Raw dataset length = 236
Raw dataset length = 153
Raw dataset length = 153
Raw dataset length = 18
Raw dataset length = 120
Raw dataset length = 6
Raw dataset length = 30
Raw dataset length = 18
Raw dataset length = 11
Raw dataset length = 21
Raw dataset length = 3
Raw dataset length = 49
Raw dataset length = 5
Raw dataset length = 5
Raw dataset length = 623
Raw dataset length = 900
Raw dataset length = 32
Raw dataset length = 158
Raw dataset length = 32
Training Mode Enabled: Tunable parameters: 860.06M / 860.06M
Raw dataset length = 30
Raw dataset length = 49
Raw dataset length = 30
Raw dataset length = 135
Raw dataset length = 69
Raw dataset length = 3
Raw dataset length = 270
Raw dataset length = 1000
Raw dataset length = 48
Raw dataset length = 27
Raw dataset length = 280
Raw dataset length = 51
Raw dataset length = 40
Raw dataset length = 198
Raw dataset length = 90
Raw dataset length = 114
Raw dataset length = 4727
Raw dataset length = 38
Raw dataset length = 441
Raw dataset length = 655
Raw dataset length = 6627
Raw dataset length = 419
Raw dataset length = 981
Raw dataset length = 20
Raw dataset length = 50
Raw dataset length = 5
Raw dataset length = 591
Raw dataset length = 216
Raw dataset length = 54
Raw dataset length = 125
Raw dataset length = 557
Raw dataset length = 1057
Raw dataset length = 1097
Raw dataset length = 1059
Raw dataset length = 405
Raw dataset length = 54
Raw dataset length = 1215
Raw dataset length = 1215
Raw dataset length = 1215
Raw dataset length = 1215
Raw dataset length = 18
Raw dataset length = 18
Raw dataset length = 7
Raw dataset length = 16
Raw dataset length = 261
Raw dataset length = 120
Raw dataset length = 42
Raw dataset length = 270
Raw dataset length = 114
Raw dataset length = 206
Raw dataset length = 206
Raw dataset length = 18
Raw dataset length = 3746
Raw dataset length = 257
Raw dataset length = 386
Raw dataset length = 51
Raw dataset length = 23
Raw dataset length = 14
Raw dataset length = 403
Raw dataset length = 403
Raw dataset length = 403
Raw dataset length = 172
Raw dataset length = 205
Raw dataset length = 125
Raw dataset length = 236
Raw dataset length = 153
Raw dataset length = 153
Raw dataset length = 18
Raw dataset length = 120
Raw dataset length = 6
Raw dataset length = 30
Raw dataset length = 18
Raw dataset length = 11
Raw dataset length = 21
Raw dataset length = 3
Raw dataset length = 49
Raw dataset length = 5
Raw dataset length = 5
Raw dataset length = 623
Raw dataset length = 900
Raw dataset length = 32
Raw dataset length = 158
Raw dataset length = 32
