###################### Train App Config ####################
paths:
  medical_data_root: /anvil/projects/x-cis250950/dataset/datasetavail
  experiment_log_dir: /anvil/projects/x-cis250950/sam3/experiments/medsam3_stage1_train_all_unified
  bpe_path: /anvil/projects/x-cis250950/sam3/assets/bpe_simple_vocab_16e6.txt.gz
medical_train:
  train_transforms:
  - _target_: sam3.train.transforms.basic_for_api.ComposeAPI
    transforms:
    - _target_: sam3.train.transforms.filter_query_transforms.FlexibleFilterFindGetQueries
      query_filter:
        _target_: sam3.train.transforms.filter_query_transforms.FilterCrowds
    - _target_: sam3.train.transforms.point_sampling.RandomizeInputBbox
      box_noise_std: 0.1
      box_noise_max: 20
    - _target_: sam3.train.transforms.filter_query_transforms.TextQueryToVisual
      probability: 0.5
      keep_text_queries: true
    - _target_: sam3.train.transforms.segmentation.DecodeRle
    - _target_: sam3.train.transforms.basic_for_api.RandomResizeAPI
      sizes:
        _target_: sam3.train.transforms.basic.get_random_resize_scales
        size: ${scratch.resolution}
        min_size: 480
        rounded: false
      max_size:
        _target_: sam3.train.transforms.basic.get_random_resize_max_size
        size: ${scratch.resolution}
      square: true
      consistent_transform: ${scratch.consistent_transform}
    - _target_: sam3.train.transforms.basic_for_api.PadToSizeAPI
      size: ${scratch.resolution}
      consistent_transform: ${scratch.consistent_transform}
    - _target_: sam3.train.transforms.basic_for_api.ToTensorAPI
    - _target_: sam3.train.transforms.filter_query_transforms.FlexibleFilterFindGetQueries
      query_filter:
        _target_: sam3.train.transforms.filter_query_transforms.FilterEmptyTargets
    - _target_: sam3.train.transforms.basic_for_api.NormalizeAPI
      mean: ${scratch.train_norm_mean}
      std: ${scratch.train_norm_std}
    - _target_: sam3.train.transforms.filter_query_transforms.FlexibleFilterFindGetQueries
      query_filter:
        _target_: sam3.train.transforms.filter_query_transforms.FilterEmptyTargets
  val_transforms:
  - _target_: sam3.train.transforms.basic_for_api.ComposeAPI
    transforms:
    - _target_: sam3.train.transforms.segmentation.DecodeRle
    - _target_: sam3.train.transforms.filter_query_transforms.RemoveInputBoxes
    - _target_: sam3.train.transforms.basic_for_api.RandomResizeAPI
      sizes: ${scratch.resolution}
      max_size:
        _target_: sam3.train.transforms.basic.get_random_resize_max_size
        size: ${scratch.resolution}
      square: true
      consistent_transform: true
    - _target_: sam3.train.transforms.basic_for_api.PadToSizeAPI
      size: ${scratch.resolution}
      consistent_transform: true
    - _target_: sam3.train.transforms.basic_for_api.ToTensorAPI
    - _target_: sam3.train.transforms.filter_query_transforms.FlexibleFilterFindGetQueries
      query_filter:
        _target_: sam3.train.transforms.filter_query_transforms.FilterEmptyTargets
    - _target_: sam3.train.transforms.basic_for_api.NormalizeAPI
      mean: ${scratch.val_norm_mean}
      std: ${scratch.val_norm_std}
  loss:
    _target_: sam3.train.loss.sam3_loss.Sam3LossWrapper
    normalization: local
    matcher: ${scratch.matcher}
    o2m_weight: 2.0
    o2m_matcher:
      _target_: sam3.train.matcher.BinaryOneToManyMatcher
      alpha: 0.3
      threshold: 0.4
      topk: 4
    use_o2m_matcher_on_o2m_aux: false
    loss_fns_find:
    - _target_: sam3.train.loss.loss_fns.Boxes
      weight_dict:
        loss_bbox: 5.0
        loss_giou: 2.0
    - _target_: sam3.train.loss.loss_fns.IABCEMdetr
      weak_loss: false
      weight_dict:
        loss_ce: 20.0
        presence_loss: 20.0
      pos_weight: 10.0
      alpha: 0.25
      gamma: 2
      use_presence: true
      pos_focal: false
      pad_n_queries: 200
    loss_fn_semantic_seg:
      _target_: sam3.train.loss.loss_fns.SemanticSegCriterion
      presence_head: true
      presence_loss: true
      focal: true
      focal_alpha: 0.6
      focal_gamma: 2.0
      downsample: false
      weight_dict:
        loss_semantic_seg: 20.0
        loss_semantic_presence: 1.0
        loss_semantic_dice: 30.0
    scale_by_find_batch_size: true
    normalize_by_stage_num: true
scratch:
  enable_segmentation: true
  d_model: 256
  pos_embed:
    _target_: sam3.model.position_encoding.PositionEmbeddingSine
    num_pos_feats: ${scratch.d_model}
    normalize: true
    scale: null
    temperature: 10000
  matcher:
    _target_: sam3.train.matcher.BinaryHungarianMatcherV2
    focal: true
    cost_class: 2.0
    cost_bbox: 5.0
    cost_giou: 2.0
    alpha: 0.25
    gamma: 2
    stable: false
  scale_by_find_batch_size: true
  resolution: 1008
  consistent_transform: false
  max_ann_per_img: 200
  train_norm_mean:
  - 0.5
  - 0.5
  - 0.5
  train_norm_std:
  - 0.5
  - 0.5
  - 0.5
  val_norm_mean:
  - 0.5
  - 0.5
  - 0.5
  val_norm_std:
  - 0.5
  - 0.5
  - 0.5
  lr_decoder: 0.0003
  lr_class_embed: 0.0003
  lr_prompt_encoder: 0.0001
  lr_language_backbone: 5.0e-05
  lr_vision_backbone: 5.0e-05
  lrd_vision_backbone: 0.85
  wd: 0.05
  max_data_epochs: 10
  target_epoch_size: 100
  num_train_workers: 1
  num_val_workers: 1
  gradient_accumulation_steps: 1
  train_batch_size: 1
  val_batch_size: 1
  use_act_checkpoint_vision_backbone: true
  use_act_checkpoint_text_backbone: true
  use_act_checkpoint_encoder: true
  use_act_checkpoint_decoder: true
  collate_fn:
    _target_: sam3.train.data.collator.collate_fn_api
    _partial_: true
    repeats: 1
    dict_key: medical
    with_seg_masks: ${scratch.enable_segmentation}
  collate_fn_val:
    _target_: sam3.train.data.collator.collate_fn_api
    _partial_: true
    repeats: 1
    dict_key: medical_val
    with_seg_masks: ${scratch.enable_segmentation}
  use_presence_eval: true
  original_box_postprocessor:
    _target_: sam3.eval.postprocessors.PostProcessImage
    max_dets_per_img: -1
    use_original_ids: true
    use_original_sizes_box: true
    use_presence: ${scratch.use_presence_eval}
    iou_type: bbox
  seg_postprocessor:
    _target_: sam3.eval.postprocessors.PostProcessImage
    iou_type: segm
    convert_mask_to_rle: true
    max_dets_per_img: -1
    use_original_ids: true
    use_original_sizes_box: true
    use_original_sizes_mask: true
    use_presence: ${scratch.use_presence_eval}
trainer:
  _target_: sam3.train.trainer.Trainer
  skip_saving_ckpts: false
  empty_gpu_mem_cache_after_eval: true
  skip_first_val: false
  max_epochs: ${scratch.max_data_epochs}
  accelerator: cuda
  seed_value: 42
  val_epoch_freq: 1
  mode: train
  gradient_accumulation_steps: ${scratch.gradient_accumulation_steps}
  distributed:
    backend: nccl
    find_unused_parameters: true
    gradient_as_bucket_view: true
    static_graph: true
  loss:
    medical: ${medical_train.loss}
    medical_val:
      _target_: sam3.train.loss.sam3_loss.DummyLoss
  data:
    train:
      _target_: sam3.train.data.torch_dataset.TorchDataset
      dataset:
        _target_: torch.utils.data.ConcatDataset
        datasets:
        - _target_: sam3.train.data.sam3_video_dataset.VideoGroundingDataset
          transforms: ${medical_train.train_transforms}
          load_segmentation: ${scratch.enable_segmentation}
          max_ann_per_img: 500000
          multiplier: 1
          training: true
          use_all_frames_in_train: false
          allow_ptr_remap: true
          num_stages_sample: 8
          stage_stride_min: 1
          stage_stride_max: 1
          random_reverse_time_axis: false
          use_caching: false
          img_folder: /anvil/projects/x-cis250950/converted_cvpr_biomedsegfm
          ann_file: /anvil/projects/x-cis250950/converted_cvpr_biomedsegfm/annotations/unified_sam3_annotations/cvpr_train_all/train_all_CT_CT_AMOS_sam3_video.json
          coco_json_loader:
            _target_: sam3.train.data.coco_json_loaders.SAM3_VIDEO_API_FROM_JSON
            _partial_: true
        - _target_: sam3.train.data.sam3_video_dataset.VideoGroundingDataset
          transforms: ${medical_train.train_transforms}
          load_segmentation: ${scratch.enable_segmentation}
          max_ann_per_img: 500000
          multiplier: 1
          training: true
          use_all_frames_in_train: false
          allow_ptr_remap: true
          num_stages_sample: 8
          stage_stride_min: 1
          stage_stride_max: 1
          random_reverse_time_axis: false
          use_caching: false
          img_folder: /anvil/projects/x-cis250950/converted_cvpr_biomedsegfm
          ann_file: /anvil/projects/x-cis250950/converted_cvpr_biomedsegfm/annotations/unified_sam3_annotations/cvpr_train_all/train_all_CT_CT_Abdomen1K_sam3_video.json
          coco_json_loader:
            _target_: sam3.train.data.coco_json_loaders.SAM3_VIDEO_API_FROM_JSON
            _partial_: true
        - _target_: sam3.train.data.sam3_video_dataset.VideoGroundingDataset
          transforms: ${medical_train.train_transforms}
          load_segmentation: ${scratch.enable_segmentation}
          max_ann_per_img: 500000
          multiplier: 1
          training: true
          use_all_frames_in_train: false
          allow_ptr_remap: true
          num_stages_sample: 8
          stage_stride_min: 1
          stage_stride_max: 1
          random_reverse_time_axis: false
          use_caching: false
          img_folder: /anvil/projects/x-cis250950/converted_cvpr_biomedsegfm
          ann_file: /anvil/projects/x-cis250950/converted_cvpr_biomedsegfm/annotations/unified_sam3_annotations/cvpr_train_all/train_all_CT_CT_AdrenalTumor_sam3_video.json
          coco_json_loader:
            _target_: sam3.train.data.coco_json_loaders.SAM3_VIDEO_API_FROM_JSON
            _partial_: true
        - _target_: sam3.train.data.sam3_video_dataset.VideoGroundingDataset
          transforms: ${medical_train.train_transforms}
          load_segmentation: ${scratch.enable_segmentation}
          max_ann_per_img: 500000
          multiplier: 1
          training: true
          use_all_frames_in_train: false
          allow_ptr_remap: true
          num_stages_sample: 8
          stage_stride_min: 1
          stage_stride_max: 1
          random_reverse_time_axis: false
          use_caching: false
          img_folder: /anvil/projects/x-cis250950/converted_cvpr_biomedsegfm
          ann_file: /anvil/projects/x-cis250950/converted_cvpr_biomedsegfm/annotations/unified_sam3_annotations/cvpr_train_all/train_all_CT_CT_Aeropath_sam3_video.json
          coco_json_loader:
            _target_: sam3.train.data.coco_json_loaders.SAM3_VIDEO_API_FROM_JSON
            _partial_: true
        - _target_: sam3.train.data.sam3_video_dataset.VideoGroundingDataset
          transforms: ${medical_train.train_transforms}
          load_segmentation: ${scratch.enable_segmentation}
          max_ann_per_img: 500000
          multiplier: 1
          training: true
          use_all_frames_in_train: false
          allow_ptr_remap: true
          num_stages_sample: 8
          stage_stride_min: 1
          stage_stride_max: 1
          random_reverse_time_axis: false
          use_caching: false
          img_folder: /anvil/projects/x-cis250950/converted_cvpr_biomedsegfm
          ann_file: /anvil/projects/x-cis250950/converted_cvpr_biomedsegfm/annotations/unified_sam3_annotations/cvpr_train_all/train_all_CT_CT_AirwayTree_sam3_video.json
          coco_json_loader:
            _target_: sam3.train.data.coco_json_loaders.SAM3_VIDEO_API_FROM_JSON
            _partial_: true
        - _target_: sam3.train.data.sam3_video_dataset.VideoGroundingDataset
          transforms: ${medical_train.train_transforms}
          load_segmentation: ${scratch.enable_segmentation}
          max_ann_per_img: 500000
          multiplier: 1
          training: true
          use_all_frames_in_train: false
          allow_ptr_remap: true
          num_stages_sample: 8
          stage_stride_min: 1
          stage_stride_max: 1
          random_reverse_time_axis: false
          use_caching: false
          img_folder: /anvil/projects/x-cis250950/converted_cvpr_biomedsegfm
          ann_file: /anvil/projects/x-cis250950/converted_cvpr_biomedsegfm/annotations/unified_sam3_annotations/cvpr_train_all/train_all_CT_CT_Aorta_sam3_video.json
          coco_json_loader:
            _target_: sam3.train.data.coco_json_loaders.SAM3_VIDEO_API_FROM_JSON
            _partial_: true
        - _target_: sam3.train.data.sam3_video_dataset.VideoGroundingDataset
          transforms: ${medical_train.train_transforms}
          load_segmentation: ${scratch.enable_segmentation}
          max_ann_per_img: 500000
          multiplier: 1
          training: true
          use_all_frames_in_train: false
          allow_ptr_remap: true
          num_stages_sample: 8
          stage_stride_min: 1
          stage_stride_max: 1
          random_reverse_time_axis: false
          use_caching: false
          img_folder: /anvil/projects/x-cis250950/converted_cvpr_biomedsegfm
          ann_file: /anvil/projects/x-cis250950/converted_cvpr_biomedsegfm/annotations/unified_sam3_annotations/cvpr_train_all/train_all_CT_CT_Aortic-Dissection_sam3_video.json
          coco_json_loader:
            _target_: sam3.train.data.coco_json_loaders.SAM3_VIDEO_API_FROM_JSON
            _partial_: true
        - _target_: sam3.train.data.sam3_video_dataset.VideoGroundingDataset
          transforms: ${medical_train.train_transforms}
          load_segmentation: ${scratch.enable_segmentation}
          max_ann_per_img: 500000
          multiplier: 1
          training: true
          use_all_frames_in_train: false
          allow_ptr_remap: true
          num_stages_sample: 8
          stage_stride_min: 1
          stage_stride_max: 1
          random_reverse_time_axis: false
          use_caching: false
          img_folder: /anvil/projects/x-cis250950/converted_cvpr_biomedsegfm
          ann_file: /anvil/projects/x-cis250950/converted_cvpr_biomedsegfm/annotations/unified_sam3_annotations/cvpr_train_all/train_all_CT_CT_COVID19-Infection_sam3_video.json
          coco_json_loader:
            _target_: sam3.train.data.coco_json_loaders.SAM3_VIDEO_API_FROM_JSON
            _partial_: true
        - _target_: sam3.train.data.sam3_video_dataset.VideoGroundingDataset
          transforms: ${medical_train.train_transforms}
          load_segmentation: ${scratch.enable_segmentation}
          max_ann_per_img: 500000
          multiplier: 1
          training: true
          use_all_frames_in_train: false
          allow_ptr_remap: true
          num_stages_sample: 8
          stage_stride_min: 1
          stage_stride_max: 1
          random_reverse_time_axis: false
          use_caching: false
          img_folder: /anvil/projects/x-cis250950/converted_cvpr_biomedsegfm
          ann_file: /anvil/projects/x-cis250950/converted_cvpr_biomedsegfm/annotations/unified_sam3_annotations/cvpr_train_all/train_all_CT_CT_CURVAS_sam3_video.json
          coco_json_loader:
            _target_: sam3.train.data.coco_json_loaders.SAM3_VIDEO_API_FROM_JSON
            _partial_: true
        - _target_: sam3.train.data.sam3_video_dataset.VideoGroundingDataset
          transforms: ${medical_train.train_transforms}
          load_segmentation: ${scratch.enable_segmentation}
          max_ann_per_img: 500000
          multiplier: 1
          training: true
          use_all_frames_in_train: false
          allow_ptr_remap: true
          num_stages_sample: 8
          stage_stride_min: 1
          stage_stride_max: 1
          random_reverse_time_axis: false
          use_caching: false
          img_folder: /anvil/projects/x-cis250950/converted_cvpr_biomedsegfm
          ann_file: /anvil/projects/x-cis250950/converted_cvpr_biomedsegfm/annotations/unified_sam3_annotations/cvpr_train_all/train_all_CT_CT_ColonTumor_sam3_video.json
          coco_json_loader:
            _target_: sam3.train.data.coco_json_loaders.SAM3_VIDEO_API_FROM_JSON
            _partial_: true
        - _target_: sam3.train.data.sam3_video_dataset.VideoGroundingDataset
          transforms: ${medical_train.train_transforms}
          load_segmentation: ${scratch.enable_segmentation}
          max_ann_per_img: 500000
          multiplier: 1
          training: true
          use_all_frames_in_train: false
          allow_ptr_remap: true
          num_stages_sample: 8
          stage_stride_min: 1
          stage_stride_max: 1
          random_reverse_time_axis: false
          use_caching: false
          img_folder: /anvil/projects/x-cis250950/converted_cvpr_biomedsegfm
          ann_file: /anvil/projects/x-cis250950/converted_cvpr_biomedsegfm/annotations/unified_sam3_annotations/cvpr_train_all/train_all_CT_CT_DeepLesion_sam3_video.json
          coco_json_loader:
            _target_: sam3.train.data.coco_json_loaders.SAM3_VIDEO_API_FROM_JSON
            _partial_: true
        - _target_: sam3.train.data.sam3_video_dataset.VideoGroundingDataset
          transforms: ${medical_train.train_transforms}
          load_segmentation: ${scratch.enable_segmentation}
          max_ann_per_img: 500000
          multiplier: 1
          training: true
          use_all_frames_in_train: false
          allow_ptr_remap: true
          num_stages_sample: 8
          stage_stride_min: 1
          stage_stride_max: 1
          random_reverse_time_axis: false
          use_caching: false
          img_folder: /anvil/projects/x-cis250950/converted_cvpr_biomedsegfm
          ann_file: /anvil/projects/x-cis250950/converted_cvpr_biomedsegfm/annotations/unified_sam3_annotations/cvpr_train_all/train_all_CT_CT_HaN-Seg_sam3_video.json
          coco_json_loader:
            _target_: sam3.train.data.coco_json_loaders.SAM3_VIDEO_API_FROM_JSON
            _partial_: true
        - _target_: sam3.train.data.sam3_video_dataset.VideoGroundingDataset
          transforms: ${medical_train.train_transforms}
          load_segmentation: ${scratch.enable_segmentation}
          max_ann_per_img: 500000
          multiplier: 1
          training: true
          use_all_frames_in_train: false
          allow_ptr_remap: true
          num_stages_sample: 8
          stage_stride_min: 1
          stage_stride_max: 1
          random_reverse_time_axis: false
          use_caching: false
          img_folder: /anvil/projects/x-cis250950/converted_cvpr_biomedsegfm
          ann_file: /anvil/projects/x-cis250950/converted_cvpr_biomedsegfm/annotations/unified_sam3_annotations/cvpr_train_all/train_all_CT_CT_KidneyTumor_sam3_video.json
          coco_json_loader:
            _target_: sam3.train.data.coco_json_loaders.SAM3_VIDEO_API_FROM_JSON
            _partial_: true
        - _target_: sam3.train.data.sam3_video_dataset.VideoGroundingDataset
          transforms: ${medical_train.train_transforms}
          load_segmentation: ${scratch.enable_segmentation}
          max_ann_per_img: 500000
          multiplier: 1
          training: true
          use_all_frames_in_train: false
          allow_ptr_remap: true
          num_stages_sample: 8
          stage_stride_min: 1
          stage_stride_max: 1
          random_reverse_time_axis: false
          use_caching: false
          img_folder: /anvil/projects/x-cis250950/converted_cvpr_biomedsegfm
          ann_file: /anvil/projects/x-cis250950/converted_cvpr_biomedsegfm/annotations/unified_sam3_annotations/cvpr_train_all/train_all_CT_CT_LiverTumor_sam3_video.json
          coco_json_loader:
            _target_: sam3.train.data.coco_json_loaders.SAM3_VIDEO_API_FROM_JSON
            _partial_: true
        - _target_: sam3.train.data.sam3_video_dataset.VideoGroundingDataset
          transforms: ${medical_train.train_transforms}
          load_segmentation: ${scratch.enable_segmentation}
          max_ann_per_img: 500000
          multiplier: 1
          training: true
          use_all_frames_in_train: false
          allow_ptr_remap: true
          num_stages_sample: 8
          stage_stride_min: 1
          stage_stride_max: 1
          random_reverse_time_axis: false
          use_caching: false
          img_folder: /anvil/projects/x-cis250950/converted_cvpr_biomedsegfm
          ann_file: /anvil/projects/x-cis250950/converted_cvpr_biomedsegfm/annotations/unified_sam3_annotations/cvpr_train_all/train_all_CT_CT_LungLesion_sam3_video.json
          coco_json_loader:
            _target_: sam3.train.data.coco_json_loaders.SAM3_VIDEO_API_FROM_JSON
            _partial_: true
        - _target_: sam3.train.data.sam3_video_dataset.VideoGroundingDataset
          transforms: ${medical_train.train_transforms}
          load_segmentation: ${scratch.enable_segmentation}
          max_ann_per_img: 500000
          multiplier: 1
          training: true
          use_all_frames_in_train: false
          allow_ptr_remap: true
          num_stages_sample: 8
          stage_stride_min: 1
          stage_stride_max: 1
          random_reverse_time_axis: false
          use_caching: false
          img_folder: /anvil/projects/x-cis250950/converted_cvpr_biomedsegfm
          ann_file: /anvil/projects/x-cis250950/converted_cvpr_biomedsegfm/annotations/unified_sam3_annotations/cvpr_train_all/train_all_CT_CT_Lungs_sam3_video.json
          coco_json_loader:
            _target_: sam3.train.data.coco_json_loaders.SAM3_VIDEO_API_FROM_JSON
            _partial_: true
        - _target_: sam3.train.data.sam3_video_dataset.VideoGroundingDataset
          transforms: ${medical_train.train_transforms}
          load_segmentation: ${scratch.enable_segmentation}
          max_ann_per_img: 500000
          multiplier: 1
          training: true
          use_all_frames_in_train: false
          allow_ptr_remap: true
          num_stages_sample: 8
          stage_stride_min: 1
          stage_stride_max: 1
          random_reverse_time_axis: false
          use_caching: false
          img_folder: /anvil/projects/x-cis250950/converted_cvpr_biomedsegfm
          ann_file: /anvil/projects/x-cis250950/converted_cvpr_biomedsegfm/annotations/unified_sam3_annotations/cvpr_train_all/train_all_CT_CT_LymphNode_sam3_video.json
          coco_json_loader:
            _target_: sam3.train.data.coco_json_loaders.SAM3_VIDEO_API_FROM_JSON
            _partial_: true
        - _target_: sam3.train.data.sam3_video_dataset.VideoGroundingDataset
          transforms: ${medical_train.train_transforms}
          load_segmentation: ${scratch.enable_segmentation}
          max_ann_per_img: 500000
          multiplier: 1
          training: true
          use_all_frames_in_train: false
          allow_ptr_remap: true
          num_stages_sample: 8
          stage_stride_min: 1
          stage_stride_max: 1
          random_reverse_time_axis: false
          use_caching: false
          img_folder: /anvil/projects/x-cis250950/converted_cvpr_biomedsegfm
          ann_file: /anvil/projects/x-cis250950/converted_cvpr_biomedsegfm/annotations/unified_sam3_annotations/cvpr_train_all/train_all_CT_CT_MedSegIVC_sam3_video.json
          coco_json_loader:
            _target_: sam3.train.data.coco_json_loaders.SAM3_VIDEO_API_FROM_JSON
            _partial_: true
        - _target_: sam3.train.data.sam3_video_dataset.VideoGroundingDataset
          transforms: ${medical_train.train_transforms}
          load_segmentation: ${scratch.enable_segmentation}
          max_ann_per_img: 500000
          multiplier: 1
          training: true
          use_all_frames_in_train: false
          allow_ptr_remap: true
          num_stages_sample: 8
          stage_stride_min: 1
          stage_stride_max: 1
          random_reverse_time_axis: false
          use_caching: false
          img_folder: /anvil/projects/x-cis250950/converted_cvpr_biomedsegfm
          ann_file: /anvil/projects/x-cis250950/converted_cvpr_biomedsegfm/annotations/unified_sam3_annotations/cvpr_train_all/train_all_CT_CT_MedSegLiver_sam3_video.json
          coco_json_loader:
            _target_: sam3.train.data.coco_json_loaders.SAM3_VIDEO_API_FROM_JSON
            _partial_: true
        - _target_: sam3.train.data.sam3_video_dataset.VideoGroundingDataset
          transforms: ${medical_train.train_transforms}
          load_segmentation: ${scratch.enable_segmentation}
          max_ann_per_img: 500000
          multiplier: 1
          training: true
          use_all_frames_in_train: false
          allow_ptr_remap: true
          num_stages_sample: 8
          stage_stride_min: 1
          stage_stride_max: 1
          random_reverse_time_axis: false
          use_caching: false
          img_folder: /anvil/projects/x-cis250950/converted_cvpr_biomedsegfm
          ann_file: /anvil/projects/x-cis250950/converted_cvpr_biomedsegfm/annotations/unified_sam3_annotations/cvpr_train_all/train_all_CT_CT_MedSeg_sam3_video.json
          coco_json_loader:
            _target_: sam3.train.data.coco_json_loaders.SAM3_VIDEO_API_FROM_JSON
            _partial_: true
        - _target_: sam3.train.data.sam3_video_dataset.VideoGroundingDataset
          transforms: ${medical_train.train_transforms}
          load_segmentation: ${scratch.enable_segmentation}
          max_ann_per_img: 500000
          multiplier: 1
          training: true
          use_all_frames_in_train: false
          allow_ptr_remap: true
          num_stages_sample: 8
          stage_stride_min: 1
          stage_stride_max: 1
          random_reverse_time_axis: false
          use_caching: false
          img_folder: /anvil/projects/x-cis250950/converted_cvpr_biomedsegfm
          ann_file: /anvil/projects/x-cis250950/converted_cvpr_biomedsegfm/annotations/unified_sam3_annotations/cvpr_train_all/train_all_CT_CT_PancreasTumor_sam3_video.json
          coco_json_loader:
            _target_: sam3.train.data.coco_json_loaders.SAM3_VIDEO_API_FROM_JSON
            _partial_: true
        - _target_: sam3.train.data.sam3_video_dataset.VideoGroundingDataset
          transforms: ${medical_train.train_transforms}
          load_segmentation: ${scratch.enable_segmentation}
          max_ann_per_img: 500000
          multiplier: 1
          training: true
          use_all_frames_in_train: false
          allow_ptr_remap: true
          num_stages_sample: 8
          stage_stride_min: 1
          stage_stride_max: 1
          random_reverse_time_axis: false
          use_caching: false
          img_folder: /anvil/projects/x-cis250950/converted_cvpr_biomedsegfm
          ann_file: /anvil/projects/x-cis250950/converted_cvpr_biomedsegfm/annotations/unified_sam3_annotations/cvpr_train_all/train_all_CT_CT_SegRap_HeadNeckTumor_sam3_video.json
          coco_json_loader:
            _target_: sam3.train.data.coco_json_loaders.SAM3_VIDEO_API_FROM_JSON
            _partial_: true
        - _target_: sam3.train.data.sam3_video_dataset.VideoGroundingDataset
          transforms: ${medical_train.train_transforms}
          load_segmentation: ${scratch.enable_segmentation}
          max_ann_per_img: 500000
          multiplier: 1
          training: true
          use_all_frames_in_train: false
          allow_ptr_remap: true
          num_stages_sample: 8
          stage_stride_min: 1
          stage_stride_max: 1
          random_reverse_time_axis: false
          use_caching: false
          img_folder: /anvil/projects/x-cis250950/converted_cvpr_biomedsegfm
          ann_file: /anvil/projects/x-cis250950/converted_cvpr_biomedsegfm/annotations/unified_sam3_annotations/cvpr_train_all/train_all_CT_CT_ThoracicOrgans-TCIA-LCTSC_sam3_video.json
          coco_json_loader:
            _target_: sam3.train.data.coco_json_loaders.SAM3_VIDEO_API_FROM_JSON
            _partial_: true
        - _target_: sam3.train.data.sam3_video_dataset.VideoGroundingDataset
          transforms: ${medical_train.train_transforms}
          load_segmentation: ${scratch.enable_segmentation}
          max_ann_per_img: 500000
          multiplier: 1
          training: true
          use_all_frames_in_train: false
          allow_ptr_remap: true
          num_stages_sample: 8
          stage_stride_min: 1
          stage_stride_max: 1
          random_reverse_time_axis: false
          use_caching: false
          img_folder: /anvil/projects/x-cis250950/converted_cvpr_biomedsegfm
          ann_file: /anvil/projects/x-cis250950/converted_cvpr_biomedsegfm/annotations/unified_sam3_annotations/cvpr_train_all/train_all_CT_CT_TopCoW24_sam3_video.json
          coco_json_loader:
            _target_: sam3.train.data.coco_json_loaders.SAM3_VIDEO_API_FROM_JSON
            _partial_: true
        - _target_: sam3.train.data.sam3_video_dataset.VideoGroundingDataset
          transforms: ${medical_train.train_transforms}
          load_segmentation: ${scratch.enable_segmentation}
          max_ann_per_img: 500000
          multiplier: 1
          training: true
          use_all_frames_in_train: false
          allow_ptr_remap: true
          num_stages_sample: 8
          stage_stride_min: 1
          stage_stride_max: 1
          random_reverse_time_axis: false
          use_caching: false
          img_folder: /anvil/projects/x-cis250950/converted_cvpr_biomedsegfm
          ann_file: /anvil/projects/x-cis250950/converted_cvpr_biomedsegfm/annotations/unified_sam3_annotations/cvpr_train_all/train_all_CT_CT_TotalSeg-vertebrae_sam3_video.json
          coco_json_loader:
            _target_: sam3.train.data.coco_json_loaders.SAM3_VIDEO_API_FROM_JSON
            _partial_: true
        - _target_: sam3.train.data.sam3_video_dataset.VideoGroundingDataset
          transforms: ${medical_train.train_transforms}
          load_segmentation: ${scratch.enable_segmentation}
          max_ann_per_img: 500000
          multiplier: 1
          training: true
          use_all_frames_in_train: false
          allow_ptr_remap: true
          num_stages_sample: 8
          stage_stride_min: 1
          stage_stride_max: 1
          random_reverse_time_axis: false
          use_caching: false
          img_folder: /anvil/projects/x-cis250950/converted_cvpr_biomedsegfm
          ann_file: /anvil/projects/x-cis250950/converted_cvpr_biomedsegfm/annotations/unified_sam3_annotations/cvpr_train_all/train_all_CT_CT_TotalSeg_cardiac_sam3_video.json
          coco_json_loader:
            _target_: sam3.train.data.coco_json_loaders.SAM3_VIDEO_API_FROM_JSON
            _partial_: true
        - _target_: sam3.train.data.sam3_video_dataset.VideoGroundingDataset
          transforms: ${medical_train.train_transforms}
          load_segmentation: ${scratch.enable_segmentation}
          max_ann_per_img: 500000
          multiplier: 1
          training: true
          use_all_frames_in_train: false
          allow_ptr_remap: true
          num_stages_sample: 8
          stage_stride_min: 1
          stage_stride_max: 1
          random_reverse_time_axis: false
          use_caching: false
          img_folder: /anvil/projects/x-cis250950/converted_cvpr_biomedsegfm
          ann_file: /anvil/projects/x-cis250950/converted_cvpr_biomedsegfm/annotations/unified_sam3_annotations/cvpr_train_all/train_all_CT_CT_TotalSeg_muscles_sam3_video.json
          coco_json_loader:
            _target_: sam3.train.data.coco_json_loaders.SAM3_VIDEO_API_FROM_JSON
            _partial_: true
        - _target_: sam3.train.data.sam3_video_dataset.VideoGroundingDataset
          transforms: ${medical_train.train_transforms}
          load_segmentation: ${scratch.enable_segmentation}
          max_ann_per_img: 500000
          multiplier: 1
          training: true
          use_all_frames_in_train: false
          allow_ptr_remap: true
          num_stages_sample: 8
          stage_stride_min: 1
          stage_stride_max: 1
          random_reverse_time_axis: false
          use_caching: false
          img_folder: /anvil/projects/x-cis250950/converted_cvpr_biomedsegfm
          ann_file: /anvil/projects/x-cis250950/converted_cvpr_biomedsegfm/annotations/unified_sam3_annotations/cvpr_train_all/train_all_CT_CT_TotalSeg_organs_sam3_video.json
          coco_json_loader:
            _target_: sam3.train.data.coco_json_loaders.SAM3_VIDEO_API_FROM_JSON
            _partial_: true
        - _target_: sam3.train.data.sam3_video_dataset.VideoGroundingDataset
          transforms: ${medical_train.train_transforms}
          load_segmentation: ${scratch.enable_segmentation}
          max_ann_per_img: 500000
          multiplier: 1
          training: true
          use_all_frames_in_train: false
          allow_ptr_remap: true
          num_stages_sample: 8
          stage_stride_min: 1
          stage_stride_max: 1
          random_reverse_time_axis: false
          use_caching: false
          img_folder: /anvil/projects/x-cis250950/converted_cvpr_biomedsegfm
          ann_file: /anvil/projects/x-cis250950/converted_cvpr_biomedsegfm/annotations/unified_sam3_annotations/cvpr_train_all/train_all_CT_CT_WholeBodyTumor_sam3_video.json
          coco_json_loader:
            _target_: sam3.train.data.coco_json_loaders.SAM3_VIDEO_API_FROM_JSON
            _partial_: true
        - _target_: sam3.train.data.sam3_video_dataset.VideoGroundingDataset
          transforms: ${medical_train.train_transforms}
          load_segmentation: ${scratch.enable_segmentation}
          max_ann_per_img: 500000
          multiplier: 1
          training: true
          use_all_frames_in_train: false
          allow_ptr_remap: true
          num_stages_sample: 8
          stage_stride_min: 1
          stage_stride_max: 1
          random_reverse_time_axis: false
          use_caching: false
          img_folder: /anvil/projects/x-cis250950/converted_cvpr_biomedsegfm
          ann_file: /anvil/projects/x-cis250950/converted_cvpr_biomedsegfm/annotations/unified_sam3_annotations/cvpr_train_all/train_all_MRI_MR_AMOS_sam3_video.json
          coco_json_loader:
            _target_: sam3.train.data.coco_json_loaders.SAM3_VIDEO_API_FROM_JSON
            _partial_: true
        - _target_: sam3.train.data.sam3_video_dataset.VideoGroundingDataset
          transforms: ${medical_train.train_transforms}
          load_segmentation: ${scratch.enable_segmentation}
          max_ann_per_img: 500000
          multiplier: 1
          training: true
          use_all_frames_in_train: false
          allow_ptr_remap: true
          num_stages_sample: 8
          stage_stride_min: 1
          stage_stride_max: 1
          random_reverse_time_axis: false
          use_caching: false
          img_folder: /anvil/projects/x-cis250950/converted_cvpr_biomedsegfm
          ann_file: /anvil/projects/x-cis250950/converted_cvpr_biomedsegfm/annotations/unified_sam3_annotations/cvpr_train_all/train_all_MRI_MR_BraTS-T1c_sam3_video.json
          coco_json_loader:
            _target_: sam3.train.data.coco_json_loaders.SAM3_VIDEO_API_FROM_JSON
            _partial_: true
        - _target_: sam3.train.data.sam3_video_dataset.VideoGroundingDataset
          transforms: ${medical_train.train_transforms}
          load_segmentation: ${scratch.enable_segmentation}
          max_ann_per_img: 500000
          multiplier: 1
          training: true
          use_all_frames_in_train: false
          allow_ptr_remap: true
          num_stages_sample: 8
          stage_stride_min: 1
          stage_stride_max: 1
          random_reverse_time_axis: false
          use_caching: false
          img_folder: /anvil/projects/x-cis250950/converted_cvpr_biomedsegfm
          ann_file: /anvil/projects/x-cis250950/converted_cvpr_biomedsegfm/annotations/unified_sam3_annotations/cvpr_train_all/train_all_MRI_MR_BraTS-T1n_sam3_video.json
          coco_json_loader:
            _target_: sam3.train.data.coco_json_loaders.SAM3_VIDEO_API_FROM_JSON
            _partial_: true
        - _target_: sam3.train.data.sam3_video_dataset.VideoGroundingDataset
          transforms: ${medical_train.train_transforms}
          load_segmentation: ${scratch.enable_segmentation}
          max_ann_per_img: 500000
          multiplier: 1
          training: true
          use_all_frames_in_train: false
          allow_ptr_remap: true
          num_stages_sample: 8
          stage_stride_min: 1
          stage_stride_max: 1
          random_reverse_time_axis: false
          use_caching: false
          img_folder: /anvil/projects/x-cis250950/converted_cvpr_biomedsegfm
          ann_file: /anvil/projects/x-cis250950/converted_cvpr_biomedsegfm/annotations/unified_sam3_annotations/cvpr_train_all/train_all_MRI_MR_BraTS-T2f_sam3_video.json
          coco_json_loader:
            _target_: sam3.train.data.coco_json_loaders.SAM3_VIDEO_API_FROM_JSON
            _partial_: true
        - _target_: sam3.train.data.sam3_video_dataset.VideoGroundingDataset
          transforms: ${medical_train.train_transforms}
          load_segmentation: ${scratch.enable_segmentation}
          max_ann_per_img: 500000
          multiplier: 1
          training: true
          use_all_frames_in_train: false
          allow_ptr_remap: true
          num_stages_sample: 8
          stage_stride_min: 1
          stage_stride_max: 1
          random_reverse_time_axis: false
          use_caching: false
          img_folder: /anvil/projects/x-cis250950/converted_cvpr_biomedsegfm
          ann_file: /anvil/projects/x-cis250950/converted_cvpr_biomedsegfm/annotations/unified_sam3_annotations/cvpr_train_all/train_all_MRI_MR_BraTS-T2w_sam3_video.json
          coco_json_loader:
            _target_: sam3.train.data.coco_json_loaders.SAM3_VIDEO_API_FROM_JSON
            _partial_: true
        - _target_: sam3.train.data.sam3_video_dataset.VideoGroundingDataset
          transforms: ${medical_train.train_transforms}
          load_segmentation: ${scratch.enable_segmentation}
          max_ann_per_img: 500000
          multiplier: 1
          training: true
          use_all_frames_in_train: false
          allow_ptr_remap: true
          num_stages_sample: 8
          stage_stride_min: 1
          stage_stride_max: 1
          random_reverse_time_axis: false
          use_caching: false
          img_folder: /anvil/projects/x-cis250950/converted_cvpr_biomedsegfm
          ann_file: /anvil/projects/x-cis250950/converted_cvpr_biomedsegfm/annotations/unified_sam3_annotations/cvpr_train_all/train_all_MRI_MR_CHAOS-T1_sam3_video.json
          coco_json_loader:
            _target_: sam3.train.data.coco_json_loaders.SAM3_VIDEO_API_FROM_JSON
            _partial_: true
        - _target_: sam3.train.data.sam3_video_dataset.VideoGroundingDataset
          transforms: ${medical_train.train_transforms}
          load_segmentation: ${scratch.enable_segmentation}
          max_ann_per_img: 500000
          multiplier: 1
          training: true
          use_all_frames_in_train: false
          allow_ptr_remap: true
          num_stages_sample: 8
          stage_stride_min: 1
          stage_stride_max: 1
          random_reverse_time_axis: false
          use_caching: false
          img_folder: /anvil/projects/x-cis250950/converted_cvpr_biomedsegfm
          ann_file: /anvil/projects/x-cis250950/converted_cvpr_biomedsegfm/annotations/unified_sam3_annotations/cvpr_train_all/train_all_MRI_MR_CHAOS-T2_sam3_video.json
          coco_json_loader:
            _target_: sam3.train.data.coco_json_loaders.SAM3_VIDEO_API_FROM_JSON
            _partial_: true
        - _target_: sam3.train.data.sam3_video_dataset.VideoGroundingDataset
          transforms: ${medical_train.train_transforms}
          load_segmentation: ${scratch.enable_segmentation}
          max_ann_per_img: 500000
          multiplier: 1
          training: true
          use_all_frames_in_train: false
          allow_ptr_remap: true
          num_stages_sample: 8
          stage_stride_min: 1
          stage_stride_max: 1
          random_reverse_time_axis: false
          use_caching: false
          img_folder: /anvil/projects/x-cis250950/converted_cvpr_biomedsegfm
          ann_file: /anvil/projects/x-cis250950/converted_cvpr_biomedsegfm/annotations/unified_sam3_annotations/cvpr_train_all/train_all_MRI_MR_CervicalCancer_sam3_video.json
          coco_json_loader:
            _target_: sam3.train.data.coco_json_loaders.SAM3_VIDEO_API_FROM_JSON
            _partial_: true
        - _target_: sam3.train.data.sam3_video_dataset.VideoGroundingDataset
          transforms: ${medical_train.train_transforms}
          load_segmentation: ${scratch.enable_segmentation}
          max_ann_per_img: 500000
          multiplier: 1
          training: true
          use_all_frames_in_train: false
          allow_ptr_remap: true
          num_stages_sample: 8
          stage_stride_min: 1
          stage_stride_max: 1
          random_reverse_time_axis: false
          use_caching: false
          img_folder: /anvil/projects/x-cis250950/converted_cvpr_biomedsegfm
          ann_file: /anvil/projects/x-cis250950/converted_cvpr_biomedsegfm/annotations/unified_sam3_annotations/cvpr_train_all/train_all_MRI_MR_EMIDEC_sam3_video.json
          coco_json_loader:
            _target_: sam3.train.data.coco_json_loaders.SAM3_VIDEO_API_FROM_JSON
            _partial_: true
        - _target_: sam3.train.data.sam3_video_dataset.VideoGroundingDataset
          transforms: ${medical_train.train_transforms}
          load_segmentation: ${scratch.enable_segmentation}
          max_ann_per_img: 500000
          multiplier: 1
          training: true
          use_all_frames_in_train: false
          allow_ptr_remap: true
          num_stages_sample: 8
          stage_stride_min: 1
          stage_stride_max: 1
          random_reverse_time_axis: false
          use_caching: false
          img_folder: /anvil/projects/x-cis250950/converted_cvpr_biomedsegfm
          ann_file: /anvil/projects/x-cis250950/converted_cvpr_biomedsegfm/annotations/unified_sam3_annotations/cvpr_train_all/train_all_MRI_MR_HNTS-MRG_HeadTumor_sam3_video.json
          coco_json_loader:
            _target_: sam3.train.data.coco_json_loaders.SAM3_VIDEO_API_FROM_JSON
            _partial_: true
        - _target_: sam3.train.data.sam3_video_dataset.VideoGroundingDataset
          transforms: ${medical_train.train_transforms}
          load_segmentation: ${scratch.enable_segmentation}
          max_ann_per_img: 500000
          multiplier: 1
          training: true
          use_all_frames_in_train: false
          allow_ptr_remap: true
          num_stages_sample: 8
          stage_stride_min: 1
          stage_stride_max: 1
          random_reverse_time_axis: false
          use_caching: false
          img_folder: /anvil/projects/x-cis250950/converted_cvpr_biomedsegfm
          ann_file: /anvil/projects/x-cis250950/converted_cvpr_biomedsegfm/annotations/unified_sam3_annotations/cvpr_train_all/train_all_MRI_MR_HVSMR_sam3_video.json
          coco_json_loader:
            _target_: sam3.train.data.coco_json_loaders.SAM3_VIDEO_API_FROM_JSON
            _partial_: true
        - _target_: sam3.train.data.sam3_video_dataset.VideoGroundingDataset
          transforms: ${medical_train.train_transforms}
          load_segmentation: ${scratch.enable_segmentation}
          max_ann_per_img: 500000
          multiplier: 1
          training: true
          use_all_frames_in_train: false
          allow_ptr_remap: true
          num_stages_sample: 8
          stage_stride_min: 1
          stage_stride_max: 1
          random_reverse_time_axis: false
          use_caching: false
          img_folder: /anvil/projects/x-cis250950/converted_cvpr_biomedsegfm
          ann_file: /anvil/projects/x-cis250950/converted_cvpr_biomedsegfm/annotations/unified_sam3_annotations/cvpr_train_all/train_all_MRI_MR_HeadHaN_sam3_video.json
          coco_json_loader:
            _target_: sam3.train.data.coco_json_loaders.SAM3_VIDEO_API_FROM_JSON
            _partial_: true
        - _target_: sam3.train.data.sam3_video_dataset.VideoGroundingDataset
          transforms: ${medical_train.train_transforms}
          load_segmentation: ${scratch.enable_segmentation}
          max_ann_per_img: 500000
          multiplier: 1
          training: true
          use_all_frames_in_train: false
          allow_ptr_remap: true
          num_stages_sample: 8
          stage_stride_min: 1
          stage_stride_max: 1
          random_reverse_time_axis: false
          use_caching: false
          img_folder: /anvil/projects/x-cis250950/converted_cvpr_biomedsegfm
          ann_file: /anvil/projects/x-cis250950/converted_cvpr_biomedsegfm/annotations/unified_sam3_annotations/cvpr_train_all/train_all_MRI_MR_Heart_ACDC_sam3_video.json
          coco_json_loader:
            _target_: sam3.train.data.coco_json_loaders.SAM3_VIDEO_API_FROM_JSON
            _partial_: true
        - _target_: sam3.train.data.sam3_video_dataset.VideoGroundingDataset
          transforms: ${medical_train.train_transforms}
          load_segmentation: ${scratch.enable_segmentation}
          max_ann_per_img: 500000
          multiplier: 1
          training: true
          use_all_frames_in_train: false
          allow_ptr_remap: true
          num_stages_sample: 8
          stage_stride_min: 1
          stage_stride_max: 1
          random_reverse_time_axis: false
          use_caching: false
          img_folder: /anvil/projects/x-cis250950/converted_cvpr_biomedsegfm
          ann_file: /anvil/projects/x-cis250950/converted_cvpr_biomedsegfm/annotations/unified_sam3_annotations/cvpr_train_all/train_all_MRI_MR_IBD_sam3_video.json
          coco_json_loader:
            _target_: sam3.train.data.coco_json_loaders.SAM3_VIDEO_API_FROM_JSON
            _partial_: true
        - _target_: sam3.train.data.sam3_video_dataset.VideoGroundingDataset
          transforms: ${medical_train.train_transforms}
          load_segmentation: ${scratch.enable_segmentation}
          max_ann_per_img: 500000
          multiplier: 1
          training: true
          use_all_frames_in_train: false
          allow_ptr_remap: true
          num_stages_sample: 8
          stage_stride_min: 1
          stage_stride_max: 1
          random_reverse_time_axis: false
          use_caching: false
          img_folder: /anvil/projects/x-cis250950/converted_cvpr_biomedsegfm
          ann_file: /anvil/projects/x-cis250950/converted_cvpr_biomedsegfm/annotations/unified_sam3_annotations/cvpr_train_all/train_all_MRI_MR_ISLES_ADC_sam3_video.json
          coco_json_loader:
            _target_: sam3.train.data.coco_json_loaders.SAM3_VIDEO_API_FROM_JSON
            _partial_: true
        - _target_: sam3.train.data.sam3_video_dataset.VideoGroundingDataset
          transforms: ${medical_train.train_transforms}
          load_segmentation: ${scratch.enable_segmentation}
          max_ann_per_img: 500000
          multiplier: 1
          training: true
          use_all_frames_in_train: false
          allow_ptr_remap: true
          num_stages_sample: 8
          stage_stride_min: 1
          stage_stride_max: 1
          random_reverse_time_axis: false
          use_caching: false
          img_folder: /anvil/projects/x-cis250950/converted_cvpr_biomedsegfm
          ann_file: /anvil/projects/x-cis250950/converted_cvpr_biomedsegfm/annotations/unified_sam3_annotations/cvpr_train_all/train_all_MRI_MR_ISLES_DWI_sam3_video.json
          coco_json_loader:
            _target_: sam3.train.data.coco_json_loaders.SAM3_VIDEO_API_FROM_JSON
            _partial_: true
        - _target_: sam3.train.data.sam3_video_dataset.VideoGroundingDataset
          transforms: ${medical_train.train_transforms}
          load_segmentation: ${scratch.enable_segmentation}
          max_ann_per_img: 500000
          multiplier: 1
          training: true
          use_all_frames_in_train: false
          allow_ptr_remap: true
          num_stages_sample: 8
          stage_stride_min: 1
          stage_stride_max: 1
          random_reverse_time_axis: false
          use_caching: false
          img_folder: /anvil/projects/x-cis250950/converted_cvpr_biomedsegfm
          ann_file: /anvil/projects/x-cis250950/converted_cvpr_biomedsegfm/annotations/unified_sam3_annotations/cvpr_train_all/train_all_MRI_MR_LeftAtrium_sam3_video.json
          coco_json_loader:
            _target_: sam3.train.data.coco_json_loaders.SAM3_VIDEO_API_FROM_JSON
            _partial_: true
        - _target_: sam3.train.data.sam3_video_dataset.VideoGroundingDataset
          transforms: ${medical_train.train_transforms}
          load_segmentation: ${scratch.enable_segmentation}
          max_ann_per_img: 500000
          multiplier: 1
          training: true
          use_all_frames_in_train: false
          allow_ptr_remap: true
          num_stages_sample: 8
          stage_stride_min: 1
          stage_stride_max: 1
          random_reverse_time_axis: false
          use_caching: false
          img_folder: /anvil/projects/x-cis250950/converted_cvpr_biomedsegfm
          ann_file: /anvil/projects/x-cis250950/converted_cvpr_biomedsegfm/annotations/unified_sam3_annotations/cvpr_train_all/train_all_MRI_MR_LiverTumor_LLD_sam3_video.json
          coco_json_loader:
            _target_: sam3.train.data.coco_json_loaders.SAM3_VIDEO_API_FROM_JSON
            _partial_: true
        - _target_: sam3.train.data.sam3_video_dataset.VideoGroundingDataset
          transforms: ${medical_train.train_transforms}
          load_segmentation: ${scratch.enable_segmentation}
          max_ann_per_img: 500000
          multiplier: 1
          training: true
          use_all_frames_in_train: false
          allow_ptr_remap: true
          num_stages_sample: 8
          stage_stride_min: 1
          stage_stride_max: 1
          random_reverse_time_axis: false
          use_caching: false
          img_folder: /anvil/projects/x-cis250950/converted_cvpr_biomedsegfm
          ann_file: /anvil/projects/x-cis250950/converted_cvpr_biomedsegfm/annotations/unified_sam3_annotations/cvpr_train_all/train_all_MRI_MR_ProstateADC_sam3_video.json
          coco_json_loader:
            _target_: sam3.train.data.coco_json_loaders.SAM3_VIDEO_API_FROM_JSON
            _partial_: true
        - _target_: sam3.train.data.sam3_video_dataset.VideoGroundingDataset
          transforms: ${medical_train.train_transforms}
          load_segmentation: ${scratch.enable_segmentation}
          max_ann_per_img: 500000
          multiplier: 1
          training: true
          use_all_frames_in_train: false
          allow_ptr_remap: true
          num_stages_sample: 8
          stage_stride_min: 1
          stage_stride_max: 1
          random_reverse_time_axis: false
          use_caching: false
          img_folder: /anvil/projects/x-cis250950/converted_cvpr_biomedsegfm
          ann_file: /anvil/projects/x-cis250950/converted_cvpr_biomedsegfm/annotations/unified_sam3_annotations/cvpr_train_all/train_all_MRI_MR_ProstateT2_sam3_video.json
          coco_json_loader:
            _target_: sam3.train.data.coco_json_loaders.SAM3_VIDEO_API_FROM_JSON
            _partial_: true
        - _target_: sam3.train.data.sam3_video_dataset.VideoGroundingDataset
          transforms: ${medical_train.train_transforms}
          load_segmentation: ${scratch.enable_segmentation}
          max_ann_per_img: 500000
          multiplier: 1
          training: true
          use_all_frames_in_train: false
          allow_ptr_remap: true
          num_stages_sample: 8
          stage_stride_min: 1
          stage_stride_max: 1
          random_reverse_time_axis: false
          use_caching: false
          img_folder: /anvil/projects/x-cis250950/converted_cvpr_biomedsegfm
          ann_file: /anvil/projects/x-cis250950/converted_cvpr_biomedsegfm/annotations/unified_sam3_annotations/cvpr_train_all/train_all_MRI_MR_QIN-PROSTATE-Lesion_sam3_video.json
          coco_json_loader:
            _target_: sam3.train.data.coco_json_loaders.SAM3_VIDEO_API_FROM_JSON
            _partial_: true
        - _target_: sam3.train.data.sam3_video_dataset.VideoGroundingDataset
          transforms: ${medical_train.train_transforms}
          load_segmentation: ${scratch.enable_segmentation}
          max_ann_per_img: 500000
          multiplier: 1
          training: true
          use_all_frames_in_train: false
          allow_ptr_remap: true
          num_stages_sample: 8
          stage_stride_min: 1
          stage_stride_max: 1
          random_reverse_time_axis: false
          use_caching: false
          img_folder: /anvil/projects/x-cis250950/converted_cvpr_biomedsegfm
          ann_file: /anvil/projects/x-cis250950/converted_cvpr_biomedsegfm/annotations/unified_sam3_annotations/cvpr_train_all/train_all_MRI_MR_RESECT_sam3_video.json
          coco_json_loader:
            _target_: sam3.train.data.coco_json_loaders.SAM3_VIDEO_API_FROM_JSON
            _partial_: true
        - _target_: sam3.train.data.sam3_video_dataset.VideoGroundingDataset
          transforms: ${medical_train.train_transforms}
          load_segmentation: ${scratch.enable_segmentation}
          max_ann_per_img: 500000
          multiplier: 1
          training: true
          use_all_frames_in_train: false
          allow_ptr_remap: true
          num_stages_sample: 8
          stage_stride_min: 1
          stage_stride_max: 1
          random_reverse_time_axis: false
          use_caching: false
          img_folder: /anvil/projects/x-cis250950/converted_cvpr_biomedsegfm
          ann_file: /anvil/projects/x-cis250950/converted_cvpr_biomedsegfm/annotations/unified_sam3_annotations/cvpr_train_all/train_all_MRI_MR_SegThy_sam3_video.json
          coco_json_loader:
            _target_: sam3.train.data.coco_json_loaders.SAM3_VIDEO_API_FROM_JSON
            _partial_: true
        - _target_: sam3.train.data.sam3_video_dataset.VideoGroundingDataset
          transforms: ${medical_train.train_transforms}
          load_segmentation: ${scratch.enable_segmentation}
          max_ann_per_img: 500000
          multiplier: 1
          training: true
          use_all_frames_in_train: false
          allow_ptr_remap: true
          num_stages_sample: 8
          stage_stride_min: 1
          stage_stride_max: 1
          random_reverse_time_axis: false
          use_caching: false
          img_folder: /anvil/projects/x-cis250950/converted_cvpr_biomedsegfm
          ann_file: /anvil/projects/x-cis250950/converted_cvpr_biomedsegfm/annotations/unified_sam3_annotations/cvpr_train_all/train_all_MRI_MR_Spider_IVD_sam3_video.json
          coco_json_loader:
            _target_: sam3.train.data.coco_json_loaders.SAM3_VIDEO_API_FROM_JSON
            _partial_: true
        - _target_: sam3.train.data.sam3_video_dataset.VideoGroundingDataset
          transforms: ${medical_train.train_transforms}
          load_segmentation: ${scratch.enable_segmentation}
          max_ann_per_img: 500000
          multiplier: 1
          training: true
          use_all_frames_in_train: false
          allow_ptr_remap: true
          num_stages_sample: 8
          stage_stride_min: 1
          stage_stride_max: 1
          random_reverse_time_axis: false
          use_caching: false
          img_folder: /anvil/projects/x-cis250950/converted_cvpr_biomedsegfm
          ann_file: /anvil/projects/x-cis250950/converted_cvpr_biomedsegfm/annotations/unified_sam3_annotations/cvpr_train_all/train_all_MRI_MR_Spider_Spine_sam3_video.json
          coco_json_loader:
            _target_: sam3.train.data.coco_json_loaders.SAM3_VIDEO_API_FROM_JSON
            _partial_: true
        - _target_: sam3.train.data.sam3_video_dataset.VideoGroundingDataset
          transforms: ${medical_train.train_transforms}
          load_segmentation: ${scratch.enable_segmentation}
          max_ann_per_img: 500000
          multiplier: 1
          training: true
          use_all_frames_in_train: false
          allow_ptr_remap: true
          num_stages_sample: 8
          stage_stride_min: 1
          stage_stride_max: 1
          random_reverse_time_axis: false
          use_caching: false
          img_folder: /anvil/projects/x-cis250950/converted_cvpr_biomedsegfm
          ann_file: /anvil/projects/x-cis250950/converted_cvpr_biomedsegfm/annotations/unified_sam3_annotations/cvpr_train_all/train_all_MRI_MR_Spider_Vertebrae_sam3_video.json
          coco_json_loader:
            _target_: sam3.train.data.coco_json_loaders.SAM3_VIDEO_API_FROM_JSON
            _partial_: true
        - _target_: sam3.train.data.sam3_video_dataset.VideoGroundingDataset
          transforms: ${medical_train.train_transforms}
          load_segmentation: ${scratch.enable_segmentation}
          max_ann_per_img: 500000
          multiplier: 1
          training: true
          use_all_frames_in_train: false
          allow_ptr_remap: true
          num_stages_sample: 8
          stage_stride_min: 1
          stage_stride_max: 1
          random_reverse_time_axis: false
          use_caching: false
          img_folder: /anvil/projects/x-cis250950/converted_cvpr_biomedsegfm
          ann_file: /anvil/projects/x-cis250950/converted_cvpr_biomedsegfm/annotations/unified_sam3_annotations/cvpr_train_all/train_all_MRI_MR_Spine2014_sam3_video.json
          coco_json_loader:
            _target_: sam3.train.data.coco_json_loaders.SAM3_VIDEO_API_FROM_JSON
            _partial_: true
        - _target_: sam3.train.data.sam3_video_dataset.VideoGroundingDataset
          transforms: ${medical_train.train_transforms}
          load_segmentation: ${scratch.enable_segmentation}
          max_ann_per_img: 500000
          multiplier: 1
          training: true
          use_all_frames_in_train: false
          allow_ptr_remap: true
          num_stages_sample: 8
          stage_stride_min: 1
          stage_stride_max: 1
          random_reverse_time_axis: false
          use_caching: false
          img_folder: /anvil/projects/x-cis250950/converted_cvpr_biomedsegfm
          ann_file: /anvil/projects/x-cis250950/converted_cvpr_biomedsegfm/annotations/unified_sam3_annotations/cvpr_train_all/train_all_MRI_MR_T1c_crossMoDA_Tumor_Cochlea_sam3_video.json
          coco_json_loader:
            _target_: sam3.train.data.coco_json_loaders.SAM3_VIDEO_API_FROM_JSON
            _partial_: true
        - _target_: sam3.train.data.sam3_video_dataset.VideoGroundingDataset
          transforms: ${medical_train.train_transforms}
          load_segmentation: ${scratch.enable_segmentation}
          max_ann_per_img: 500000
          multiplier: 1
          training: true
          use_all_frames_in_train: false
          allow_ptr_remap: true
          num_stages_sample: 8
          stage_stride_min: 1
          stage_stride_max: 1
          random_reverse_time_axis: false
          use_caching: false
          img_folder: /anvil/projects/x-cis250950/converted_cvpr_biomedsegfm
          ann_file: /anvil/projects/x-cis250950/converted_cvpr_biomedsegfm/annotations/unified_sam3_annotations/cvpr_train_all/train_all_MRI_MR_TopCoW24_sam3_video.json
          coco_json_loader:
            _target_: sam3.train.data.coco_json_loaders.SAM3_VIDEO_API_FROM_JSON
            _partial_: true
        - _target_: sam3.train.data.sam3_video_dataset.VideoGroundingDataset
          transforms: ${medical_train.train_transforms}
          load_segmentation: ${scratch.enable_segmentation}
          max_ann_per_img: 500000
          multiplier: 1
          training: true
          use_all_frames_in_train: false
          allow_ptr_remap: true
          num_stages_sample: 8
          stage_stride_min: 1
          stage_stride_max: 1
          random_reverse_time_axis: false
          use_caching: false
          img_folder: /anvil/projects/x-cis250950/converted_cvpr_biomedsegfm
          ann_file: /anvil/projects/x-cis250950/converted_cvpr_biomedsegfm/annotations/unified_sam3_annotations/cvpr_train_all/train_all_MRI_MR_TotalSeg_sam3_video.json
          coco_json_loader:
            _target_: sam3.train.data.coco_json_loaders.SAM3_VIDEO_API_FROM_JSON
            _partial_: true
        - _target_: sam3.train.data.sam3_video_dataset.VideoGroundingDataset
          transforms: ${medical_train.train_transforms}
          load_segmentation: ${scratch.enable_segmentation}
          max_ann_per_img: 500000
          multiplier: 1
          training: true
          use_all_frames_in_train: false
          allow_ptr_remap: true
          num_stages_sample: 8
          stage_stride_min: 1
          stage_stride_max: 1
          random_reverse_time_axis: false
          use_caching: false
          img_folder: /anvil/projects/x-cis250950/converted_cvpr_biomedsegfm
          ann_file: /anvil/projects/x-cis250950/converted_cvpr_biomedsegfm/annotations/unified_sam3_annotations/cvpr_train_all/train_all_MRI_MR_WMH_FLAIR_sam3_video.json
          coco_json_loader:
            _target_: sam3.train.data.coco_json_loaders.SAM3_VIDEO_API_FROM_JSON
            _partial_: true
        - _target_: sam3.train.data.sam3_video_dataset.VideoGroundingDataset
          transforms: ${medical_train.train_transforms}
          load_segmentation: ${scratch.enable_segmentation}
          max_ann_per_img: 500000
          multiplier: 1
          training: true
          use_all_frames_in_train: false
          allow_ptr_remap: true
          num_stages_sample: 8
          stage_stride_min: 1
          stage_stride_max: 1
          random_reverse_time_axis: false
          use_caching: false
          img_folder: /anvil/projects/x-cis250950/converted_cvpr_biomedsegfm
          ann_file: /anvil/projects/x-cis250950/converted_cvpr_biomedsegfm/annotations/unified_sam3_annotations/cvpr_train_all/train_all_MRI_MR_WMH_T1_sam3_video.json
          coco_json_loader:
            _target_: sam3.train.data.coco_json_loaders.SAM3_VIDEO_API_FROM_JSON
            _partial_: true
        - _target_: sam3.train.data.sam3_video_dataset.VideoGroundingDataset
          transforms: ${medical_train.train_transforms}
          load_segmentation: ${scratch.enable_segmentation}
          max_ann_per_img: 500000
          multiplier: 1
          training: true
          use_all_frames_in_train: false
          allow_ptr_remap: true
          num_stages_sample: 8
          stage_stride_min: 1
          stage_stride_max: 1
          random_reverse_time_axis: false
          use_caching: false
          img_folder: /anvil/projects/x-cis250950/converted_cvpr_biomedsegfm
          ann_file: /anvil/projects/x-cis250950/converted_cvpr_biomedsegfm/annotations/unified_sam3_annotations/cvpr_train_all/train_all_Microscopy_Microscopy_AxonEM_sam3_video.json
          coco_json_loader:
            _target_: sam3.train.data.coco_json_loaders.SAM3_VIDEO_API_FROM_JSON
            _partial_: true
        - _target_: sam3.train.data.sam3_video_dataset.VideoGroundingDataset
          transforms: ${medical_train.train_transforms}
          load_segmentation: ${scratch.enable_segmentation}
          max_ann_per_img: 500000
          multiplier: 1
          training: true
          use_all_frames_in_train: false
          allow_ptr_remap: true
          num_stages_sample: 8
          stage_stride_min: 1
          stage_stride_max: 1
          random_reverse_time_axis: false
          use_caching: false
          img_folder: /anvil/projects/x-cis250950/converted_cvpr_biomedsegfm
          ann_file: /anvil/projects/x-cis250950/converted_cvpr_biomedsegfm/annotations/unified_sam3_annotations/cvpr_train_all/train_all_Microscopy_Microscopy_MUCIC-HL60_sam3_video.json
          coco_json_loader:
            _target_: sam3.train.data.coco_json_loaders.SAM3_VIDEO_API_FROM_JSON
            _partial_: true
        - _target_: sam3.train.data.sam3_video_dataset.VideoGroundingDataset
          transforms: ${medical_train.train_transforms}
          load_segmentation: ${scratch.enable_segmentation}
          max_ann_per_img: 500000
          multiplier: 1
          training: true
          use_all_frames_in_train: false
          allow_ptr_remap: true
          num_stages_sample: 8
          stage_stride_min: 1
          stage_stride_max: 1
          random_reverse_time_axis: false
          use_caching: false
          img_folder: /anvil/projects/x-cis250950/converted_cvpr_biomedsegfm
          ann_file: /anvil/projects/x-cis250950/converted_cvpr_biomedsegfm/annotations/unified_sam3_annotations/cvpr_train_all/train_all_Microscopy_Microscopy_NIS3D_sam3_video.json
          coco_json_loader:
            _target_: sam3.train.data.coco_json_loaders.SAM3_VIDEO_API_FROM_JSON
            _partial_: true
        - _target_: sam3.train.data.sam3_video_dataset.VideoGroundingDataset
          transforms: ${medical_train.train_transforms}
          load_segmentation: ${scratch.enable_segmentation}
          max_ann_per_img: 500000
          multiplier: 1
          training: true
          use_all_frames_in_train: false
          allow_ptr_remap: true
          num_stages_sample: 8
          stage_stride_min: 1
          stage_stride_max: 1
          random_reverse_time_axis: false
          use_caching: false
          img_folder: /anvil/projects/x-cis250950/converted_cvpr_biomedsegfm
          ann_file: /anvil/projects/x-cis250950/converted_cvpr_biomedsegfm/annotations/unified_sam3_annotations/cvpr_train_all/train_all_Microscopy_Microscopy_SELMA3D_ADplaques_sam3_video.json
          coco_json_loader:
            _target_: sam3.train.data.coco_json_loaders.SAM3_VIDEO_API_FROM_JSON
            _partial_: true
        - _target_: sam3.train.data.sam3_video_dataset.VideoGroundingDataset
          transforms: ${medical_train.train_transforms}
          load_segmentation: ${scratch.enable_segmentation}
          max_ann_per_img: 500000
          multiplier: 1
          training: true
          use_all_frames_in_train: false
          allow_ptr_remap: true
          num_stages_sample: 8
          stage_stride_min: 1
          stage_stride_max: 1
          random_reverse_time_axis: false
          use_caching: false
          img_folder: /anvil/projects/x-cis250950/converted_cvpr_biomedsegfm
          ann_file: /anvil/projects/x-cis250950/converted_cvpr_biomedsegfm/annotations/unified_sam3_annotations/cvpr_train_all/train_all_Microscopy_Microscopy_SELMA3D_neural_activity_marker_sam3_video.json
          coco_json_loader:
            _target_: sam3.train.data.coco_json_loaders.SAM3_VIDEO_API_FROM_JSON
            _partial_: true
        - _target_: sam3.train.data.sam3_video_dataset.VideoGroundingDataset
          transforms: ${medical_train.train_transforms}
          load_segmentation: ${scratch.enable_segmentation}
          max_ann_per_img: 500000
          multiplier: 1
          training: true
          use_all_frames_in_train: false
          allow_ptr_remap: true
          num_stages_sample: 8
          stage_stride_min: 1
          stage_stride_max: 1
          random_reverse_time_axis: false
          use_caching: false
          img_folder: /anvil/projects/x-cis250950/converted_cvpr_biomedsegfm
          ann_file: /anvil/projects/x-cis250950/converted_cvpr_biomedsegfm/annotations/unified_sam3_annotations/cvpr_train_all/train_all_Microscopy_Microscopy_SELMA3D_nuceus_sam3_video.json
          coco_json_loader:
            _target_: sam3.train.data.coco_json_loaders.SAM3_VIDEO_API_FROM_JSON
            _partial_: true
        - _target_: sam3.train.data.sam3_video_dataset.VideoGroundingDataset
          transforms: ${medical_train.train_transforms}
          load_segmentation: ${scratch.enable_segmentation}
          max_ann_per_img: 500000
          multiplier: 1
          training: true
          use_all_frames_in_train: false
          allow_ptr_remap: true
          num_stages_sample: 8
          stage_stride_min: 1
          stage_stride_max: 1
          random_reverse_time_axis: false
          use_caching: false
          img_folder: /anvil/projects/x-cis250950/converted_cvpr_biomedsegfm
          ann_file: /anvil/projects/x-cis250950/converted_cvpr_biomedsegfm/annotations/unified_sam3_annotations/cvpr_train_all/train_all_Microscopy_Microscopy_SELMA3D_vessel_sam3_video.json
          coco_json_loader:
            _target_: sam3.train.data.coco_json_loaders.SAM3_VIDEO_API_FROM_JSON
            _partial_: true
        - _target_: sam3.train.data.sam3_video_dataset.VideoGroundingDataset
          transforms: ${medical_train.train_transforms}
          load_segmentation: ${scratch.enable_segmentation}
          max_ann_per_img: 500000
          multiplier: 1
          training: true
          use_all_frames_in_train: false
          allow_ptr_remap: true
          num_stages_sample: 8
          stage_stride_min: 1
          stage_stride_max: 1
          random_reverse_time_axis: false
          use_caching: false
          img_folder: /anvil/projects/x-cis250950/converted_cvpr_biomedsegfm
          ann_file: /anvil/projects/x-cis250950/converted_cvpr_biomedsegfm/annotations/unified_sam3_annotations/cvpr_train_all/train_all_Microscopy_Microscopy_cremi_sam3_video.json
          coco_json_loader:
            _target_: sam3.train.data.coco_json_loaders.SAM3_VIDEO_API_FROM_JSON
            _partial_: true
        - _target_: sam3.train.data.sam3_video_dataset.VideoGroundingDataset
          transforms: ${medical_train.train_transforms}
          load_segmentation: ${scratch.enable_segmentation}
          max_ann_per_img: 500000
          multiplier: 1
          training: true
          use_all_frames_in_train: false
          allow_ptr_remap: true
          num_stages_sample: 8
          stage_stride_min: 1
          stage_stride_max: 1
          random_reverse_time_axis: false
          use_caching: false
          img_folder: /anvil/projects/x-cis250950/converted_cvpr_biomedsegfm
          ann_file: /anvil/projects/x-cis250950/converted_cvpr_biomedsegfm/annotations/unified_sam3_annotations/cvpr_train_all/train_all_Microscopy_Microscopy_nucmm_sam3_video.json
          coco_json_loader:
            _target_: sam3.train.data.coco_json_loaders.SAM3_VIDEO_API_FROM_JSON
            _partial_: true
        - _target_: sam3.train.data.sam3_video_dataset.VideoGroundingDataset
          transforms: ${medical_train.train_transforms}
          load_segmentation: ${scratch.enable_segmentation}
          max_ann_per_img: 500000
          multiplier: 1
          training: true
          use_all_frames_in_train: false
          allow_ptr_remap: true
          num_stages_sample: 8
          stage_stride_min: 1
          stage_stride_max: 1
          random_reverse_time_axis: false
          use_caching: false
          img_folder: /anvil/projects/x-cis250950/converted_cvpr_biomedsegfm
          ann_file: /anvil/projects/x-cis250950/converted_cvpr_biomedsegfm/annotations/unified_sam3_annotations/cvpr_train_all/train_all_Microscopy_Microscopy_urocell_Endolysosomes_sam3_video.json
          coco_json_loader:
            _target_: sam3.train.data.coco_json_loaders.SAM3_VIDEO_API_FROM_JSON
            _partial_: true
        - _target_: sam3.train.data.sam3_video_dataset.VideoGroundingDataset
          transforms: ${medical_train.train_transforms}
          load_segmentation: ${scratch.enable_segmentation}
          max_ann_per_img: 500000
          multiplier: 1
          training: true
          use_all_frames_in_train: false
          allow_ptr_remap: true
          num_stages_sample: 8
          stage_stride_min: 1
          stage_stride_max: 1
          random_reverse_time_axis: false
          use_caching: false
          img_folder: /anvil/projects/x-cis250950/converted_cvpr_biomedsegfm
          ann_file: /anvil/projects/x-cis250950/converted_cvpr_biomedsegfm/annotations/unified_sam3_annotations/cvpr_train_all/train_all_Microscopy_Microscopy_urocell_Mitochondria_sam3_video.json
          coco_json_loader:
            _target_: sam3.train.data.coco_json_loaders.SAM3_VIDEO_API_FROM_JSON
            _partial_: true
        - _target_: sam3.train.data.sam3_video_dataset.VideoGroundingDataset
          transforms: ${medical_train.train_transforms}
          load_segmentation: ${scratch.enable_segmentation}
          max_ann_per_img: 500000
          multiplier: 1
          training: true
          use_all_frames_in_train: false
          allow_ptr_remap: true
          num_stages_sample: 8
          stage_stride_min: 1
          stage_stride_max: 1
          random_reverse_time_axis: false
          use_caching: false
          img_folder: /anvil/projects/x-cis250950/converted_cvpr_biomedsegfm
          ann_file: /anvil/projects/x-cis250950/converted_cvpr_biomedsegfm/annotations/unified_sam3_annotations/cvpr_train_all/train_all_PET_autoPET_sam3_video.json
          coco_json_loader:
            _target_: sam3.train.data.coco_json_loaders.SAM3_VIDEO_API_FROM_JSON
            _partial_: true
        - _target_: sam3.train.data.sam3_video_dataset.VideoGroundingDataset
          transforms: ${medical_train.train_transforms}
          load_segmentation: ${scratch.enable_segmentation}
          max_ann_per_img: 500000
          multiplier: 1
          training: true
          use_all_frames_in_train: false
          allow_ptr_remap: true
          num_stages_sample: 8
          stage_stride_min: 1
          stage_stride_max: 1
          random_reverse_time_axis: false
          use_caching: false
          img_folder: /anvil/projects/x-cis250950/converted_cvpr_biomedsegfm
          ann_file: /anvil/projects/x-cis250950/converted_cvpr_biomedsegfm/annotations/unified_sam3_annotations/cvpr_train_all/train_all_US3D_US_Cardiac_sam3_video.json
          coco_json_loader:
            _target_: sam3.train.data.coco_json_loaders.SAM3_VIDEO_API_FROM_JSON
            _partial_: true
        - _target_: sam3.train.data.sam3_video_dataset.VideoGroundingDataset
          transforms: ${medical_train.train_transforms}
          load_segmentation: ${scratch.enable_segmentation}
          max_ann_per_img: 500000
          multiplier: 1
          training: true
          use_all_frames_in_train: false
          allow_ptr_remap: true
          num_stages_sample: 8
          stage_stride_min: 1
          stage_stride_max: 1
          random_reverse_time_axis: false
          use_caching: false
          img_folder: /anvil/projects/x-cis250950/converted_cvpr_biomedsegfm
          ann_file: /anvil/projects/x-cis250950/converted_cvpr_biomedsegfm/annotations/unified_sam3_annotations/cvpr_train_all/train_all_US3D_US_Low-limb-Leg_sam3_video.json
          coco_json_loader:
            _target_: sam3.train.data.coco_json_loaders.SAM3_VIDEO_API_FROM_JSON
            _partial_: true
        - _target_: sam3.train.data.sam3_video_dataset.VideoGroundingDataset
          transforms: ${medical_train.train_transforms}
          load_segmentation: ${scratch.enable_segmentation}
          max_ann_per_img: 500000
          multiplier: 1
          training: true
          use_all_frames_in_train: false
          allow_ptr_remap: true
          num_stages_sample: 8
          stage_stride_min: 1
          stage_stride_max: 1
          random_reverse_time_axis: false
          use_caching: false
          img_folder: /anvil/projects/x-cis250950/converted_cvpr_biomedsegfm
          ann_file: /anvil/projects/x-cis250950/converted_cvpr_biomedsegfm/annotations/unified_sam3_annotations/cvpr_train_all/train_all_US3D_US_RESECT_sam3_video.json
          coco_json_loader:
            _target_: sam3.train.data.coco_json_loaders.SAM3_VIDEO_API_FROM_JSON
            _partial_: true
        - _target_: sam3.train.data.sam3_video_dataset.VideoGroundingDataset
          transforms: ${medical_train.train_transforms}
          load_segmentation: ${scratch.enable_segmentation}
          max_ann_per_img: 500000
          multiplier: 1
          training: true
          use_all_frames_in_train: false
          allow_ptr_remap: true
          num_stages_sample: 8
          stage_stride_min: 1
          stage_stride_max: 1
          random_reverse_time_axis: false
          use_caching: false
          img_folder: /anvil/projects/x-cis250950/converted_cvpr_biomedsegfm
          ann_file: /anvil/projects/x-cis250950/converted_cvpr_biomedsegfm/annotations/unified_sam3_annotations/cvpr_train_all/train_all_US3D_US_SegThy_sam3_video.json
          coco_json_loader:
            _target_: sam3.train.data.coco_json_loaders.SAM3_VIDEO_API_FROM_JSON
            _partial_: true
      shuffle: true
      batch_size: ${scratch.train_batch_size}
      num_workers: ${scratch.num_train_workers}
      pin_memory: true
      drop_last: true
      collate_fn: ${scratch.collate_fn}
    val: null
  model:
    _target_: sam3.model_builder.build_sam3_video_model
    bpe_path: ${paths.bpe_path}
    matcher: ${scratch.matcher}
    device: cuda
    compile: false
    has_presence_token: true
    geo_encoder_use_img_cross_attn: true
    apply_temporal_disambiguation: true
    training_mode: true
    checkpoint_path: /anvil/projects/x-cis250950/sam3/experiments/sam3_stage0.pt
    load_from_HF: false
  meters: null
  optim:
    amp:
      enabled: true
      amp_dtype: bfloat16
    optimizer:
      _target_: torch.optim.AdamW
    gradient_clip:
      _target_: sam3.train.optim.optimizer.GradientClipper
      max_norm: 0.1
      norm_type: 2
    options:
      lr:
      - scheduler:
          _target_: sam3.train.optim.schedulers.InverseSquareRootParamScheduler
          base_lr: ${scratch.lr_decoder}
          timescale: 10
          warmup_steps: 100
          cooldown_steps: 50
        param_names:
        - detector.segmentation_head.*
        - detector.transformer.decoder.*
        - detector.dot_prod_scoring.*
        - tracker.sam_mask_decoder.*
      - scheduler:
          _target_: sam3.train.optim.schedulers.InverseSquareRootParamScheduler
          base_lr: ${scratch.lr_vision_backbone}
          timescale: 10
          warmup_steps: 100
          cooldown_steps: 50
        param_names:
        - detector.backbone.vision_backbone.*
        - tracker.maskmem_backbone.*
        layer_decay: ${scratch.lrd_vision_backbone}
      - scheduler:
          _target_: sam3.train.optim.schedulers.InverseSquareRootParamScheduler
          base_lr: ${scratch.lr_language_backbone}
          timescale: 10
          warmup_steps: 100
          cooldown_steps: 50
        param_names:
        - detector.backbone.language_backbone.*
      - scheduler:
          _target_: sam3.train.optim.schedulers.InverseSquareRootParamScheduler
          base_lr: ${scratch.lr_prompt_encoder}
          timescale: 10
          warmup_steps: 100
          cooldown_steps: 50
        param_names:
        - detector.geometry_encoder.*
      - scheduler:
          _target_: fvcore.common.param_scheduler.ConstantParamScheduler
          value: 1.0e-05
        param_names:
        - detector.transformer.encoder.*
        - tracker.transformer.encoder.*
      weight_decay:
      - scheduler:
          _target_: fvcore.common.param_scheduler.ConstantParamScheduler
          value: ${scratch.wd}
      - scheduler:
          _target_: fvcore.common.param_scheduler.ConstantParamScheduler
          value: 0.0
        param_names:
        - '*bias*'
        module_cls_names:
        - torch.nn.LayerNorm
  checkpoint:
    save_dir: ${launcher.experiment_log_dir}/checkpoints
    save_freq: 1
  logging:
    tensorboard_writer:
      _target_: sam3.train.utils.logger.make_tensorboard_logger
      log_dir: ${launcher.experiment_log_dir}/tensorboard
      flush_secs: 120
      should_log: true
    wandb_writer: null
    log_dir: ${launcher.experiment_log_dir}/logs
    log_freq: 50
launcher:
  num_nodes: 1
  gpus_per_node: 1
  experiment_log_dir: ${paths.experiment_log_dir}
  multiprocessing_context: forkserver
submitit:
  account: null
  partition: null
  qos: null
  timeout_hour: 24
  use_cluster: false
  cpus_per_task: 16
  port_range:
  - 10000
  - 65000

############################################################
Experiment Log Dir:
/anvil/projects/x-cis250950/sam3/experiments/medsam3_stage1_train_all_unified
INFO 2026-05-21 21:54:35,507 train_utils.py: 105: MACHINE SEED: 420
INFO 2026-05-21 21:54:36,091 train_utils.py: 151: Logging ENV_VARIABLES
INFO 2026-05-21 21:54:36,091 train_utils.py: 152: ALLOCATION=cis250950
APPTAINER_UNSHARE_IPC=1
BASH_FUNC_ml%%=() {  eval $($LMOD_DIR/ml_cmd "$@")
}
BASH_FUNC_module%%=() {  eval $($LMOD_CMD bash "$@") && eval $(${LMOD_SETTARG_CMD:-:} -s sh)
}
BASH_FUNC_which%%=() {  ( alias;
 eval ${which_declare} ) | /usr/bin/which --tty-only --read-alias --read-functions --show-tilde --show-dot $@
}
BROWSER=/home/x-tding2/.vscode-server/cli/servers/Stable-0958016b2af9f09bb4257e0df4a95e2f90590f9f/server/bin/helpers/browser.sh
BUNDLED_DEBUGPY_PATH=/home/x-tding2/.vscode-server/extensions/ms-python.debugpy-2026.6.0-linux-x64/bundled/libs/debugpy
CC=mpicc
CLAUDE_CODE_SSE_PORT=41712
CLUSTER_PROJECT=/anvil/projects/x-cis250950
CLUSTER_SCRATCH=/anvil/scratch/x-tding2
CLUSTER_WORK=/anvil/projects/x-cis250950
CMAKE_PREFIX_PATH=/apps/spack/anvil/apps/openmpi/4.0.6-gcc-11.2.0-3navcwb:/apps/spack/anvil/apps/numactl/2.0.14-gcc-11.2.0-wrjotmv:/apps/spack/anvil/apps/libfabric/1.12.0-gcc-8.4.1-xj6lmd4:/apps/spack/anvil/apps/gcc/11.2.0-gcc-8.4.1-qjtdkvs:/apps/spack/anvil/apps/zlib/1.2.11-gcc-11.2.0-g2guo73:/apps/spack/anvil/apps/mpc/1.1.0-gcc-8.4.1-dh4xij5:/apps/spack/anvil/apps/mpfr/4.0.2-gcc-11.2.0-ke4ellj:/apps/spack/anvil/apps/gmp/6.2.1-gcc-11.2.0-trpptvt
COLORTERM=truecolor
COMPILER_PATH=/apps/anvil/external/apps/xalt2/xalt/xalt/bin
CPATH=/apps/spack/anvil/apps/openmpi/4.0.6-gcc-11.2.0-3navcwb/include:/apps/spack/anvil/apps/numactl/2.0.14-gcc-11.2.0-wrjotmv/include:/apps/spack/anvil/apps/libfabric/1.12.0-gcc-8.4.1-xj6lmd4/include:/apps/spack/anvil/apps/gcc/11.2.0-gcc-8.4.1-qjtdkvs/include:/apps/spack/anvil/apps/zlib/1.2.11-gcc-11.2.0-g2guo73/include:/apps/spack/anvil/apps/mpc/1.1.0-gcc-8.4.1-dh4xij5/include:/apps/spack/anvil/apps/mpfr/4.0.2-gcc-11.2.0-ke4ellj/include:/apps/spack/anvil/apps/gmp/6.2.1-gcc-11.2.0-trpptvt/include
CUDA_MODULE_LOADING=LAZY
CUDA_VISIBLE_DEVICES=0,1,2,3
CXX=mpiCC
DEBUGINFOD_URLS=https://debuginfod.centos.org/ 
ENVIRONMENT=BATCH
F77=mpif77
F90=mpif90
F95=/apps/spack/anvil/apps/gcc/11.2.0-gcc-8.4.1-qjtdkvs/bin/gfortran
FC=mpif90
FPATH=/opt/lmod/lmod/init/ksh_funcs
GCC_HOME=/apps/spack/anvil/apps/gcc/11.2.0-gcc-8.4.1-qjtdkvs
GEMINI_CLI_IDE_AUTH_TOKEN=27243a3e-e2f6-4df0-a8a7-601621932645
GEMINI_CLI_IDE_SERVER_PORT=32995
GEMINI_CLI_IDE_WORKSPACE_PATH=/anvil/projects/x-cis250950
GIT_ASKPASS=/home/x-tding2/.vscode-server/cli/servers/Stable-0958016b2af9f09bb4257e0df4a95e2f90590f9f/server/extensions/git/dist/askpass.sh
GMP_HOME=/apps/spack/anvil/apps/gmp/6.2.1-gcc-11.2.0-trpptvt
GPU_DEVICE_ORDINAL=0,1,2,3
HISTCONTROL=ignoredups
HISTSIZE=1000
HOME=/home/x-tding2
HOSTNAME=h017
HYDRA_BOOTSTRAP=slurm
HYDRA_FULL_ERROR=1
HYDRA_LAUNCHER_EXTRA_ARGS=--external-launcher
I_MPI_HYDRA_BOOTSTRAP=slurm
I_MPI_HYDRA_BOOTSTRAP_EXEC_EXTRA_ARGS=--external-launcher
LANG=en_US.UTF-8
LD_LIBRARY_PATH=/apps/spack/anvil/apps/openmpi/4.0.6-gcc-11.2.0-3navcwb/lib:/apps/spack/anvil/apps/numactl/2.0.14-gcc-11.2.0-wrjotmv/lib:/apps/spack/anvil/apps/libfabric/1.12.0-gcc-8.4.1-xj6lmd4/lib:/apps/spack/anvil/apps/gcc/11.2.0-gcc-8.4.1-qjtdkvs/lib64:/apps/spack/anvil/apps/gcc/11.2.0-gcc-8.4.1-qjtdkvs/lib:/apps/spack/anvil/apps/zlib/1.2.11-gcc-11.2.0-g2guo73/lib:/apps/spack/anvil/apps/mpc/1.1.0-gcc-8.4.1-dh4xij5/lib:/apps/spack/anvil/apps/mpfr/4.0.2-gcc-11.2.0-ke4ellj/lib:/apps/spack/anvil/apps/gmp/6.2.1-gcc-11.2.0-trpptvt/lib
LD_PRELOAD=/apps/anvil/external/apps/xalt2/xalt/xalt/lib64/libxalt_init.so
LESSOPEN=||/usr/bin/lesspipe.sh %s
LIBFABRIC_HOME=/apps/spack/anvil/apps/libfabric/1.12.0-gcc-8.4.1-xj6lmd4
LIBRARY_PATH=/apps/spack/anvil/apps/openmpi/4.0.6-gcc-11.2.0-3navcwb/lib:/apps/spack/anvil/apps/numactl/2.0.14-gcc-11.2.0-wrjotmv/lib:/apps/spack/anvil/apps/libfabric/1.12.0-gcc-8.4.1-xj6lmd4/lib:/apps/spack/anvil/apps/gcc/11.2.0-gcc-8.4.1-qjtdkvs/lib64:/apps/spack/anvil/apps/gcc/11.2.0-gcc-8.4.1-qjtdkvs/lib:/apps/spack/anvil/apps/zlib/1.2.11-gcc-11.2.0-g2guo73/lib:/apps/spack/anvil/apps/mpc/1.1.0-gcc-8.4.1-dh4xij5/lib:/apps/spack/anvil/apps/mpfr/4.0.2-gcc-11.2.0-ke4ellj/lib:/apps/spack/anvil/apps/gmp/6.2.1-gcc-11.2.0-trpptvt/lib
LMOD_ADMIN_FILE=/opt/lmod/lmod/admin.list
LMOD_AVAIL_STYLE=grouped:system
LMOD_CMD=/opt/lmod/lmod/libexec/lmod
LMOD_DIR=/opt/lmod/lmod/libexec
LMOD_FAMILY_COMPILER=gcc
LMOD_FAMILY_COMPILER_VERSION=11.2.0
LMOD_FAMILY_MPI=openmpi
LMOD_FAMILY_MPI_VERSION=4.0.6
LMOD_MPI_NAME=openmpi
LMOD_MPI_VERSION=4.0.6-3navcwb
LMOD_PKG=/opt/lmod/lmod
LMOD_ROOT=/opt/lmod
LMOD_SETTARG_FULL_SUPPORT=no
LMOD_SYSTEM_DEFAULT_MODULES=modtree/cpu
LMOD_VERSION=8.5.20
LOADEDMODULES=gmp/6.2.1:mpfr/4.0.2:mpc/1.1.0:zlib/1.2.11:gcc/11.2.0:libfabric/1.12.0:numactl/2.0.14:openmpi/4.0.6:xalt/2.10.45:modtree/cpu
LOCAL_RANK=0
LOGNAME=x-tding2
LS_COLORS=rs=0:di=38;5;33:ln=38;5;51:mh=00:pi=40;38;5;11:so=38;5;13:do=38;5;5:bd=48;5;232;38;5;11:cd=48;5;232;38;5;3:or=48;5;232;38;5;9:mi=01;05;37;41:su=48;5;196;38;5;15:sg=48;5;11;38;5;16:ca=48;5;196;38;5;226:tw=48;5;10;38;5;16:ow=48;5;10;38;5;21:st=48;5;21;38;5;15:ex=38;5;40:*.tar=38;5;9:*.tgz=38;5;9:*.arc=38;5;9:*.arj=38;5;9:*.taz=38;5;9:*.lha=38;5;9:*.lz4=38;5;9:*.lzh=38;5;9:*.lzma=38;5;9:*.tlz=38;5;9:*.txz=38;5;9:*.tzo=38;5;9:*.t7z=38;5;9:*.zip=38;5;9:*.z=38;5;9:*.dz=38;5;9:*.gz=38;5;9:*.lrz=38;5;9:*.lz=38;5;9:*.lzo=38;5;9:*.xz=38;5;9:*.zst=38;5;9:*.tzst=38;5;9:*.bz2=38;5;9:*.bz=38;5;9:*.tbz=38;5;9:*.tbz2=38;5;9:*.tz=38;5;9:*.deb=38;5;9:*.rpm=38;5;9:*.jar=38;5;9:*.war=38;5;9:*.ear=38;5;9:*.sar=38;5;9:*.rar=38;5;9:*.alz=38;5;9:*.ace=38;5;9:*.zoo=38;5;9:*.cpio=38;5;9:*.7z=38;5;9:*.rz=38;5;9:*.cab=38;5;9:*.wim=38;5;9:*.swm=38;5;9:*.dwm=38;5;9:*.esd=38;5;9:*.jpg=38;5;13:*.jpeg=38;5;13:*.mjpg=38;5;13:*.mjpeg=38;5;13:*.gif=38;5;13:*.bmp=38;5;13:*.pbm=38;5;13:*.pgm=38;5;13:*.ppm=38;5;13:*.tga=38;5;13:*.xbm=38;5;13:*.xpm=38;5;13:*.tif=38;5;13:*.tiff=38;5;13:*.png=38;5;13:*.svg=38;5;13:*.svgz=38;5;13:*.mng=38;5;13:*.pcx=38;5;13:*.mov=38;5;13:*.mpg=38;5;13:*.mpeg=38;5;13:*.m2v=38;5;13:*.mkv=38;5;13:*.webm=38;5;13:*.ogm=38;5;13:*.mp4=38;5;13:*.m4v=38;5;13:*.mp4v=38;5;13:*.vob=38;5;13:*.qt=38;5;13:*.nuv=38;5;13:*.wmv=38;5;13:*.asf=38;5;13:*.rm=38;5;13:*.rmvb=38;5;13:*.flc=38;5;13:*.avi=38;5;13:*.fli=38;5;13:*.flv=38;5;13:*.gl=38;5;13:*.dl=38;5;13:*.xcf=38;5;13:*.xwd=38;5;13:*.yuv=38;5;13:*.cgm=38;5;13:*.emf=38;5;13:*.ogv=38;5;13:*.ogx=38;5;13:*.aac=38;5;45:*.au=38;5;45:*.flac=38;5;45:*.m4a=38;5;45:*.mid=38;5;45:*.midi=38;5;45:*.mka=38;5;45:*.mp3=38;5;45:*.mpc=38;5;45:*.ogg=38;5;45:*.ra=38;5;45:*.wav=38;5;45:*.oga=38;5;45:*.opus=38;5;45:*.spx=38;5;45:*.xspf=38;5;45:
MAIL=/var/spool/mail/x-tding2
MANPATH=::/apps/spack/anvil/apps/openmpi/4.0.6-gcc-11.2.0-3navcwb/share/man:/apps/spack/anvil/apps/numactl/2.0.14-gcc-11.2.0-wrjotmv/share/man:/apps/spack/anvil/apps/libfabric/1.12.0-gcc-8.4.1-xj6lmd4/share/man:/apps/spack/anvil/apps/gcc/11.2.0-gcc-8.4.1-qjtdkvs/share/man:/apps/spack/anvil/apps/zlib/1.2.11-gcc-11.2.0-g2guo73/share/man::/opt/puppetlabs/puppet/share/man:/opt/thinlinc/share/man
MASTER_ADDR=localhost
MASTER_PORT=56203
MODULEPATH=/opt/spack/cpu-20211007/openmpi/4.0.6-3navcwb/gcc/11.2.0:/opt/spack/cpu-20211007/gcc/11.2.0:/opt/spack/cpu/Core
MODULEPATH_ROOT=/opt/spack/cpu
MODULESHOME=/opt/lmod/lmod
MPC_HOME=/apps/spack/anvil/apps/mpc/1.1.0-gcc-8.4.1-dh4xij5
MPFR_HOME=/apps/spack/anvil/apps/mpfr/4.0.2-gcc-11.2.0-ke4ellj
MPICC=/apps/spack/anvil/apps/openmpi/4.0.6-gcc-11.2.0-3navcwb/bin/mpicc
MPICXX=/apps/spack/anvil/apps/openmpi/4.0.6-gcc-11.2.0-3navcwb/bin/mpic++
MPIF77=/apps/spack/anvil/apps/openmpi/4.0.6-gcc-11.2.0-3navcwb/bin/mpif77
MPIF90=/apps/spack/anvil/apps/openmpi/4.0.6-gcc-11.2.0-3navcwb/bin/mpif90
MPI_HOME=/apps/spack/anvil/apps/openmpi/4.0.6-gcc-11.2.0-3navcwb
NETDATA_CACHE_DIR=/var/cache/netdata
NETDATA_STOCK_CONFIG_DIR=/usr/lib/netdata/conf.d
NETDATA_USER_CONFIG_DIR=/etc/netdata
NETDATA_VARLIB_DIR=/var/lib/netdata
NUMACTL_HOME=/apps/spack/anvil/apps/numactl/2.0.14-gcc-11.2.0-wrjotmv
OLDPWD=/anvil/projects/x-cis250950
OMPI_MCA_btl=^vader,tcp,openib,uct
OMPI_MCA_btl_openib_warn_default_gid_prefix=0
OMPI_MCA_btl_openib_warn_no_device_params_found=0
OMPI_MCA_btl_openib_warn_nonexistent_if=0
OMPI_MCA_coll_hcoll_enable=0
OMPI_MCA_hwloc_base_binding_policy=core
OMPI_MCA_oob_tcp_if_include=ib0
OMPI_MCA_osc=ucx
OMPI_MCA_plm_slurm_args=--external-launcher
OMPI_MCA_pml=ucx
OMPI_MCA_rmaps_base_mapping_policy=core
OMPI_MCA_spml=ucx
OPENMPI_HOME=/apps/spack/anvil/apps/openmpi/4.0.6-gcc-11.2.0-3navcwb
PATH=/home/x-tding2/.vscode-server/data/User/globalStorage/github.copilot-chat/debugCommand:/home/x-tding2/.vscode-server/data/User/globalStorage/github.copilot-chat/copilotCli:/home/x-tding2/.vscode-server/cli/servers/Stable-0958016b2af9f09bb4257e0df4a95e2f90590f9f/server/bin/remote-cli:/apps/anvil/external/apps/xalt2/xalt/xalt/bin:/apps/spack/anvil/apps/openmpi/4.0.6-gcc-11.2.0-3navcwb/bin:/apps/spack/anvil/apps/numactl/2.0.14-gcc-11.2.0-wrjotmv/bin:/apps/spack/anvil/apps/libfabric/1.12.0-gcc-8.4.1-xj6lmd4/bin:/apps/spack/anvil/apps/gcc/11.2.0-gcc-8.4.1-qjtdkvs/bin:/home/x-tding2/bin:/home/x-tding2/.local/bin:/usr/libexec/gsissh/bin:/usr/local/bin:/usr/bin:/usr/local/sbin:/usr/sbin:/opt/puppetlabs/bin:/usr/site/rcac/sbin:/usr/site/rcac/bin:/usr/site/rcac/scripts:/opt/thinlinc/bin:/opt/thinlinc/sbin:/home/x-tding2/.vscode-server/extensions/ms-python.debugpy-2026.6.0-linux-x64/bundled/scripts/noConfigScripts:/anvil/projects/x-cis250950/tding/envs/sam3/lib/python3.12/site-packages/decord:/anvil/projects/x-cis250950/tding/envs/sam3/lib/python3.12/site-packages/decord
PDSH_RCMD_TYPE=ssh
PKG_CONFIG_PATH=/apps/spack/anvil/apps/openmpi/4.0.6-gcc-11.2.0-3navcwb/lib/pkgconfig:/apps/spack/anvil/apps/numactl/2.0.14-gcc-11.2.0-wrjotmv/lib/pkgconfig:/apps/spack/anvil/apps/libfabric/1.12.0-gcc-8.4.1-xj6lmd4/lib/pkgconfig:/apps/spack/anvil/apps/zlib/1.2.11-gcc-11.2.0-g2guo73/lib/pkgconfig:/apps/spack/anvil/apps/mpfr/4.0.2-gcc-11.2.0-ke4ellj/lib/pkgconfig:/apps/spack/anvil/apps/gmp/6.2.1-gcc-11.2.0-trpptvt/lib/pkgconfig
PROJECT=/anvil/projects/x-cis250950
PRTE_MCA_plm_slurm_args=--external-launcher
PWD=/anvil/projects/x-cis250950/sam3
PYDEVD_DISABLE_FILE_VALIDATION=1
PYTHONSTARTUP=/home/x-tding2/.vscode-server/data/User/workspaceStorage/93a2482921e5c36387a7d662652f3cd4/ms-python.python/pythonrc.py
PYTHON_BASIC_REPL=1
RANK=0
RCAC_CLUSTER=anvil
RCAC_CLUSTER_DOMAIN=rcac.purdue.edu
RCAC_GCC_ROOT=/apps/spack/anvil/apps/gcc/11.2.0-gcc-8.4.1-qjtdkvs
RCAC_GCC_VERSION=11.2.0
RCAC_GMP_ROOT=/apps/spack/anvil/apps/gmp/6.2.1-gcc-11.2.0-trpptvt
RCAC_GMP_VERSION=6.2.1
RCAC_LIBFABRIC_ROOT=/apps/spack/anvil/apps/libfabric/1.12.0-gcc-8.4.1-xj6lmd4
RCAC_LIBFABRIC_VERSION=1.12.0
RCAC_MPC_ROOT=/apps/spack/anvil/apps/mpc/1.1.0-gcc-8.4.1-dh4xij5
RCAC_MPC_VERSION=1.1.0
RCAC_MPFR_ROOT=/apps/spack/anvil/apps/mpfr/4.0.2-gcc-11.2.0-ke4ellj
RCAC_MPFR_VERSION=4.0.2
RCAC_NUMACTL_ROOT=/apps/spack/anvil/apps/numactl/2.0.14-gcc-11.2.0-wrjotmv
RCAC_NUMACTL_VERSION=2.0.14
RCAC_OPENMPI_ROOT=/apps/spack/anvil/apps/openmpi/4.0.6-gcc-11.2.0-3navcwb
RCAC_OPENMPI_VERSION=4.0.6
RCAC_PROJECT=/anvil/projects/x-cis250950
RCAC_SCRATCH=/anvil/scratch/x-tding2
RCAC_SPACK_MODROOT=/opt/spack/cpu
RCAC_WORK=/anvil/projects/x-cis250950
RCAC_ZLIB_ROOT=/apps/spack/anvil/apps/zlib/1.2.11-gcc-11.2.0-g2guo73
RCAC_ZLIB_VERSION=1.2.11
ROCR_VISIBLE_DEVICES=0,1,2,3
SBATCH_IGNORE_PBS=yes
SCRATCH=/anvil/scratch/x-tding2
SHELL=/bin/bash
SHLVL=6
SLURMD_NODENAME=h017
SLURM_CLUSTER_NAME=anvil
SLURM_CONF=/var/spool/slurm/conf-cache/slurm.conf
SLURM_CPUS_ON_NODE=64
SLURM_CPUS_PER_TASK=16
SLURM_GPUS_ON_NODE=4
SLURM_GPUS_PER_NODE=4
SLURM_GTIDS=0
SLURM_JOBID=17590658
SLURM_JOB_ACCOUNT=cis250950-ai
SLURM_JOB_CPUS_PER_NODE=64
SLURM_JOB_END_TIME=1779500620
SLURM_JOB_GID=7009135
SLURM_JOB_GPUS=0,1,2,3
SLURM_JOB_ID=17590658
SLURM_JOB_NAME=medsam3_stage1
SLURM_JOB_NODELIST=h017
SLURM_JOB_NUM_NODES=1
SLURM_JOB_PARTITION=ai
SLURM_JOB_QOS=ai
SLURM_JOB_START_TIME=1779414220
SLURM_JOB_UID=7961171
SLURM_JOB_USER=x-tding2
SLURM_LOCALID=0
SLURM_NNODES=1
SLURM_NODEID=0
SLURM_NODELIST=h017
SLURM_NPROCS=4
SLURM_NTASKS=4
SLURM_NTASKS_PER_NODE=4
SLURM_OOM_KILL_STEP=0
SLURM_PRIO_PROCESS=0
SLURM_PROCID=0
SLURM_SCRIPT_CONTEXT=prolog_task
SLURM_SUBMIT_DIR=/anvil/projects/x-cis250950
SLURM_SUBMIT_HOST=login02.anvil.rcac.purdue.edu
SLURM_TASKS_PER_NODE=4
SLURM_TASK_PID=1619370
SLURM_TOPOLOGY_ADDR=ibsw[23-32].ibsw35.h017
SLURM_TOPOLOGY_ADDR_PATTERN=switch.switch.node
SLURM_TRES_PER_TASK=cpu=16
SQUEUE_FORMAT=%12i %14u %13a %16j %.5D %.6C %.11l %.2t %M
SSH_ASKPASS=/usr/libexec/openssh/gnome-ssh-askpass
SSH_CLIENT=208.64.158.49 7578 22
SSH_CONNECTION=208.64.158.49 7578 128.211.133.142 22
TERM=xterm-256color
TERM_PROGRAM=vscode
TERM_PROGRAM_VERSION=1.120.0
TMPDIR=/tmp
TOKENIZERS_PARALLELISM=false
TORCH_NCCL_ASYNC_ERROR_HANDLING=1
UCX_NET_DEVICES=mlx5_0:1
UCX_PROTO_ENABLE=n
USER=x-tding2
VSCODE_DEBUGPY_ADAPTER_ENDPOINTS=/home/x-tding2/.vscode-server/extensions/ms-python.debugpy-2026.6.0-linux-x64/.noConfigDebugAdapterEndpoints/endpoint-8dc69a66a5d1e4a6.txt
VSCODE_GIT_ASKPASS_EXTRA_ARGS=
VSCODE_GIT_ASKPASS_MAIN=/home/x-tding2/.vscode-server/cli/servers/Stable-0958016b2af9f09bb4257e0df4a95e2f90590f9f/server/extensions/git/dist/askpass-main.js
VSCODE_GIT_ASKPASS_NODE=/home/x-tding2/.vscode-server/cli/servers/Stable-0958016b2af9f09bb4257e0df4a95e2f90590f9f/server/node
VSCODE_GIT_IPC_HANDLE=/run/user/7961171/vscode-git-6f5a9edd5d.sock
VSCODE_IPC_HOOK_CLI=/run/user/7961171/vscode-ipc-d59ce39a-7abf-4e8b-bc75-48c700d0919c.sock
VSCODE_PYTHON_AUTOACTIVATE_GUARD=1
WORK=/anvil/projects/x-cis250950
WORLD_SIZE=4
XALT_DIR=/apps/anvil/external/apps/xalt2/xalt/xalt
XALT_EXECUTABLE_TRACKING=yes
XALT_SAMPLING=yes
XDG_SESSION_ID=143153
ZE_AFFINITY_MASK=0,1,2,3
ZLIB_HOME=/apps/spack/anvil/apps/zlib/1.2.11-gcc-11.2.0-g2guo73
_=/anvil/projects/x-cis250950/tding/envs/sam3/bin/python
_LMFILES_=/opt/spack/cpu-20211007/gcc/11.2.0/gmp/6.2.1.lua:/opt/spack/cpu-20211007/gcc/11.2.0/mpfr/4.0.2.lua:/opt/spack/cpu/Core/mpc/1.1.0.lua:/opt/spack/cpu-20211007/gcc/11.2.0/zlib/1.2.11.lua:/opt/spack/cpu/Core/gcc/11.2.0.lua:/opt/spack/cpu/Core/libfabric/1.12.0.lua:/opt/spack/cpu-20211007/gcc/11.2.0/numactl/2.0.14.lua:/opt/spack/cpu-20211007/gcc/11.2.0/openmpi/4.0.6.lua:/opt/spack/cpu/Core/xalt/2.10.45.lua:/opt/spack/cpu/Core/modtree/cpu.lua
_ModuleTable001_=X01vZHVsZVRhYmxlXyA9IHsKTVR2ZXJzaW9uID0gMywKY19yZWJ1aWxkVGltZSA9IGZhbHNlLApjX3Nob3J0VGltZSA9IGZhbHNlLApkZXB0aFQgPSB7fSwKZmFtaWx5ID0gewpjb21waWxlciA9ICJnY2MiLAptcGkgPSAib3Blbm1waSIsCn0sCm1UID0gewpnY2MgPSB7CmZuID0gIi9vcHQvc3BhY2svY3B1L0NvcmUvZ2NjLzExLjIuMC5sdWEiLApmdWxsTmFtZSA9ICJnY2MvMTEuMi4wIiwKbG9hZE9yZGVyID0gNSwKcHJvcFQgPSB7fSwKc3RhY2tEZXB0aCA9IDEsCnN0YXR1cyA9ICJhY3RpdmUiLAp1c2VyTmFtZSA9ICJnY2MvMTEuMi4wIiwKd1YgPSAiXjAwMDAwMDExLjAwMDAwMDAwMi4qemZpbmFsIiwKfSwKZ21wID0gewpmbiA9ICIvb3B0L3NwYWNrL2NwdS0yMDIxMTAw
_ModuleTable002_=Ny9nY2MvMTEuMi4wL2dtcC82LjIuMS5sdWEiLApmdWxsTmFtZSA9ICJnbXAvNi4yLjEiLApsb2FkT3JkZXIgPSAxLApwcm9wVCA9IHt9LApyZWZfY291bnQgPSAzLApzdGFja0RlcHRoID0gMiwKc3RhdHVzID0gImFjdGl2ZSIsCnVzZXJOYW1lID0gImdtcC82LjIuMSIsCndWID0gIjAwMDAwMDAwNi4wMDAwMDAwMDIuMDAwMDAwMDAxLip6ZmluYWwiLAp9LApsaWJmYWJyaWMgPSB7CmZuID0gIi9vcHQvc3BhY2svY3B1L0NvcmUvbGliZmFicmljLzEuMTIuMC5sdWEiLApmdWxsTmFtZSA9ICJsaWJmYWJyaWMvMS4xMi4wIiwKbG9hZE9yZGVyID0gNiwKcHJvcFQgPSB7fSwKcmVmX2NvdW50ID0gMSwKc3RhY2tEZXB0aCA9IDIsCnN0YXR1cyA9ICJhY3RpdmUiLAp1c2VyTmFtZSA9
_ModuleTable003_=ICJsaWJmYWJyaWMvMS4xMi4wIiwKd1YgPSAiMDAwMDAwMDAxLjAwMDAwMDAxMi4qemZpbmFsIiwKfSwKbW9kdHJlZSA9IHsKZm4gPSAiL29wdC9zcGFjay9jcHUvQ29yZS9tb2R0cmVlL2NwdS5sdWEiLApmdWxsTmFtZSA9ICJtb2R0cmVlL2NwdSIsCmxvYWRPcmRlciA9IDEwLApwcm9wVCA9IHt9LApzdGFja0RlcHRoID0gMCwKc3RhdHVzID0gImFjdGl2ZSIsCnVzZXJOYW1lID0gIm1vZHRyZWUvY3B1IiwKd1YgPSAiKmNwdS4qemZpbmFsIiwKfSwKbXBjID0gewpmbiA9ICIvb3B0L3NwYWNrL2NwdS9Db3JlL21wYy8xLjEuMC5sdWEiLApmdWxsTmFtZSA9ICJtcGMvMS4xLjAiLApsb2FkT3JkZXIgPSAzLApwcm9wVCA9IHt9LApyZWZfY291bnQgPSAxLApzdGFja0RlcHRoID0g
_ModuleTable004_=MiwKc3RhdHVzID0gImFjdGl2ZSIsCnVzZXJOYW1lID0gIm1wYy8xLjEuMCIsCndWID0gIjAwMDAwMDAwMS4wMDAwMDAwMDEuKnpmaW5hbCIsCn0sCm1wZnIgPSB7CmZuID0gIi9vcHQvc3BhY2svY3B1LTIwMjExMDA3L2djYy8xMS4yLjAvbXBmci80LjAuMi5sdWEiLApmdWxsTmFtZSA9ICJtcGZyLzQuMC4yIiwKbG9hZE9yZGVyID0gMiwKcHJvcFQgPSB7fSwKcmVmX2NvdW50ID0gMiwKc3RhY2tEZXB0aCA9IDMsCnN0YXR1cyA9ICJhY3RpdmUiLAp1c2VyTmFtZSA9ICJtcGZyLzQuMC4yIiwKd1YgPSAiMDAwMDAwMDA0LjAwMDAwMDAwMC4wMDAwMDAwMDIuKnpmaW5hbCIsCn0sCm51bWFjdGwgPSB7CmZuID0gIi9vcHQvc3BhY2svY3B1LTIwMjExMDA3L2djYy8xMS4yLjAvbnVt
_ModuleTable005_=YWN0bC8yLjAuMTQubHVhIiwKZnVsbE5hbWUgPSAibnVtYWN0bC8yLjAuMTQiLApsb2FkT3JkZXIgPSA3LApwcm9wVCA9IHt9LApyZWZfY291bnQgPSAxLApzdGFja0RlcHRoID0gMiwKc3RhdHVzID0gImFjdGl2ZSIsCnVzZXJOYW1lID0gIm51bWFjdGwvMi4wLjE0IiwKd1YgPSAiMDAwMDAwMDAyLjAwMDAwMDAwMC4wMDAwMDAwMTQuKnpmaW5hbCIsCn0sCm9wZW5tcGkgPSB7CmZuID0gIi9vcHQvc3BhY2svY3B1LTIwMjExMDA3L2djYy8xMS4yLjAvb3Blbm1waS80LjAuNi5sdWEiLApmdWxsTmFtZSA9ICJvcGVubXBpLzQuMC42IiwKbG9hZE9yZGVyID0gOCwKcHJvcFQgPSB7fSwKc3RhY2tEZXB0aCA9IDEsCnN0YXR1cyA9ICJhY3RpdmUiLAp1c2VyTmFtZSA9ICJvcGVubXBp
_ModuleTable006_=LzQuMC42IiwKd1YgPSAiXjAwMDAwMDA0LjAwMDAwMDAwMC4wMDAwMDAwMDYuKnpmaW5hbCIsCn0sCnhhbHQgPSB7CmZuID0gIi9vcHQvc3BhY2svY3B1L0NvcmUveGFsdC8yLjEwLjQ1Lmx1YSIsCmZ1bGxOYW1lID0gInhhbHQvMi4xMC40NSIsCmxvYWRPcmRlciA9IDksCnByb3BUID0gewpsbW9kID0gewpzdGlja3kgPSAxLAp9LAp9LApzdGFja0RlcHRoID0gMSwKc3RhdHVzID0gImFjdGl2ZSIsCnVzZXJOYW1lID0gInhhbHQiLAp3ViA9ICIwMDAwMDAwMDIuMDAwMDAwMDEwLjAwMDAwMDA0NS4qemZpbmFsIiwKfSwKemxpYiA9IHsKZm4gPSAiL29wdC9zcGFjay9jcHUtMjAyMTEwMDcvZ2NjLzExLjIuMC96bGliLzEuMi4xMS5sdWEiLApmdWxsTmFtZSA9ICJ6bGliLzEuMi4x
_ModuleTable007_=MSIsCmxvYWRPcmRlciA9IDQsCnByb3BUID0ge30sCnJlZl9jb3VudCA9IDIsCnN0YWNrRGVwdGggPSAyLApzdGF0dXMgPSAiYWN0aXZlIiwKdXNlck5hbWUgPSAiemxpYi8xLjIuMTEiLAp3ViA9ICIwMDAwMDAwMDEuMDAwMDAwMDAyLjAwMDAwMDAxMS4qemZpbmFsIiwKfSwKfSwKbXBhdGhBID0gewoiL29wdC9zcGFjay9jcHUtMjAyMTEwMDcvb3Blbm1waS80LjAuNi0zbmF2Y3diL2djYy8xMS4yLjAiLCAiL29wdC9zcGFjay9jcHUtMjAyMTEwMDcvZ2NjLzExLjIuMCIsICIvb3B0L3NwYWNrL2NwdS9Db3JlIiwKfSwKc3lzdGVtQmFzZU1QQVRIID0gIi9vcHQvc3BhY2svY3B1L0NvcmUiLAp9Cg==
_ModuleTable_Sz_=7
__Init_Default_Modules=1
__LMOD_Priority_PATH=/apps/anvil/external/apps/xalt2/xalt/xalt/bin:-100
__LMOD_REF_COUNT_CMAKE_PREFIX_PATH=/apps/spack/anvil/apps/openmpi/4.0.6-gcc-11.2.0-3navcwb:1;/apps/spack/anvil/apps/numactl/2.0.14-gcc-11.2.0-wrjotmv:1;/apps/spack/anvil/apps/libfabric/1.12.0-gcc-8.4.1-xj6lmd4:1;/apps/spack/anvil/apps/gcc/11.2.0-gcc-8.4.1-qjtdkvs:1;/apps/spack/anvil/apps/zlib/1.2.11-gcc-11.2.0-g2guo73:1;/apps/spack/anvil/apps/mpc/1.1.0-gcc-8.4.1-dh4xij5:1;/apps/spack/anvil/apps/mpfr/4.0.2-gcc-11.2.0-ke4ellj:1;/apps/spack/anvil/apps/gmp/6.2.1-gcc-11.2.0-trpptvt:1
__LMOD_REF_COUNT_COMPILER_PATH=/apps/anvil/external/apps/xalt2/xalt/xalt/bin:1
__LMOD_REF_COUNT_CPATH=/apps/spack/anvil/apps/openmpi/4.0.6-gcc-11.2.0-3navcwb/include:1;/apps/spack/anvil/apps/numactl/2.0.14-gcc-11.2.0-wrjotmv/include:1;/apps/spack/anvil/apps/libfabric/1.12.0-gcc-8.4.1-xj6lmd4/include:1;/apps/spack/anvil/apps/gcc/11.2.0-gcc-8.4.1-qjtdkvs/include:1;/apps/spack/anvil/apps/zlib/1.2.11-gcc-11.2.0-g2guo73/include:1;/apps/spack/anvil/apps/mpc/1.1.0-gcc-8.4.1-dh4xij5/include:1;/apps/spack/anvil/apps/mpfr/4.0.2-gcc-11.2.0-ke4ellj/include:1;/apps/spack/anvil/apps/gmp/6.2.1-gcc-11.2.0-trpptvt/include:1
__LMOD_REF_COUNT_LD_LIBRARY_PATH=/apps/spack/anvil/apps/openmpi/4.0.6-gcc-11.2.0-3navcwb/lib:1;/apps/spack/anvil/apps/numactl/2.0.14-gcc-11.2.0-wrjotmv/lib:1;/apps/spack/anvil/apps/libfabric/1.12.0-gcc-8.4.1-xj6lmd4/lib:1;/apps/spack/anvil/apps/gcc/11.2.0-gcc-8.4.1-qjtdkvs/lib64:1;/apps/spack/anvil/apps/gcc/11.2.0-gcc-8.4.1-qjtdkvs/lib:1;/apps/spack/anvil/apps/zlib/1.2.11-gcc-11.2.0-g2guo73/lib:1;/apps/spack/anvil/apps/mpc/1.1.0-gcc-8.4.1-dh4xij5/lib:1;/apps/spack/anvil/apps/mpfr/4.0.2-gcc-11.2.0-ke4ellj/lib:1;/apps/spack/anvil/apps/gmp/6.2.1-gcc-11.2.0-trpptvt/lib:1
__LMOD_REF_COUNT_LD_PRELOAD=/apps/anvil/external/apps/xalt2/xalt/xalt/lib64/libxalt_init.so:1
__LMOD_REF_COUNT_LIBRARY_PATH=/apps/spack/anvil/apps/openmpi/4.0.6-gcc-11.2.0-3navcwb/lib:1;/apps/spack/anvil/apps/numactl/2.0.14-gcc-11.2.0-wrjotmv/lib:1;/apps/spack/anvil/apps/libfabric/1.12.0-gcc-8.4.1-xj6lmd4/lib:1;/apps/spack/anvil/apps/gcc/11.2.0-gcc-8.4.1-qjtdkvs/lib64:1;/apps/spack/anvil/apps/gcc/11.2.0-gcc-8.4.1-qjtdkvs/lib:1;/apps/spack/anvil/apps/zlib/1.2.11-gcc-11.2.0-g2guo73/lib:1;/apps/spack/anvil/apps/mpc/1.1.0-gcc-8.4.1-dh4xij5/lib:1;/apps/spack/anvil/apps/mpfr/4.0.2-gcc-11.2.0-ke4ellj/lib:1;/apps/spack/anvil/apps/gmp/6.2.1-gcc-11.2.0-trpptvt/lib:1
__LMOD_REF_COUNT_LOADEDMODULES=gmp/6.2.1:1;mpfr/4.0.2:1;mpc/1.1.0:1;zlib/1.2.11:1;gcc/11.2.0:1;libfabric/1.12.0:1;numactl/2.0.14:1;openmpi/4.0.6:1;xalt/2.10.45:1;modtree/cpu:1
__LMOD_REF_COUNT_MANPATH=/apps/spack/anvil/apps/openmpi/4.0.6-gcc-11.2.0-3navcwb/share/man:1;/apps/spack/anvil/apps/numactl/2.0.14-gcc-11.2.0-wrjotmv/share/man:1;/apps/spack/anvil/apps/libfabric/1.12.0-gcc-8.4.1-xj6lmd4/share/man:1;/apps/spack/anvil/apps/gcc/11.2.0-gcc-8.4.1-qjtdkvs/share/man:1;/apps/spack/anvil/apps/zlib/1.2.11-gcc-11.2.0-g2guo73/share/man:1;/opt/puppetlabs/puppet/share/man:1;/opt/thinlinc/share/man:1
__LMOD_REF_COUNT_MODULEPATH=/opt/spack/cpu-20211007/openmpi/4.0.6-3navcwb/gcc/11.2.0:1;/opt/spack/cpu-20211007/gcc/11.2.0:1;/opt/spack/cpu/Core:1
__LMOD_REF_COUNT_PATH=/apps/anvil/external/apps/xalt2/xalt/xalt/bin:1;/apps/spack/anvil/apps/openmpi/4.0.6-gcc-11.2.0-3navcwb/bin:1;/apps/spack/anvil/apps/numactl/2.0.14-gcc-11.2.0-wrjotmv/bin:1;/apps/spack/anvil/apps/libfabric/1.12.0-gcc-8.4.1-xj6lmd4/bin:1;/apps/spack/anvil/apps/gcc/11.2.0-gcc-8.4.1-qjtdkvs/bin:1;/home/x-tding2/bin:1;/home/x-tding2/.local/bin:1;/usr/libexec/gsissh/bin:1;/usr/local/bin:1;/usr/bin:1;/usr/local/sbin:1;/usr/sbin:1;/opt/puppetlabs/bin:1;/usr/site/rcac/sbin:1;/usr/site/rcac/bin:1;/usr/site/rcac/scripts:1;/opt/thinlinc/bin:1;/opt/thinlinc/sbin:1
__LMOD_REF_COUNT_PKG_CONFIG_PATH=/apps/spack/anvil/apps/openmpi/4.0.6-gcc-11.2.0-3navcwb/lib/pkgconfig:1;/apps/spack/anvil/apps/numactl/2.0.14-gcc-11.2.0-wrjotmv/lib/pkgconfig:1;/apps/spack/anvil/apps/libfabric/1.12.0-gcc-8.4.1-xj6lmd4/lib/pkgconfig:1;/apps/spack/anvil/apps/zlib/1.2.11-gcc-11.2.0-g2guo73/lib/pkgconfig:1;/apps/spack/anvil/apps/mpfr/4.0.2-gcc-11.2.0-ke4ellj/lib/pkgconfig:1;/apps/spack/anvil/apps/gmp/6.2.1-gcc-11.2.0-trpptvt/lib/pkgconfig:1
__LMOD_REF_COUNT_XALT_DIR=/apps/anvil/external/apps/xalt2/xalt/xalt:1
__LMOD_REF_COUNT__LMFILES_=/opt/spack/cpu-20211007/gcc/11.2.0/gmp/6.2.1.lua:1;/opt/spack/cpu-20211007/gcc/11.2.0/mpfr/4.0.2.lua:1;/opt/spack/cpu/Core/mpc/1.1.0.lua:1;/opt/spack/cpu-20211007/gcc/11.2.0/zlib/1.2.11.lua:1;/opt/spack/cpu/Core/gcc/11.2.0.lua:1;/opt/spack/cpu/Core/libfabric/1.12.0.lua:1;/opt/spack/cpu-20211007/gcc/11.2.0/numactl/2.0.14.lua:1;/opt/spack/cpu-20211007/gcc/11.2.0/openmpi/4.0.6.lua:1;/opt/spack/cpu/Core/xalt/2.10.45.lua:1;/opt/spack/cpu/Core/modtree/cpu.lua:1
__LMOD_SET_FPATH=1
which_declare=declare -f

INFO 2026-05-21 21:54:36,116 trainer.py:1145: Setting up components: Model, loss, optim, meters etc.
INFO 2026-05-21 21:54:36,117 logger.py:  61: TensorBoard SummaryWriter instantiated. Files will be stored in: /anvil/projects/x-cis250950/sam3/experiments/medsam3_stage1_train_all_unified/tensorboard
Training Mode Enabled: Tunable parameters: 860.06M / 860.06M
INFO 2026-05-21 21:55:25,542 trainer.py:1247: ====================
INFO 2026-05-21 21:55:25,543 trainer.py:1248: Summary for model <class 'sam3.model.sam3_video_training_model.Sam3VideoTrainingModel'>
INFO 2026-05-21 21:55:25,547 trainer.py:1249: Model is Sam3VideoTrainingModel(
  (detector): Sam3ImageOnVideoMultiGPU(
    (backbone): SAM3VLBackbone(
      (vision_backbone): Sam3DualViTDetNeck(
        (trunk): ViT(
          (patch_embed): PatchEmbed(
            (proj): Conv2d(3, 1024, kernel_size=(14, 14), stride=(14, 14), bias=False)
          )
          (blocks): ModuleList(
            (0): Block(
              (norm1): LayerNorm((1024,), eps=1e-05, elementwise_affine=True)
              (attn): Attention(
                (qkv): Linear(in_features=1024, out_features=3072, bias=True)
                (proj): Linear(in_features=1024, out_features=1024, bias=True)
              )
              (ls1): Identity()
              (drop_path): Identity()
              (norm2): LayerNorm((1024,), eps=1e-05, elementwise_affine=True)
              (mlp): Mlp(
                (fc1): Linear(in_features=1024, out_features=4736, bias=True)
                (act): GELU(approximate='none')
                (drop1): Dropout(p=0.0, inplace=False)
                (norm): Identity()
                (fc2): Linear(in_features=4736, out_features=1024, bias=True)
                (drop2): Dropout(p=0.0, inplace=False)
              )
              (ls2): Identity()
              (dropout): Dropout(p=0.0, inplace=False)
            )
            (1): Block(
              (norm1): LayerNorm((1024,), eps=1e-05, elementwise_affine=True)
              (attn): Attention(
                (qkv): Linear(in_features=1024, out_features=3072, bias=True)
                (proj): Linear(in_features=1024, out_features=1024, bias=True)
              )
              (ls1): Identity()
              (drop_path): DropPath(drop_prob=0.003)
              (norm2): LayerNorm((1024,), eps=1e-05, elementwise_affine=True)
              (mlp): Mlp(
                (fc1): Linear(in_features=1024, out_features=4736, bias=True)
                (act): GELU(approximate='none')
                (drop1): Dropout(p=0.0, inplace=False)
                (norm): Identity()
                (fc2): Linear(in_features=4736, out_features=1024, bias=True)
                (drop2): Dropout(p=0.0, inplace=False)
              )
              (ls2): Identity()
              (dropout): Dropout(p=0.0, inplace=False)
            )
            (2): Block(
              (norm1): LayerNorm((1024,), eps=1e-05, elementwise_affine=True)
              (attn): Attention(
                (qkv): Linear(in_features=1024, out_features=3072, bias=True)
                (proj): Linear(in_features=1024, out_features=1024, bias=True)
              )
              (ls1): Identity()
              (drop_path): DropPath(drop_prob=0.006)
              (norm2): LayerNorm((1024,), eps=1e-05, elementwise_affine=True)
              (mlp): Mlp(
                (fc1): Linear(in_features=1024, out_features=4736, bias=True)
                (act): GELU(approximate='none')
                (drop1): Dropout(p=0.0, inplace=False)
                (norm): Identity()
                (fc2): Linear(in_features=4736, out_features=1024, bias=True)
                (drop2): Dropout(p=0.0, inplace=False)
              )
              (ls2): Identity()
              (dropout): Dropout(p=0.0, inplace=False)
            )
            (3): Block(
              (norm1): LayerNorm((1024,), eps=1e-05, elementwise_affine=True)
              (attn): Attention(
                (qkv): Linear(in_features=1024, out_features=3072, bias=True)
                (proj): Linear(in_features=1024, out_features=1024, bias=True)
              )
              (ls1): Identity()
              (drop_path): DropPath(drop_prob=0.010)
              (norm2): LayerNorm((1024,), eps=1e-05, elementwise_affine=True)
              (mlp): Mlp(
                (fc1): Linear(in_features=1024, out_features=4736, bias=True)
                (act): GELU(approximate='none')
                (drop1): Dropout(p=0.0, inplace=False)
                (norm): Identity()
                (fc2): Linear(in_features=4736, out_features=1024, bias=True)
                (drop2): Dropout(p=0.0, inplace=False)
              )
              (ls2): Identity()
              (dropout): Dropout(p=0.0, inplace=False)
            )
            (4): Block(
              (norm1): LayerNorm((1024,), eps=1e-05, elementwise_affine=True)
              (attn): Attention(
                (qkv): Linear(in_features=1024, out_features=3072, bias=True)
                (proj): Linear(in_features=1024, out_features=1024, bias=True)
              )
              (ls1): Identity()
              (drop_path): DropPath(drop_prob=0.013)
              (norm2): LayerNorm((1024,), eps=1e-05, elementwise_affine=True)
              (mlp): Mlp(
                (fc1): Linear(in_features=1024, out_features=4736, bias=True)
                (act): GELU(approximate='none')
                (drop1): Dropout(p=0.0, inplace=False)
                (norm): Identity()
                (fc2): Linear(in_features=4736, out_features=1024, bias=True)
                (drop2): Dropout(p=0.0, inplace=False)
              )
              (ls2): Identity()
              (dropout): Dropout(p=0.0, inplace=False)
            )
            (5): Block(
              (norm1): LayerNorm((1024,), eps=1e-05, elementwise_affine=True)
              (attn): Attention(
                (qkv): Linear(in_features=1024, out_features=3072, bias=True)
                (proj): Linear(in_features=1024, out_features=1024, bias=True)
              )
              (ls1): Identity()
              (drop_path): DropPath(drop_prob=0.016)
              (norm2): LayerNorm((1024,), eps=1e-05, elementwise_affine=True)
              (mlp): Mlp(
                (fc1): Linear(in_features=1024, out_features=4736, bias=True)
                (act): GELU(approximate='none')
                (drop1): Dropout(p=0.0, inplace=False)
                (norm): Identity()
                (fc2): Linear(in_features=4736, out_features=1024, bias=True)
                (drop2): Dropout(p=0.0, inplace=False)
              )
              (ls2): Identity()
              (dropout): Dropout(p=0.0, inplace=False)
            )
            (6): Block(
              (norm1): LayerNorm((1024,), eps=1e-05, elementwise_affine=True)
              (attn): Attention(
                (qkv): Linear(in_features=1024, out_features=3072, bias=True)
                (proj): Linear(in_features=1024, out_features=1024, bias=True)
              )
              (ls1): Identity()
              (drop_path): DropPath(drop_prob=0.019)
              (norm2): LayerNorm((1024,), eps=1e-05, elementwise_affine=True)
              (mlp): Mlp(
                (fc1): Linear(in_features=1024, out_features=4736, bias=True)
                (act): GELU(approximate='none')
                (drop1): Dropout(p=0.0, inplace=False)
                (norm): Identity()
                (fc2): Linear(in_features=4736, out_features=1024, bias=True)
                (drop2): Dropout(p=0.0, inplace=False)
              )
              (ls2): Identity()
              (dropout): Dropout(p=0.0, inplace=False)
            )
            (7): Block(
              (norm1): LayerNorm((1024,), eps=1e-05, elementwise_affine=True)
              (attn): Attention(
                (qkv): Linear(in_features=1024, out_features=3072, bias=True)
                (proj): Linear(in_features=1024, out_features=1024, bias=True)
              )
              (ls1): Identity()
              (drop_path): DropPath(drop_prob=0.023)
              (norm2): LayerNorm((1024,), eps=1e-05, elementwise_affine=True)
              (mlp): Mlp(
                (fc1): Linear(in_features=1024, out_features=4736, bias=True)
                (act): GELU(approximate='none')
                (drop1): Dropout(p=0.0, inplace=False)
                (norm): Identity()
                (fc2): Linear(in_features=4736, out_features=1024, bias=True)
                (drop2): Dropout(p=0.0, inplace=False)
              )
              (ls2): Identity()
              (dropout): Dropout(p=0.0, inplace=False)
            )
            (8): Block(
              (norm1): LayerNorm((1024,), eps=1e-05, elementwise_affine=True)
              (attn): Attention(
                (qkv): Linear(in_features=1024, out_features=3072, bias=True)
                (proj): Linear(in_features=1024, out_features=1024, bias=True)
              )
              (ls1): Identity()
              (drop_path): DropPath(drop_prob=0.026)
              (norm2): LayerNorm((1024,), eps=1e-05, elementwise_affine=True)
              (mlp): Mlp(
                (fc1): Linear(in_features=1024, out_features=4736, bias=True)
                (act): GELU(approximate='none')
                (drop1): Dropout(p=0.0, inplace=False)
                (norm): Identity()
                (fc2): Linear(in_features=4736, out_features=1024, bias=True)
                (drop2): Dropout(p=0.0, inplace=False)
              )
              (ls2): Identity()
              (dropout): Dropout(p=0.0, inplace=False)
            )
            (9): Block(
              (norm1): LayerNorm((1024,), eps=1e-05, elementwise_affine=True)
              (attn): Attention(
                (qkv): Linear(in_features=1024, out_features=3072, bias=True)
                (proj): Linear(in_features=1024, out_features=1024, bias=True)
              )
              (ls1): Identity()
              (drop_path): DropPath(drop_prob=0.029)
              (norm2): LayerNorm((1024,), eps=1e-05, elementwise_affine=True)
              (mlp): Mlp(
                (fc1): Linear(in_features=1024, out_features=4736, bias=True)
                (act): GELU(approximate='none')
                (drop1): Dropout(p=0.0, inplace=False)
                (norm): Identity()
                (fc2): Linear(in_features=4736, out_features=1024, bias=True)
                (drop2): Dropout(p=0.0, inplace=False)
              )
              (ls2): Identity()
              (dropout): Dropout(p=0.0, inplace=False)
            )
            (10): Block(
              (norm1): LayerNorm((1024,), eps=1e-05, elementwise_affine=True)
              (attn): Attention(
                (qkv): Linear(in_features=1024, out_features=3072, bias=True)
                (proj): Linear(in_features=1024, out_features=1024, bias=True)
              )
              (ls1): Identity()
              (drop_path): DropPath(drop_prob=0.032)
              (norm2): LayerNorm((1024,), eps=1e-05, elementwise_affine=True)
              (mlp): Mlp(
                (fc1): Linear(in_features=1024, out_features=4736, bias=True)
                (act): GELU(approximate='none')
                (drop1): Dropout(p=0.0, inplace=False)
                (norm): Identity()
                (fc2): Linear(in_features=4736, out_features=1024, bias=True)
                (drop2): Dropout(p=0.0, inplace=False)
              )
              (ls2): Identity()
              (dropout): Dropout(p=0.0, inplace=False)
            )
            (11): Block(
              (norm1): LayerNorm((1024,), eps=1e-05, elementwise_affine=True)
              (attn): Attention(
                (qkv): Linear(in_features=1024, out_features=3072, bias=True)
                (proj): Linear(in_features=1024, out_features=1024, bias=True)
              )
              (ls1): Identity()
              (drop_path): DropPath(drop_prob=0.035)
              (norm2): LayerNorm((1024,), eps=1e-05, elementwise_affine=True)
              (mlp): Mlp(
                (fc1): Linear(in_features=1024, out_features=4736, bias=True)
                (act): GELU(approximate='none')
                (drop1): Dropout(p=0.0, inplace=False)
                (norm): Identity()
                (fc2): Linear(in_features=4736, out_features=1024, bias=True)
                (drop2): Dropout(p=0.0, inplace=False)
              )
              (ls2): Identity()
              (dropout): Dropout(p=0.0, inplace=False)
            )
            (12): Block(
              (norm1): LayerNorm((1024,), eps=1e-05, elementwise_affine=True)
              (attn): Attention(
                (qkv): Linear(in_features=1024, out_features=3072, bias=True)
                (proj): Linear(in_features=1024, out_features=1024, bias=True)
              )
              (ls1): Identity()
              (drop_path): DropPath(drop_prob=0.039)
              (norm2): LayerNorm((1024,), eps=1e-05, elementwise_affine=True)
              (mlp): Mlp(
                (fc1): Linear(in_features=1024, out_features=4736, bias=True)
                (act): GELU(approximate='none')
                (drop1): Dropout(p=0.0, inplace=False)
                (norm): Identity()
                (fc2): Linear(in_features=4736, out_features=1024, bias=True)
                (drop2): Dropout(p=0.0, inplace=False)
              )
              (ls2): Identity()
              (dropout): Dropout(p=0.0, inplace=False)
            )
            (13): Block(
              (norm1): LayerNorm((1024,), eps=1e-05, elementwise_affine=True)
              (attn): Attention(
                (qkv): Linear(in_features=1024, out_features=3072, bias=True)
                (proj): Linear(in_features=1024, out_features=1024, bias=True)
              )
              (ls1): Identity()
              (drop_path): DropPath(drop_prob=0.042)
              (norm2): LayerNorm((1024,), eps=1e-05, elementwise_affine=True)
              (mlp): Mlp(
                (fc1): Linear(in_features=1024, out_features=4736, bias=True)
                (act): GELU(approximate='none')
                (drop1): Dropout(p=0.0, inplace=False)
                (norm): Identity()
                (fc2): Linear(in_features=4736, out_features=1024, bias=True)
                (drop2): Dropout(p=0.0, inplace=False)
              )
              (ls2): Identity()
              (dropout): Dropout(p=0.0, inplace=False)
            )
            (14): Block(
              (norm1): LayerNorm((1024,), eps=1e-05, elementwise_affine=True)
              (attn): Attention(
                (qkv): Linear(in_features=1024, out_features=3072, bias=True)
                (proj): Linear(in_features=1024, out_features=1024, bias=True)
              )
              (ls1): Identity()
              (drop_path): DropPath(drop_prob=0.045)
              (norm2): LayerNorm((1024,), eps=1e-05, elementwise_affine=True)
              (mlp): Mlp(
                (fc1): Linear(in_features=1024, out_features=4736, bias=True)
                (act): GELU(approximate='none')
                (drop1): Dropout(p=0.0, inplace=False)
                (norm): Identity()
                (fc2): Linear(in_features=4736, out_features=1024, bias=True)
                (drop2): Dropout(p=0.0, inplace=False)
              )
              (ls2): Identity()
              (dropout): Dropout(p=0.0, inplace=False)
            )
            (15): Block(
              (norm1): LayerNorm((1024,), eps=1e-05, elementwise_affine=True)
              (attn): Attention(
                (qkv): Linear(in_features=1024, out_features=3072, bias=True)
                (proj): Linear(in_features=1024, out_features=1024, bias=True)
              )
              (ls1): Identity()
              (drop_path): DropPath(drop_prob=0.048)
              (norm2): LayerNorm((1024,), eps=1e-05, elementwise_affine=True)
              (mlp): Mlp(
                (fc1): Linear(in_features=1024, out_features=4736, bias=True)
                (act): GELU(approximate='none')
                (drop1): Dropout(p=0.0, inplace=False)
                (norm): Identity()
                (fc2): Linear(in_features=4736, out_features=1024, bias=True)
                (drop2): Dropout(p=0.0, inplace=False)
              )
              (ls2): Identity()
              (dropout): Dropout(p=0.0, inplace=False)
            )
            (16): Block(
              (norm1): LayerNorm((1024,), eps=1e-05, elementwise_affine=True)
              (attn): Attention(
                (qkv): Linear(in_features=1024, out_features=3072, bias=True)
                (proj): Linear(in_features=1024, out_features=1024, bias=True)
              )
              (ls1): Identity()
              (drop_path): DropPath(drop_prob=0.052)
              (norm2): LayerNorm((1024,), eps=1e-05, elementwise_affine=True)
              (mlp): Mlp(
                (fc1): Linear(in_features=1024, out_features=4736, bias=True)
                (act): GELU(approximate='none')
                (drop1): Dropout(p=0.0, inplace=False)
                (norm): Identity()
                (fc2): Linear(in_features=4736, out_features=1024, bias=True)
                (drop2): Dropout(p=0.0, inplace=False)
              )
              (ls2): Identity()
              (dropout): Dropout(p=0.0, inplace=False)
            )
            (17): Block(
              (norm1): LayerNorm((1024,), eps=1e-05, elementwise_affine=True)
              (attn): Attention(
                (qkv): Linear(in_features=1024, out_features=3072, bias=True)
                (proj): Linear(in_features=1024, out_features=1024, bias=True)
              )
              (ls1): Identity()
              (drop_path): DropPath(drop_prob=0.055)
              (norm2): LayerNorm((1024,), eps=1e-05, elementwise_affine=True)
              (mlp): Mlp(
                (fc1): Linear(in_features=1024, out_features=4736, bias=True)
                (act): GELU(approximate='none')
                (drop1): Dropout(p=0.0, inplace=False)
                (norm): Identity()
                (fc2): Linear(in_features=4736, out_features=1024, bias=True)
                (drop2): Dropout(p=0.0, inplace=False)
              )
              (ls2): Identity()
              (dropout): Dropout(p=0.0, inplace=False)
            )
            (18): Block(
              (norm1): LayerNorm((1024,), eps=1e-05, elementwise_affine=True)
              (attn): Attention(
                (qkv): Linear(in_features=1024, out_features=3072, bias=True)
                (proj): Linear(in_features=1024, out_features=1024, bias=True)
              )
              (ls1): Identity()
              (drop_path): DropPath(drop_prob=0.058)
              (norm2): LayerNorm((1024,), eps=1e-05, elementwise_affine=True)
              (mlp): Mlp(
                (fc1): Linear(in_features=1024, out_features=4736, bias=True)
                (act): GELU(approximate='none')
                (drop1): Dropout(p=0.0, inplace=False)
                (norm): Identity()
                (fc2): Linear(in_features=4736, out_features=1024, bias=True)
                (drop2): Dropout(p=0.0, inplace=False)
              )
              (ls2): Identity()
              (dropout): Dropout(p=0.0, inplace=False)
            )
            (19): Block(
              (norm1): LayerNorm((1024,), eps=1e-05, elementwise_affine=True)
              (attn): Attention(
                (qkv): Linear(in_features=1024, out_features=3072, bias=True)
                (proj): Linear(in_features=1024, out_features=1024, bias=True)
              )
              (ls1): Identity()
              (drop_path): DropPath(drop_prob=0.061)
              (norm2): LayerNorm((1024,), eps=1e-05, elementwise_affine=True)
              (mlp): Mlp(
                (fc1): Linear(in_features=1024, out_features=4736, bias=True)
                (act): GELU(approximate='none')
                (drop1): Dropout(p=0.0, inplace=False)
                (norm): Identity()
                (fc2): Linear(in_features=4736, out_features=1024, bias=True)
                (drop2): Dropout(p=0.0, inplace=False)
              )
              (ls2): Identity()
              (dropout): Dropout(p=0.0, inplace=False)
            )
            (20): Block(
              (norm1): LayerNorm((1024,), eps=1e-05, elementwise_affine=True)
              (attn): Attention(
                (qkv): Linear(in_features=1024, out_features=3072, bias=True)
                (proj): Linear(in_features=1024, out_features=1024, bias=True)
              )
              (ls1): Identity()
              (drop_path): DropPath(drop_prob=0.065)
              (norm2): LayerNorm((1024,), eps=1e-05, elementwise_affine=True)
              (mlp): Mlp(
                (fc1): Linear(in_features=1024, out_features=4736, bias=True)
                (act): GELU(approximate='none')
                (drop1): Dropout(p=0.0, inplace=False)
                (norm): Identity()
                (fc2): Linear(in_features=4736, out_features=1024, bias=True)
                (drop2): Dropout(p=0.0, inplace=False)
              )
              (ls2): Identity()
              (dropout): Dropout(p=0.0, inplace=False)
            )
            (21): Block(
              (norm1): LayerNorm((1024,), eps=1e-05, elementwise_affine=True)
              (attn): Attention(
                (qkv): Linear(in_features=1024, out_features=3072, bias=True)
                (proj): Linear(in_features=1024, out_features=1024, bias=True)
              )
              (ls1): Identity()
              (drop_path): DropPath(drop_prob=0.068)
              (norm2): LayerNorm((1024,), eps=1e-05, elementwise_affine=True)
              (mlp): Mlp(
                (fc1): Linear(in_features=1024, out_features=4736, bias=True)
                (act): GELU(approximate='none')
                (drop1): Dropout(p=0.0, inplace=False)
                (norm): Identity()
                (fc2): Linear(in_features=4736, out_features=1024, bias=True)
                (drop2): Dropout(p=0.0, inplace=False)
              )
              (ls2): Identity()
              (dropout): Dropout(p=0.0, inplace=False)
            )
            (22): Block(
              (norm1): LayerNorm((1024,), eps=1e-05, elementwise_affine=True)
              (attn): Attention(
                (qkv): Linear(in_features=1024, out_features=3072, bias=True)
                (proj): Linear(in_features=1024, out_features=1024, bias=True)
              )
              (ls1): Identity()
              (drop_path): DropPath(drop_prob=0.071)
              (norm2): LayerNorm((1024,), eps=1e-05, elementwise_affine=True)
              (mlp): Mlp(
                (fc1): Linear(in_features=1024, out_features=4736, bias=True)
                (act): GELU(approximate='none')
                (drop1): Dropout(p=0.0, inplace=False)
                (norm): Identity()
                (fc2): Linear(in_features=4736, out_features=1024, bias=True)
                (drop2): Dropout(p=0.0, inplace=False)
              )
              (ls2): Identity()
              (dropout): Dropout(p=0.0, inplace=False)
            )
            (23): Block(
              (norm1): LayerNorm((1024,), eps=1e-05, elementwise_affine=True)
              (attn): Attention(
                (qkv): Linear(in_features=1024, out_features=3072, bias=True)
                (proj): Linear(in_features=1024, out_features=1024, bias=True)
              )
              (ls1): Identity()
              (drop_path): DropPath(drop_prob=0.074)
              (norm2): LayerNorm((1024,), eps=1e-05, elementwise_affine=True)
              (mlp): Mlp(
                (fc1): Linear(in_features=1024, out_features=4736, bias=True)
                (act): GELU(approximate='none')
                (drop1): Dropout(p=0.0, inplace=False)
                (norm): Identity()
                (fc2): Linear(in_features=4736, out_features=1024, bias=True)
                (drop2): Dropout(p=0.0, inplace=False)
              )
              (ls2): Identity()
              (dropout): Dropout(p=0.0, inplace=False)
            )
            (24): Block(
              (norm1): LayerNorm((1024,), eps=1e-05, elementwise_affine=True)
              (attn): Attention(
                (qkv): Linear(in_features=1024, out_features=3072, bias=True)
                (proj): Linear(in_features=1024, out_features=1024, bias=True)
              )
              (ls1): Identity()
              (drop_path): DropPath(drop_prob=0.077)
              (norm2): LayerNorm((1024,), eps=1e-05, elementwise_affine=True)
              (mlp): Mlp(
                (fc1): Linear(in_features=1024, out_features=4736, bias=True)
                (act): GELU(approximate='none')
                (drop1): Dropout(p=0.0, inplace=False)
                (norm): Identity()
                (fc2): Linear(in_features=4736, out_features=1024, bias=True)
                (drop2): Dropout(p=0.0, inplace=False)
              )
              (ls2): Identity()
              (dropout): Dropout(p=0.0, inplace=False)
            )
            (25): Block(
              (norm1): LayerNorm((1024,), eps=1e-05, elementwise_affine=True)
              (attn): Attention(
                (qkv): Linear(in_features=1024, out_features=3072, bias=True)
                (proj): Linear(in_features=1024, out_features=1024, bias=True)
              )
              (ls1): Identity()
              (drop_path): DropPath(drop_prob=0.081)
              (norm2): LayerNorm((1024,), eps=1e-05, elementwise_affine=True)
              (mlp): Mlp(
                (fc1): Linear(in_features=1024, out_features=4736, bias=True)
                (act): GELU(approximate='none')
                (drop1): Dropout(p=0.0, inplace=False)
                (norm): Identity()
                (fc2): Linear(in_features=4736, out_features=1024, bias=True)
                (drop2): Dropout(p=0.0, inplace=False)
              )
              (ls2): Identity()
              (dropout): Dropout(p=0.0, inplace=False)
            )
            (26): Block(
              (norm1): LayerNorm((1024,), eps=1e-05, elementwise_affine=True)
              (attn): Attention(
                (qkv): Linear(in_features=1024, out_features=3072, bias=True)
                (proj): Linear(in_features=1024, out_features=1024, bias=True)
              )
              (ls1): Identity()
              (drop_path): DropPath(drop_prob=0.084)
              (norm2): LayerNorm((1024,), eps=1e-05, elementwise_affine=True)
              (mlp): Mlp(
                (fc1): Linear(in_features=1024, out_features=4736, bias=True)
                (act): GELU(approximate='none')
                (drop1): Dropout(p=0.0, inplace=False)
                (norm): Identity()
                (fc2): Linear(in_features=4736, out_features=1024, bias=True)
                (drop2): Dropout(p=0.0, inplace=False)
              )
              (ls2): Identity()
              (dropout): Dropout(p=0.0, inplace=False)
            )
            (27): Block(
              (norm1): LayerNorm((1024,), eps=1e-05, elementwise_affine=True)
              (attn): Attention(
                (qkv): Linear(in_features=1024, out_features=3072, bias=True)
                (proj): Linear(in_features=1024, out_features=1024, bias=True)
              )
              (ls1): Identity()
              (drop_path): DropPath(drop_prob=0.087)
              (norm2): LayerNorm((1024,), eps=1e-05, elementwise_affine=True)
              (mlp): Mlp(
                (fc1): Linear(in_features=1024, out_features=4736, bias=True)
                (act): GELU(approximate='none')
                (drop1): Dropout(p=0.0, inplace=False)
                (norm): Identity()
                (fc2): Linear(in_features=4736, out_features=1024, bias=True)
                (drop2): Dropout(p=0.0, inplace=False)
              )
              (ls2): Identity()
              (dropout): Dropout(p=0.0, inplace=False)
            )
            (28): Block(
              (norm1): LayerNorm((1024,), eps=1e-05, elementwise_affine=True)
              (attn): Attention(
                (qkv): Linear(in_features=1024, out_features=3072, bias=True)
                (proj): Linear(in_features=1024, out_features=1024, bias=True)
              )
              (ls1): Identity()
              (drop_path): DropPath(drop_prob=0.090)
              (norm2): LayerNorm((1024,), eps=1e-05, elementwise_affine=True)
              (mlp): Mlp(
                (fc1): Linear(in_features=1024, out_features=4736, bias=True)
                (act): GELU(approximate='none')
                (drop1): Dropout(p=0.0, inplace=False)
                (norm): Identity()
                (fc2): Linear(in_features=4736, out_features=1024, bias=True)
                (drop2): Dropout(p=0.0, inplace=False)
              )
              (ls2): Identity()
              (dropout): Dropout(p=0.0, inplace=False)
            )
            (29): Block(
              (norm1): LayerNorm((1024,), eps=1e-05, elementwise_affine=True)
              (attn): Attention(
                (qkv): Linear(in_features=1024, out_features=3072, bias=True)
                (proj): Linear(in_features=1024, out_features=1024, bias=True)
              )
              (ls1): Identity()
              (drop_path): DropPath(drop_prob=0.094)
              (norm2): LayerNorm((1024,), eps=1e-05, elementwise_affine=True)
              (mlp): Mlp(
                (fc1): Linear(in_features=1024, out_features=4736, bias=True)
                (act): GELU(approximate='none')
                (drop1): Dropout(p=0.0, inplace=False)
                (norm): Identity()
                (fc2): Linear(in_features=4736, out_features=1024, bias=True)
                (drop2): Dropout(p=0.0, inplace=False)
              )
              (ls2): Identity()
              (dropout): Dropout(p=0.0, inplace=False)
            )
            (30): Block(
              (norm1): LayerNorm((1024,), eps=1e-05, elementwise_affine=True)
              (attn): Attention(
                (qkv): Linear(in_features=1024, out_features=3072, bias=True)
                (proj): Linear(in_features=1024, out_features=1024, bias=True)
              )
              (ls1): Identity()
              (drop_path): DropPath(drop_prob=0.097)
              (norm2): LayerNorm((1024,), eps=1e-05, elementwise_affine=True)
              (mlp): Mlp(
                (fc1): Linear(in_features=1024, out_features=4736, bias=True)
                (act): GELU(approximate='none')
                (drop1): Dropout(p=0.0, inplace=False)
                (norm): Identity()
                (fc2): Linear(in_features=4736, out_features=1024, bias=True)
                (drop2): Dropout(p=0.0, inplace=False)
              )
              (ls2): Identity()
              (dropout): Dropout(p=0.0, inplace=False)
            )
            (31): Block(
              (norm1): LayerNorm((1024,), eps=1e-05, elementwise_affine=True)
              (attn): Attention(
                (qkv): Linear(in_features=1024, out_features=3072, bias=True)
                (proj): Linear(in_features=1024, out_features=1024, bias=True)
              )
              (ls1): Identity()
              (drop_path): DropPath(drop_prob=0.100)
              (norm2): LayerNorm((1024,), eps=1e-05, elementwise_affine=True)
              (mlp): Mlp(
                (fc1): Linear(in_features=1024, out_features=4736, bias=True)
                (act): GELU(approximate='none')
                (drop1): Dropout(p=0.0, inplace=False)
                (norm): Identity()
                (fc2): Linear(in_features=4736, out_features=1024, bias=True)
                (drop2): Dropout(p=0.0, inplace=False)
              )
              (ls2): Identity()
              (dropout): Dropout(p=0.0, inplace=False)
            )
          )
          (ln_pre): LayerNorm((1024,), eps=1e-05, elementwise_affine=True)
          (ln_post): Identity()
        )
        (position_encoding): PositionEmbeddingSine()
        (convs): ModuleList(
          (0): Sequential(
            (dconv_2x2_0): ConvTranspose2d(1024, 512, kernel_size=(2, 2), stride=(2, 2))
            (gelu): GELU(approximate='none')
            (dconv_2x2_1): ConvTranspose2d(512, 256, kernel_size=(2, 2), stride=(2, 2))
            (conv_1x1): Conv2d(256, 256, kernel_size=(1, 1), stride=(1, 1))
            (conv_3x3): Conv2d(256, 256, kernel_size=(3, 3), stride=(1, 1), padding=(1, 1))
          )
          (1): Sequential(
            (dconv_2x2): ConvTranspose2d(1024, 512, kernel_size=(2, 2), stride=(2, 2))
            (conv_1x1): Conv2d(512, 256, kernel_size=(1, 1), stride=(1, 1))
            (conv_3x3): Conv2d(256, 256, kernel_size=(3, 3), stride=(1, 1), padding=(1, 1))
          )
          (2): Sequential(
            (conv_1x1): Conv2d(1024, 256, kernel_size=(1, 1), stride=(1, 1))
            (conv_3x3): Conv2d(256, 256, kernel_size=(3, 3), stride=(1, 1), padding=(1, 1))
          )
          (3): Sequential(
            (maxpool_2x2): MaxPool2d(kernel_size=2, stride=2, padding=0, dilation=1, ceil_mode=False)
            (conv_1x1): Conv2d(1024, 256, kernel_size=(1, 1), stride=(1, 1))
            (conv_3x3): Conv2d(256, 256, kernel_size=(3, 3), stride=(1, 1), padding=(1, 1))
          )
        )
        (sam2_convs): ModuleList(
          (0): Sequential(
            (dconv_2x2_0): ConvTranspose2d(1024, 512, kernel_size=(2, 2), stride=(2, 2))
            (gelu): GELU(approximate='none')
            (dconv_2x2_1): ConvTranspose2d(512, 256, kernel_size=(2, 2), stride=(2, 2))
            (conv_1x1): Conv2d(256, 256, kernel_size=(1, 1), stride=(1, 1))
            (conv_3x3): Conv2d(256, 256, kernel_size=(3, 3), stride=(1, 1), padding=(1, 1))
          )
          (1): Sequential(
            (dconv_2x2): ConvTranspose2d(1024, 512, kernel_size=(2, 2), stride=(2, 2))
            (conv_1x1): Conv2d(512, 256, kernel_size=(1, 1), stride=(1, 1))
            (conv_3x3): Conv2d(256, 256, kernel_size=(3, 3), stride=(1, 1), padding=(1, 1))
          )
          (2): Sequential(
            (conv_1x1): Conv2d(1024, 256, kernel_size=(1, 1), stride=(1, 1))
            (conv_3x3): Conv2d(256, 256, kernel_size=(3, 3), stride=(1, 1), padding=(1, 1))
          )
          (3): Sequential(
            (maxpool_2x2): MaxPool2d(kernel_size=2, stride=2, padding=0, dilation=1, ceil_mode=False)
            (conv_1x1): Conv2d(1024, 256, kernel_size=(1, 1), stride=(1, 1))
            (conv_3x3): Conv2d(256, 256, kernel_size=(3, 3), stride=(1, 1), padding=(1, 1))
          )
        )
      )
      (language_backbone): VETextEncoder(
        (encoder): TextTransformer(
          (token_embedding): Embedding(49408, 1024)
          (transformer): Transformer(
            (resblocks): ModuleList(
              (0-23): 24 x ResidualAttentionBlock(
                (attn): MultiheadAttention(
                  (out_proj): NonDynamicallyQuantizableLinear(in_features=1024, out_features=1024, bias=True)
                )
                (ln_1): LayerNorm((1024,), eps=1e-05, elementwise_affine=True)
                (ln_2): LayerNorm((1024,), eps=1e-05, elementwise_affine=True)
                (ls_1): Identity()
                (ls_2): Identity()
                (mlp): Sequential(
                  (c_fc): Linear(in_features=1024, out_features=4096, bias=True)
                  (gelu): GELU(approximate='none')
                  (c_proj): Linear(in_features=4096, out_features=1024, bias=True)
                )
              )
            )
          )
          (ln_final): LayerNorm((1024,), eps=1e-05, elementwise_affine=True)
        )
        (resizer): Linear(in_features=1024, out_features=256, bias=True)
      )
    )
    (geometry_encoder): SequenceGeometryEncoder(
      (pos_enc): PositionEmbeddingSine()
      (label_embed): Embedding(2, 256)
      (cls_embed): Embedding(1, 256)
      (points_direct_project): Linear(in_features=2, out_features=256, bias=True)
      (points_pool_project): Linear(in_features=256, out_features=256, bias=True)
      (points_pos_enc_project): Linear(in_features=256, out_features=256, bias=True)
      (boxes_direct_project): Linear(in_features=4, out_features=256, bias=True)
      (boxes_pool_project): Conv2d(256, 256, kernel_size=(7, 7), stride=(1, 1))
      (boxes_pos_enc_project): Linear(in_features=258, out_features=256, bias=True)
      (final_proj): Linear(in_features=256, out_features=256, bias=True)
      (norm): LayerNorm((256,), eps=1e-05, elementwise_affine=True)
      (img_pre_norm): LayerNorm((256,), eps=1e-05, elementwise_affine=True)
      (encode): ModuleList(
        (0-2): 3 x TransformerEncoderLayer(
          (self_attn): MultiheadAttentionWrapper(
            (out_proj): NonDynamicallyQuantizableLinear(in_features=256, out_features=256, bias=True)
          )
          (cross_attn_image): MultiheadAttentionWrapper(
            (out_proj): NonDynamicallyQuantizableLinear(in_features=256, out_features=256, bias=True)
          )
          (linear1): Linear(in_features=256, out_features=2048, bias=True)
          (dropout): Dropout(p=0.1, inplace=False)
          (linear2): Linear(in_features=2048, out_features=256, bias=True)
          (norm1): LayerNorm((256,), eps=1e-05, elementwise_affine=True)
          (norm2): LayerNorm((256,), eps=1e-05, elementwise_affine=True)
          (norm3): LayerNorm((256,), eps=1e-05, elementwise_affine=True)
          (dropout1): Dropout(p=0.1, inplace=False)
          (dropout2): Dropout(p=0.1, inplace=False)
          (dropout3): Dropout(p=0.1, inplace=False)
        )
      )
      (encode_norm): LayerNorm((256,), eps=1e-05, elementwise_affine=True)
    )
    (transformer): TransformerWrapper(
      (encoder): TransformerEncoderFusion(
        (layers): ModuleList(
          (0-5): 6 x TransformerEncoderLayer(
            (self_attn): MultiheadAttentionWrapper(
              (out_proj): NonDynamicallyQuantizableLinear(in_features=256, out_features=256, bias=True)
            )
            (cross_attn_image): MultiheadAttentionWrapper(
              (out_proj): NonDynamicallyQuantizableLinear(in_features=256, out_features=256, bias=True)
            )
            (linear1): Linear(in_features=256, out_features=2048, bias=True)
            (dropout): Dropout(p=0.1, inplace=False)
            (linear2): Linear(in_features=2048, out_features=256, bias=True)
            (norm1): LayerNorm((256,), eps=1e-05, elementwise_affine=True)
            (norm2): LayerNorm((256,), eps=1e-05, elementwise_affine=True)
            (norm3): LayerNorm((256,), eps=1e-05, elementwise_affine=True)
            (dropout1): Dropout(p=0.1, inplace=False)
            (dropout2): Dropout(p=0.1, inplace=False)
            (dropout3): Dropout(p=0.1, inplace=False)
          )
        )
      )
      (decoder): TransformerDecoder(
        (layers): ModuleList(
          (0-5): 6 x TransformerDecoderLayer(
            (cross_attn): MultiheadAttentionWrapper(
              (out_proj): NonDynamicallyQuantizableLinear(in_features=256, out_features=256, bias=True)
            )
            (dropout1): Dropout(p=0.1, inplace=False)
            (norm1): LayerNorm((256,), eps=1e-05, elementwise_affine=True)
            (ca_text): MultiheadAttention(
              (out_proj): NonDynamicallyQuantizableLinear(in_features=256, out_features=256, bias=True)
            )
            (catext_dropout): Dropout(p=0.1, inplace=False)
            (catext_norm): LayerNorm((256,), eps=1e-05, elementwise_affine=True)
            (self_attn): MultiheadAttention(
              (out_proj): NonDynamicallyQuantizableLinear(in_features=256, out_features=256, bias=True)
            )
            (dropout2): Dropout(p=0.1, inplace=False)
            (norm2): LayerNorm((256,), eps=1e-05, elementwise_affine=True)
            (linear1): Linear(in_features=256, out_features=2048, bias=True)
            (dropout3): Dropout(p=0.1, inplace=False)
            (linear2): Linear(in_features=2048, out_features=256, bias=True)
            (dropout4): Dropout(p=0.1, inplace=False)
            (norm3): LayerNorm((256,), eps=1e-05, elementwise_affine=True)
          )
        )
        (norm): LayerNorm((256,), eps=1e-05, elementwise_affine=True)
        (bbox_embed): MLP(
          (layers): ModuleList(
            (0-1): 2 x Linear(in_features=256, out_features=256, bias=True)
            (2): Linear(in_features=256, out_features=4, bias=True)
          )
          (drop): Identity()
          (out_norm): Identity()
        )
        (query_embed): Embedding(200, 256)
        (reference_points): Embedding(200, 4)
        (boxRPB_embed_x): MLP(
          (layers): ModuleList(
            (0): Linear(in_features=2, out_features=256, bias=True)
            (1): Linear(in_features=256, out_features=8, bias=True)
          )
          (drop): Identity()
          (out_norm): Identity()
        )
        (boxRPB_embed_y): MLP(
          (layers): ModuleList(
            (0): Linear(in_features=2, out_features=256, bias=True)
            (1): Linear(in_features=256, out_features=8, bias=True)
          )
          (drop): Identity()
          (out_norm): Identity()
        )
        (presence_token): Embedding(1, 256)
        (presence_token_head): MLP(
          (layers): ModuleList(
            (0-1): 2 x Linear(in_features=256, out_features=256, bias=True)
            (2): Linear(in_features=256, out_features=1, bias=True)
          )
          (drop): Identity()
          (out_norm): Identity()
        )
        (presence_token_out_norm): LayerNorm((256,), eps=1e-05, elementwise_affine=True)
        (ref_point_head): MLP(
          (layers): ModuleList(
            (0): Linear(in_features=512, out_features=256, bias=True)
            (1): Linear(in_features=256, out_features=256, bias=True)
          )
          (drop): Identity()
          (out_norm): Identity()
        )
      )
    )
    (segmentation_head): UniversalSegmentationHead(
      (pixel_decoder): PixelDecoder(
        (conv_layers): ModuleList(
          (0-2): 3 x Conv2d(256, 256, kernel_size=(3, 3), stride=(1, 1), padding=(1, 1))
        )
        (norms): ModuleList(
          (0-2): 3 x GroupNorm(8, 256, eps=1e-05, affine=True)
        )
      )
      (mask_predictor): MaskPredictor(
        (mask_embed): MLP(
          (layers): ModuleList(
            (0-2): 3 x Linear(in_features=256, out_features=256, bias=True)
          )
          (drop): Identity()
          (out_norm): Identity()
        )
      )
      (cross_attend_prompt): MultiheadAttentionWrapper(
        (out_proj): NonDynamicallyQuantizableLinear(in_features=256, out_features=256, bias=True)
      )
      (cross_attn_norm): LayerNorm((256,), eps=1e-05, elementwise_affine=True)
      (semantic_seg_head): Conv2d(256, 1, kernel_size=(1, 1), stride=(1, 1))
      (instance_seg_head): Conv2d(256, 256, kernel_size=(1, 1), stride=(1, 1))
    )
    (dot_prod_scoring): DotProductScoring(
      (prompt_mlp): MLP(
        (layers): ModuleList(
          (0): Linear(in_features=256, out_features=2048, bias=True)
          (1): Linear(in_features=2048, out_features=256, bias=True)
        )
        (drop): Dropout(p=0.1, inplace=False)
        (out_norm): LayerNorm((256,), eps=1e-05, elementwise_affine=True)
      )
      (prompt_proj): Linear(in_features=256, out_features=256, bias=True)
      (hs_proj): Linear(in_features=256, out_features=256, bias=True)
    )
    (matcher): BinaryHungarianMatcherV2(
      (norm): Sigmoid()
    )
  )
  (tracker): Sam3TrackerPredictor(
    (mask_downsample): Conv2d(1, 1, kernel_size=(4, 4), stride=(4, 4))
    (transformer): TransformerWrapper(
      (encoder): TransformerEncoderCrossAttention(
        (layers): ModuleList(
          (0-3): 4 x TransformerDecoderLayerv2(
            (self_attn): RoPEAttention(
              (q_proj): Linear(in_features=256, out_features=256, bias=True)
              (k_proj): Linear(in_features=256, out_features=256, bias=True)
              (v_proj): Linear(in_features=256, out_features=256, bias=True)
              (out_proj): Linear(in_features=256, out_features=256, bias=True)
            )
            (cross_attn_image): RoPEAttention(
              (q_proj): Linear(in_features=256, out_features=256, bias=True)
              (k_proj): Linear(in_features=64, out_features=256, bias=True)
              (v_proj): Linear(in_features=64, out_features=256, bias=True)
              (out_proj): Linear(in_features=256, out_features=256, bias=True)
            )
            (linear1): Linear(in_features=256, out_features=2048, bias=True)
            (dropout): Dropout(p=0.1, inplace=False)
            (linear2): Linear(in_features=2048, out_features=256, bias=True)
            (norm1): LayerNorm((256,), eps=1e-05, elementwise_affine=True)
            (norm2): LayerNorm((256,), eps=1e-05, elementwise_affine=True)
            (norm3): LayerNorm((256,), eps=1e-05, elementwise_affine=True)
            (dropout1): Dropout(p=0.1, inplace=False)
            (dropout2): Dropout(p=0.1, inplace=False)
            (dropout3): Dropout(p=0.1, inplace=False)
          )
        )
        (norm): LayerNorm((256,), eps=1e-05, elementwise_affine=True)
      )
    )
    (maskmem_backbone): SimpleMaskEncoder(
      (mask_downsampler): SimpleMaskDownSampler(
        (encoder): Sequential(
          (0): Conv2d(1, 4, kernel_size=(3, 3), stride=(2, 2), padding=(1, 1))
          (1): LayerNorm2d()
          (2): GELU(approximate='none')
          (3): Conv2d(4, 16, kernel_size=(3, 3), stride=(2, 2), padding=(1, 1))
          (4): LayerNorm2d()
          (5): GELU(approximate='none')
          (6): Conv2d(16, 64, kernel_size=(3, 3), stride=(2, 2), padding=(1, 1))
          (7): LayerNorm2d()
          (8): GELU(approximate='none')
          (9): Conv2d(64, 256, kernel_size=(3, 3), stride=(2, 2), padding=(1, 1))
          (10): LayerNorm2d()
          (11): GELU(approximate='none')
          (12): Conv2d(256, 256, kernel_size=(1, 1), stride=(1, 1))
        )
      )
      (pix_feat_proj): Conv2d(256, 256, kernel_size=(1, 1), stride=(1, 1))
      (fuser): SimpleFuser(
        (proj): Identity()
        (layers): ModuleList(
          (0-1): 2 x CXBlock(
            (dwconv): Conv2d(256, 256, kernel_size=(7, 7), stride=(1, 1), padding=(3, 3), groups=256)
            (norm): LayerNorm2d()
            (pwconv1): Linear(in_features=256, out_features=1024, bias=True)
            (act): GELU(approximate='none')
            (pwconv2): Linear(in_features=1024, out_features=256, bias=True)
            (drop_path): Identity()
          )
        )
      )
      (position_encoding): PositionEmbeddingSine()
      (out_proj): Conv2d(256, 64, kernel_size=(1, 1), stride=(1, 1))
    )
    (sam_prompt_encoder): PromptEncoder(
      (pe_layer): PositionEmbeddingRandom()
      (point_embeddings): ModuleList(
        (0-3): 4 x Embedding(1, 256)
      )
      (not_a_point_embed): Embedding(1, 256)
      (mask_downscaling): Sequential(
        (0): Conv2d(1, 4, kernel_size=(2, 2), stride=(2, 2))
        (1): LayerNorm2d()
        (2): GELU(approximate='none')
        (3): Conv2d(4, 16, kernel_size=(2, 2), stride=(2, 2))
        (4): LayerNorm2d()
        (5): GELU(approximate='none')
        (6): Conv2d(16, 256, kernel_size=(1, 1), stride=(1, 1))
      )
      (no_mask_embed): Embedding(1, 256)
    )
    (sam_mask_decoder): MaskDecoder(
      (transformer): TwoWayTransformer(
        (layers): ModuleList(
          (0-1): 2 x TwoWayAttentionBlock(
            (self_attn): Attention(
              (q_proj): Linear(in_features=256, out_features=256, bias=True)
              (k_proj): Linear(in_features=256, out_features=256, bias=True)
              (v_proj): Linear(in_features=256, out_features=256, bias=True)
              (out_proj): Linear(in_features=256, out_features=256, bias=True)
            )
            (norm1): LayerNorm((256,), eps=1e-05, elementwise_affine=True)
            (cross_attn_token_to_image): Attention(
              (q_proj): Linear(in_features=256, out_features=128, bias=True)
              (k_proj): Linear(in_features=256, out_features=128, bias=True)
              (v_proj): Linear(in_features=256, out_features=128, bias=True)
              (out_proj): Linear(in_features=128, out_features=256, bias=True)
            )
            (norm2): LayerNorm((256,), eps=1e-05, elementwise_affine=True)
            (mlp): MLPBlock(
              (lin1): Linear(in_features=256, out_features=2048, bias=True)
              (lin2): Linear(in_features=2048, out_features=256, bias=True)
              (act): ReLU()
            )
            (norm3): LayerNorm((256,), eps=1e-05, elementwise_affine=True)
            (norm4): LayerNorm((256,), eps=1e-05, elementwise_affine=True)
            (cross_attn_image_to_token): Attention(
              (q_proj): Linear(in_features=256, out_features=128, bias=True)
              (k_proj): Linear(in_features=256, out_features=128, bias=True)
              (v_proj): Linear(in_features=256, out_features=128, bias=True)
              (out_proj): Linear(in_features=128, out_features=256, bias=True)
            )
          )
        )
        (final_attn_token_to_image): Attention(
          (q_proj): Linear(in_features=256, out_features=128, bias=True)
          (k_proj): Linear(in_features=256, out_features=128, bias=True)
          (v_proj): Linear(in_features=256, out_features=128, bias=True)
          (out_proj): Linear(in_features=128, out_features=256, bias=True)
        )
        (norm_final_attn): LayerNorm((256,), eps=1e-05, elementwise_affine=True)
      )
      (iou_token): Embedding(1, 256)
      (mask_tokens): Embedding(4, 256)
      (obj_score_token): Embedding(1, 256)
      (output_upscaling): Sequential(
        (0): ConvTranspose2d(256, 64, kernel_size=(2, 2), stride=(2, 2))
        (1): LayerNorm2d()
        (2): GELU(approximate='none')
        (3): ConvTranspose2d(64, 32, kernel_size=(2, 2), stride=(2, 2))
        (4): GELU(approximate='none')
      )
      (conv_s0): Conv2d(256, 32, kernel_size=(1, 1), stride=(1, 1))
      (conv_s1): Conv2d(256, 64, kernel_size=(1, 1), stride=(1, 1))
      (output_hypernetworks_mlps): ModuleList(
        (0-3): 4 x MLP(
          (layers): ModuleList(
            (0-1): 2 x Linear(in_features=256, out_features=256, bias=True)
            (2): Linear(in_features=256, out_features=32, bias=True)
          )
        )
      )
      (iou_prediction_head): MLP(
        (layers): ModuleList(
          (0-1): 2 x Linear(in_features=256, out_features=256, bias=True)
          (2): Linear(in_features=256, out_features=4, bias=True)
        )
      )
      (pred_obj_score_head): MLP(
        (layers): ModuleList(
          (0-1): 2 x Linear(in_features=256, out_features=256, bias=True)
          (2): Linear(in_features=256, out_features=1, bias=True)
        )
      )
    )
    (obj_ptr_proj): MLP(
      (layers): ModuleList(
        (0-2): 3 x Linear(in_features=256, out_features=256, bias=True)
      )
    )
    (obj_ptr_tpos_proj): Linear(in_features=256, out_features=64, bias=True)
  )
)
INFO 2026-05-21 21:55:25,567 trainer.py:1250: 	Total parameters 860 M
INFO 2026-05-21 21:55:25,567 trainer.py:1251: 	Trainable parameters 860 M
INFO 2026-05-21 21:55:25,567 trainer.py:1254: 	Non-Trainable parameters 0  
INFO 2026-05-21 21:55:25,567 trainer.py:1257: ====================
INFO 2026-05-21 21:55:50,991 trainer.py:1179: Finished setting up components: Model, loss, optim, meters etc.
INFO 2026-05-21 21:55:50,991 trainer.py: 368: Moving components to device cuda:0 and local rank 0.
INFO 2026-05-21 21:55:50,997 trainer.py: 374: Done moving components to device cuda:0 and local rank 0.
INFO 2026-05-21 21:55:51,020 optimizer.py: 244: Matches for param_name [detector.segmentation_head.*]: {'detector.segmentation_head.pixel_decoder.conv_layers.0.bias', 'detector.segmentation_head.pixel_decoder.norms.1.weight', 'detector.segmentation_head.semantic_seg_head.weight', 'detector.segmentation_head.instance_seg_head.bias', 'detector.segmentation_head.pixel_decoder.norms.2.weight', 'detector.segmentation_head.cross_attend_prompt.in_proj_bias', 'detector.segmentation_head.pixel_decoder.conv_layers.1.weight', 'detector.segmentation_head.cross_attend_prompt.out_proj.weight', 'detector.segmentation_head.cross_attn_norm.weight', 'detector.segmentation_head.cross_attn_norm.bias', 'detector.segmentation_head.mask_predictor.mask_embed.layers.0.weight', 'detector.segmentation_head.mask_predictor.mask_embed.layers.0.bias', 'detector.segmentation_head.pixel_decoder.conv_layers.2.bias', 'detector.segmentation_head.mask_predictor.mask_embed.layers.1.weight', 'detector.segmentation_head.pixel_decoder.conv_layers.0.weight', 'detector.segmentation_head.pixel_decoder.norms.2.bias', 'detector.segmentation_head.mask_predictor.mask_embed.layers.2.weight', 'detector.segmentation_head.pixel_decoder.conv_layers.2.weight', 'detector.segmentation_head.cross_attend_prompt.out_proj.bias', 'detector.segmentation_head.mask_predictor.mask_embed.layers.2.bias', 'detector.segmentation_head.pixel_decoder.norms.0.bias', 'detector.segmentation_head.instance_seg_head.weight', 'detector.segmentation_head.semantic_seg_head.bias', 'detector.segmentation_head.pixel_decoder.norms.0.weight', 'detector.segmentation_head.mask_predictor.mask_embed.layers.1.bias', 'detector.segmentation_head.cross_attend_prompt.in_proj_weight', 'detector.segmentation_head.pixel_decoder.norms.1.bias', 'detector.segmentation_head.pixel_decoder.conv_layers.1.bias'}
INFO 2026-05-21 21:55:51,033 optimizer.py: 244: Matches for param_name [detector.transformer.decoder.*]: {'detector.transformer.decoder.layers.1.self_attn.out_proj.weight', 'detector.transformer.decoder.layers.2.linear1.bias', 'detector.transformer.decoder.layers.4.norm1.bias', 'detector.transformer.decoder.layers.4.self_attn.in_proj_bias', 'detector.transformer.decoder.layers.2.norm2.weight', 'detector.transformer.decoder.layers.5.norm2.bias', 'detector.transformer.decoder.layers.3.self_attn.in_proj_bias', 'detector.transformer.decoder.layers.3.self_attn.out_proj.weight', 'detector.transformer.decoder.layers.1.cross_attn.out_proj.bias', 'detector.transformer.decoder.layers.0.self_attn.out_proj.bias', 'detector.transformer.decoder.layers.3.catext_norm.bias', 'detector.transformer.decoder.layers.5.norm3.weight', 'detector.transformer.decoder.layers.0.self_attn.in_proj_weight', 'detector.transformer.decoder.layers.5.norm1.weight', 'detector.transformer.decoder.layers.4.cross_attn.in_proj_weight', 'detector.transformer.decoder.layers.0.ca_text.in_proj_weight', 'detector.transformer.decoder.layers.5.catext_norm.bias', 'detector.transformer.decoder.layers.4.linear1.bias', 'detector.transformer.decoder.presence_token_head.layers.1.weight', 'detector.transformer.decoder.layers.1.ca_text.out_proj.weight', 'detector.transformer.decoder.layers.1.linear2.bias', 'detector.transformer.decoder.layers.4.norm3.weight', 'detector.transformer.decoder.layers.4.linear2.weight', 'detector.transformer.decoder.layers.5.cross_attn.out_proj.bias', 'detector.transformer.decoder.layers.0.ca_text.out_proj.bias', 'detector.transformer.decoder.layers.1.cross_attn.out_proj.weight', 'detector.transformer.decoder.layers.3.norm3.weight', 'detector.transformer.decoder.layers.1.norm2.weight', 'detector.transformer.decoder.layers.5.catext_norm.weight', 'detector.transformer.decoder.layers.3.norm1.weight', 'detector.transformer.decoder.layers.3.norm3.bias', 'detector.transformer.decoder.layers.1.norm1.weight', 'detector.transformer.decoder.layers.2.linear2.bias', 'detector.transformer.decoder.layers.1.cross_attn.in_proj_bias', 'detector.transformer.decoder.layers.3.ca_text.in_proj_bias', 'detector.transformer.decoder.layers.1.norm2.bias', 'detector.transformer.decoder.layers.1.self_attn.in_proj_bias', 'detector.transformer.decoder.ref_point_head.layers.1.weight', 'detector.transformer.decoder.layers.2.self_attn.out_proj.weight', 'detector.transformer.decoder.boxRPB_embed_y.layers.0.bias', 'detector.transformer.decoder.bbox_embed.layers.0.bias', 'detector.transformer.decoder.bbox_embed.layers.1.weight', 'detector.transformer.decoder.layers.0.norm2.weight', 'detector.transformer.decoder.layers.3.linear1.weight', 'detector.transformer.decoder.layers.2.cross_attn.in_proj_bias', 'detector.transformer.decoder.layers.0.catext_norm.bias', 'detector.transformer.decoder.layers.3.cross_attn.in_proj_weight', 'detector.transformer.decoder.layers.0.cross_attn.out_proj.bias', 'detector.transformer.decoder.layers.1.norm3.bias', 'detector.transformer.decoder.layers.2.cross_attn.in_proj_weight', 'detector.transformer.decoder.layers.1.ca_text.in_proj_weight', 'detector.transformer.decoder.layers.5.norm1.bias', 'detector.transformer.decoder.layers.3.ca_text.out_proj.weight', 'detector.transformer.decoder.layers.1.cross_attn.in_proj_weight', 'detector.transformer.decoder.layers.5.self_attn.out_proj.bias', 'detector.transformer.decoder.layers.1.linear1.bias', 'detector.transformer.decoder.presence_token_head.layers.2.weight', 'detector.transformer.decoder.layers.4.linear1.weight', 'detector.transformer.decoder.layers.1.linear1.weight', 'detector.transformer.decoder.layers.4.linear2.bias', 'detector.transformer.decoder.layers.0.catext_norm.weight', 'detector.transformer.decoder.layers.5.linear1.weight', 'detector.transformer.decoder.norm.weight', 'detector.transformer.decoder.boxRPB_embed_y.layers.1.bias', 'detector.transformer.decoder.layers.5.ca_text.out_proj.weight', 'detector.transformer.decoder.presence_token_head.layers.1.bias', 'detector.transformer.decoder.layers.4.norm2.bias', 'detector.transformer.decoder.layers.1.ca_text.out_proj.bias', 'detector.transformer.decoder.layers.0.norm3.bias', 'detector.transformer.decoder.layers.0.cross_attn.in_proj_bias', 'detector.transformer.decoder.layers.4.self_attn.in_proj_weight', 'detector.transformer.decoder.layers.5.self_attn.in_proj_weight', 'detector.transformer.decoder.layers.4.cross_attn.in_proj_bias', 'detector.transformer.decoder.layers.2.norm2.bias', 'detector.transformer.decoder.boxRPB_embed_x.layers.0.weight', 'detector.transformer.decoder.layers.4.ca_text.out_proj.weight', 'detector.transformer.decoder.layers.2.catext_norm.weight', 'detector.transformer.decoder.layers.2.self_attn.in_proj_weight', 'detector.transformer.decoder.layers.2.ca_text.out_proj.weight', 'detector.transformer.decoder.layers.2.catext_norm.bias', 'detector.transformer.decoder.layers.4.catext_norm.bias', 'detector.transformer.decoder.boxRPB_embed_x.layers.1.weight', 'detector.transformer.decoder.layers.0.ca_text.in_proj_bias', 'detector.transformer.decoder.bbox_embed.layers.2.bias', 'detector.transformer.decoder.layers.1.catext_norm.weight', 'detector.transformer.decoder.layers.0.cross_attn.out_proj.weight', 'detector.transformer.decoder.layers.5.cross_attn.in_proj_bias', 'detector.transformer.decoder.layers.4.norm1.weight', 'detector.transformer.decoder.layers.4.norm2.weight', 'detector.transformer.decoder.layers.5.norm2.weight', 'detector.transformer.decoder.layers.2.self_attn.out_proj.bias', 'detector.transformer.decoder.boxRPB_embed_y.layers.1.weight', 'detector.transformer.decoder.query_embed.weight', 'detector.transformer.decoder.layers.2.cross_attn.out_proj.weight', 'detector.transformer.decoder.layers.1.norm1.bias', 'detector.transformer.decoder.reference_points.weight', 'detector.transformer.decoder.boxRPB_embed_x.layers.1.bias', 'detector.transformer.decoder.layers.2.norm3.weight', 'detector.transformer.decoder.presence_token_out_norm.bias', 'detector.transformer.decoder.layers.5.self_attn.out_proj.weight', 'detector.transformer.decoder.layers.2.self_attn.in_proj_bias', 'detector.transformer.decoder.layers.0.linear1.weight', 'detector.transformer.decoder.layers.3.self_attn.out_proj.bias', 'detector.transformer.decoder.layers.5.linear2.bias', 'detector.transformer.decoder.layers.4.ca_text.in_proj_weight', 'detector.transformer.decoder.layers.1.ca_text.in_proj_bias', 'detector.transformer.decoder.layers.5.ca_text.in_proj_weight', 'detector.transformer.decoder.layers.2.cross_attn.out_proj.bias', 'detector.transformer.decoder.layers.5.linear2.weight', 'detector.transformer.decoder.layers.2.norm1.weight', 'detector.transformer.decoder.layers.5.ca_text.out_proj.bias', 'detector.transformer.decoder.layers.0.norm3.weight', 'detector.transformer.decoder.layers.4.ca_text.in_proj_bias', 'detector.transformer.decoder.layers.3.cross_attn.out_proj.bias', 'detector.transformer.decoder.layers.2.ca_text.in_proj_weight', 'detector.transformer.decoder.layers.2.ca_text.out_proj.bias', 'detector.transformer.decoder.layers.0.linear1.bias', 'detector.transformer.decoder.layers.2.linear2.weight', 'detector.transformer.decoder.presence_token_out_norm.weight', 'detector.transformer.decoder.layers.4.norm3.bias', 'detector.transformer.decoder.layers.1.catext_norm.bias', 'detector.transformer.decoder.layers.2.norm3.bias', 'detector.transformer.decoder.bbox_embed.layers.0.weight', 'detector.transformer.decoder.layers.5.norm3.bias', 'detector.transformer.decoder.layers.3.norm1.bias', 'detector.transformer.decoder.layers.5.cross_attn.out_proj.weight', 'detector.transformer.decoder.layers.0.norm1.weight', 'detector.transformer.decoder.layers.3.catext_norm.weight', 'detector.transformer.decoder.presence_token_head.layers.0.bias', 'detector.transformer.decoder.layers.2.norm1.bias', 'detector.transformer.decoder.layers.3.ca_text.in_proj_weight', 'detector.transformer.decoder.layers.4.cross_attn.out_proj.bias', 'detector.transformer.decoder.norm.bias', 'detector.transformer.decoder.layers.1.self_attn.out_proj.bias', 'detector.transformer.decoder.layers.0.self_attn.in_proj_bias', 'detector.transformer.decoder.layers.2.ca_text.in_proj_bias', 'detector.transformer.decoder.layers.1.linear2.weight', 'detector.transformer.decoder.layers.5.ca_text.in_proj_bias', 'detector.transformer.decoder.layers.4.catext_norm.weight', 'detector.transformer.decoder.layers.5.cross_attn.in_proj_weight', 'detector.transformer.decoder.layers.0.ca_text.out_proj.weight', 'detector.transformer.decoder.layers.4.ca_text.out_proj.bias', 'detector.transformer.decoder.layers.1.norm3.weight', 'detector.transformer.decoder.layers.1.self_attn.in_proj_weight', 'detector.transformer.decoder.layers.3.linear1.bias', 'detector.transformer.decoder.layers.5.self_attn.in_proj_bias', 'detector.transformer.decoder.bbox_embed.layers.1.bias', 'detector.transformer.decoder.layers.3.ca_text.out_proj.bias', 'detector.transformer.decoder.layers.3.linear2.weight', 'detector.transformer.decoder.layers.3.cross_attn.out_proj.weight', 'detector.transformer.decoder.boxRPB_embed_x.layers.0.bias', 'detector.transformer.decoder.layers.0.self_attn.out_proj.weight', 'detector.transformer.decoder.layers.2.linear1.weight', 'detector.transformer.decoder.layers.0.norm2.bias', 'detector.transformer.decoder.presence_token_head.layers.0.weight', 'detector.transformer.decoder.ref_point_head.layers.1.bias', 'detector.transformer.decoder.layers.4.cross_attn.out_proj.weight', 'detector.transformer.decoder.layers.3.norm2.weight', 'detector.transformer.decoder.ref_point_head.layers.0.weight', 'detector.transformer.decoder.layers.4.self_attn.out_proj.weight', 'detector.transformer.decoder.layers.0.linear2.bias', 'detector.transformer.decoder.layers.3.self_attn.in_proj_weight', 'detector.transformer.decoder.layers.3.cross_attn.in_proj_bias', 'detector.transformer.decoder.layers.3.linear2.bias', 'detector.transformer.decoder.layers.3.norm2.bias', 'detector.transformer.decoder.bbox_embed.layers.2.weight', 'detector.transformer.decoder.layers.0.cross_attn.in_proj_weight', 'detector.transformer.decoder.ref_point_head.layers.0.bias', 'detector.transformer.decoder.boxRPB_embed_y.layers.0.weight', 'detector.transformer.decoder.layers.0.linear2.weight', 'detector.transformer.decoder.layers.5.linear1.bias', 'detector.transformer.decoder.layers.0.norm1.bias', 'detector.transformer.decoder.presence_token.weight', 'detector.transformer.decoder.layers.4.self_attn.out_proj.bias', 'detector.transformer.decoder.presence_token_head.layers.2.bias'}
INFO 2026-05-21 21:55:51,058 optimizer.py: 244: Matches for param_name [detector.dot_prod_scoring.*]: {'detector.dot_prod_scoring.prompt_proj.bias', 'detector.dot_prod_scoring.prompt_mlp.layers.1.bias', 'detector.dot_prod_scoring.prompt_proj.weight', 'detector.dot_prod_scoring.prompt_mlp.layers.0.weight', 'detector.dot_prod_scoring.prompt_mlp.layers.1.weight', 'detector.dot_prod_scoring.hs_proj.weight', 'detector.dot_prod_scoring.prompt_mlp.out_norm.bias', 'detector.dot_prod_scoring.prompt_mlp.layers.0.bias', 'detector.dot_prod_scoring.prompt_mlp.out_norm.weight', 'detector.dot_prod_scoring.hs_proj.bias'}
INFO 2026-05-21 21:55:51,058 optimizer.py: 244: Matches for param_name [tracker.sam_mask_decoder.*]: {'tracker.sam_mask_decoder.output_hypernetworks_mlps.0.layers.0.weight', 'tracker.sam_mask_decoder.obj_score_token.weight', 'tracker.sam_mask_decoder.transformer.layers.0.self_attn.v_proj.weight', 'tracker.sam_mask_decoder.transformer.layers.1.self_attn.out_proj.weight', 'tracker.sam_mask_decoder.pred_obj_score_head.layers.0.bias', 'tracker.sam_mask_decoder.output_hypernetworks_mlps.1.layers.0.bias', 'tracker.sam_mask_decoder.transformer.final_attn_token_to_image.k_proj.weight', 'tracker.sam_mask_decoder.transformer.layers.1.mlp.lin2.weight', 'tracker.sam_mask_decoder.transformer.final_attn_token_to_image.k_proj.bias', 'tracker.sam_mask_decoder.transformer.layers.1.self_attn.v_proj.bias', 'tracker.sam_mask_decoder.output_upscaling.3.bias', 'tracker.sam_mask_decoder.transformer.layers.1.self_attn.v_proj.weight', 'tracker.sam_mask_decoder.iou_prediction_head.layers.2.bias', 'tracker.sam_mask_decoder.output_hypernetworks_mlps.0.layers.0.bias', 'tracker.sam_mask_decoder.transformer.layers.0.norm3.weight', 'tracker.sam_mask_decoder.conv_s1.bias', 'tracker.sam_mask_decoder.transformer.layers.1.cross_attn_image_to_token.k_proj.bias', 'tracker.sam_mask_decoder.transformer.layers.0.cross_attn_image_to_token.q_proj.weight', 'tracker.sam_mask_decoder.transformer.layers.0.norm2.bias', 'tracker.sam_mask_decoder.conv_s1.weight', 'tracker.sam_mask_decoder.transformer.layers.1.norm4.bias', 'tracker.sam_mask_decoder.transformer.layers.0.cross_attn_token_to_image.k_proj.weight', 'tracker.sam_mask_decoder.transformer.layers.0.cross_attn_token_to_image.q_proj.bias', 'tracker.sam_mask_decoder.transformer.layers.0.cross_attn_token_to_image.out_proj.bias', 'tracker.sam_mask_decoder.transformer.layers.1.mlp.lin1.weight', 'tracker.sam_mask_decoder.transformer.layers.1.norm1.weight', 'tracker.sam_mask_decoder.iou_prediction_head.layers.0.bias', 'tracker.sam_mask_decoder.output_hypernetworks_mlps.2.layers.0.weight', 'tracker.sam_mask_decoder.transformer.layers.1.self_attn.out_proj.bias', 'tracker.sam_mask_decoder.transformer.layers.0.norm4.weight', 'tracker.sam_mask_decoder.transformer.layers.0.cross_attn_token_to_image.out_proj.weight', 'tracker.sam_mask_decoder.transformer.layers.1.cross_attn_token_to_image.out_proj.weight', 'tracker.sam_mask_decoder.transformer.final_attn_token_to_image.out_proj.bias', 'tracker.sam_mask_decoder.transformer.layers.0.cross_attn_token_to_image.v_proj.weight', 'tracker.sam_mask_decoder.transformer.layers.1.self_attn.k_proj.weight', 'tracker.sam_mask_decoder.transformer.layers.0.self_attn.k_proj.weight', 'tracker.sam_mask_decoder.conv_s0.weight', 'tracker.sam_mask_decoder.transformer.layers.1.mlp.lin2.bias', 'tracker.sam_mask_decoder.output_hypernetworks_mlps.0.layers.2.bias', 'tracker.sam_mask_decoder.transformer.norm_final_attn.weight', 'tracker.sam_mask_decoder.transformer.layers.1.cross_attn_image_to_token.out_proj.bias', 'tracker.sam_mask_decoder.output_hypernetworks_mlps.1.layers.1.bias', 'tracker.sam_mask_decoder.output_hypernetworks_mlps.0.layers.1.weight', 'tracker.sam_mask_decoder.transformer.layers.1.self_attn.q_proj.weight', 'tracker.sam_mask_decoder.transformer.layers.0.cross_attn_image_to_token.q_proj.bias', 'tracker.sam_mask_decoder.output_hypernetworks_mlps.3.layers.1.weight', 'tracker.sam_mask_decoder.output_hypernetworks_mlps.0.layers.1.bias', 'tracker.sam_mask_decoder.pred_obj_score_head.layers.2.bias', 'tracker.sam_mask_decoder.transformer.layers.0.cross_attn_image_to_token.out_proj.weight', 'tracker.sam_mask_decoder.output_hypernetworks_mlps.3.layers.1.bias', 'tracker.sam_mask_decoder.transformer.final_attn_token_to_image.v_proj.weight', 'tracker.sam_mask_decoder.output_hypernetworks_mlps.2.layers.2.bias', 'tracker.sam_mask_decoder.transformer.layers.0.self_attn.out_proj.bias', 'tracker.sam_mask_decoder.iou_prediction_head.layers.1.weight', 'tracker.sam_mask_decoder.transformer.layers.1.cross_attn_image_to_token.v_proj.bias', 'tracker.sam_mask_decoder.transformer.layers.1.norm2.weight', 'tracker.sam_mask_decoder.output_upscaling.0.bias', 'tracker.sam_mask_decoder.transformer.final_attn_token_to_image.out_proj.weight', 'tracker.sam_mask_decoder.transformer.layers.1.cross_attn_token_to_image.q_proj.weight', 'tracker.sam_mask_decoder.transformer.final_attn_token_to_image.q_proj.weight', 'tracker.sam_mask_decoder.transformer.layers.1.cross_attn_token_to_image.q_proj.bias', 'tracker.sam_mask_decoder.transformer.layers.1.cross_attn_token_to_image.v_proj.bias', 'tracker.sam_mask_decoder.output_upscaling.3.weight', 'tracker.sam_mask_decoder.transformer.layers.0.norm1.weight', 'tracker.sam_mask_decoder.transformer.layers.1.cross_attn_image_to_token.q_proj.bias', 'tracker.sam_mask_decoder.transformer.layers.0.mlp.lin2.weight', 'tracker.sam_mask_decoder.output_hypernetworks_mlps.2.layers.0.bias', 'tracker.sam_mask_decoder.transformer.layers.1.norm4.weight', 'tracker.sam_mask_decoder.output_hypernetworks_mlps.0.layers.2.weight', 'tracker.sam_mask_decoder.transformer.layers.0.cross_attn_token_to_image.q_proj.weight', 'tracker.sam_mask_decoder.pred_obj_score_head.layers.2.weight', 'tracker.sam_mask_decoder.pred_obj_score_head.layers.0.weight', 'tracker.sam_mask_decoder.transformer.layers.1.norm1.bias', 'tracker.sam_mask_decoder.output_upscaling.0.weight', 'tracker.sam_mask_decoder.output_upscaling.1.weight', 'tracker.sam_mask_decoder.transformer.layers.1.norm3.bias', 'tracker.sam_mask_decoder.transformer.layers.0.cross_attn_token_to_image.k_proj.bias', 'tracker.sam_mask_decoder.output_hypernetworks_mlps.3.layers.0.weight', 'tracker.sam_mask_decoder.mask_tokens.weight', 'tracker.sam_mask_decoder.iou_token.weight', 'tracker.sam_mask_decoder.transformer.layers.0.cross_attn_image_to_token.k_proj.bias', 'tracker.sam_mask_decoder.output_hypernetworks_mlps.3.layers.0.bias', 'tracker.sam_mask_decoder.transformer.layers.1.cross_attn_image_to_token.k_proj.weight', 'tracker.sam_mask_decoder.transformer.layers.1.cross_attn_token_to_image.out_proj.bias', 'tracker.sam_mask_decoder.transformer.layers.0.self_attn.out_proj.weight', 'tracker.sam_mask_decoder.output_hypernetworks_mlps.2.layers.1.bias', 'tracker.sam_mask_decoder.transformer.layers.0.self_attn.k_proj.bias', 'tracker.sam_mask_decoder.transformer.layers.1.norm3.weight', 'tracker.sam_mask_decoder.transformer.layers.0.self_attn.q_proj.weight', 'tracker.sam_mask_decoder.transformer.layers.1.norm2.bias', 'tracker.sam_mask_decoder.transformer.final_attn_token_to_image.v_proj.bias', 'tracker.sam_mask_decoder.transformer.layers.1.cross_attn_image_to_token.out_proj.weight', 'tracker.sam_mask_decoder.output_hypernetworks_mlps.2.layers.2.weight', 'tracker.sam_mask_decoder.output_hypernetworks_mlps.1.layers.2.weight', 'tracker.sam_mask_decoder.transformer.layers.0.norm3.bias', 'tracker.sam_mask_decoder.output_hypernetworks_mlps.3.layers.2.bias', 'tracker.sam_mask_decoder.transformer.layers.0.norm1.bias', 'tracker.sam_mask_decoder.iou_prediction_head.layers.0.weight', 'tracker.sam_mask_decoder.transformer.layers.1.self_attn.q_proj.bias', 'tracker.sam_mask_decoder.transformer.layers.0.norm2.weight', 'tracker.sam_mask_decoder.transformer.layers.0.cross_attn_image_to_token.v_proj.bias', 'tracker.sam_mask_decoder.transformer.layers.0.cross_attn_image_to_token.v_proj.weight', 'tracker.sam_mask_decoder.transformer.layers.1.cross_attn_token_to_image.v_proj.weight', 'tracker.sam_mask_decoder.transformer.layers.1.cross_attn_token_to_image.k_proj.weight', 'tracker.sam_mask_decoder.transformer.layers.1.mlp.lin1.bias', 'tracker.sam_mask_decoder.pred_obj_score_head.layers.1.bias', 'tracker.sam_mask_decoder.transformer.layers.0.norm4.bias', 'tracker.sam_mask_decoder.output_hypernetworks_mlps.1.layers.1.weight', 'tracker.sam_mask_decoder.iou_prediction_head.layers.2.weight', 'tracker.sam_mask_decoder.transformer.layers.0.cross_attn_image_to_token.k_proj.weight', 'tracker.sam_mask_decoder.transformer.layers.0.cross_attn_image_to_token.out_proj.bias', 'tracker.sam_mask_decoder.transformer.layers.1.cross_attn_image_to_token.v_proj.weight', 'tracker.sam_mask_decoder.pred_obj_score_head.layers.1.weight', 'tracker.sam_mask_decoder.transformer.layers.1.self_attn.k_proj.bias', 'tracker.sam_mask_decoder.transformer.layers.0.mlp.lin2.bias', 'tracker.sam_mask_decoder.output_hypernetworks_mlps.1.layers.0.weight', 'tracker.sam_mask_decoder.transformer.layers.1.cross_attn_image_to_token.q_proj.weight', 'tracker.sam_mask_decoder.transformer.norm_final_attn.bias', 'tracker.sam_mask_decoder.output_upscaling.1.bias', 'tracker.sam_mask_decoder.transformer.layers.0.mlp.lin1.bias', 'tracker.sam_mask_decoder.output_hypernetworks_mlps.2.layers.1.weight', 'tracker.sam_mask_decoder.transformer.final_attn_token_to_image.q_proj.bias', 'tracker.sam_mask_decoder.output_hypernetworks_mlps.3.layers.2.weight', 'tracker.sam_mask_decoder.transformer.layers.0.self_attn.q_proj.bias', 'tracker.sam_mask_decoder.transformer.layers.0.cross_attn_token_to_image.v_proj.bias', 'tracker.sam_mask_decoder.transformer.layers.0.mlp.lin1.weight', 'tracker.sam_mask_decoder.transformer.layers.1.cross_attn_token_to_image.k_proj.bias', 'tracker.sam_mask_decoder.transformer.layers.0.self_attn.v_proj.bias', 'tracker.sam_mask_decoder.output_hypernetworks_mlps.1.layers.2.bias', 'tracker.sam_mask_decoder.iou_prediction_head.layers.1.bias', 'tracker.sam_mask_decoder.conv_s0.bias'}
INFO 2026-05-21 21:55:51,150 optimizer.py: 244: Matches for param_name [detector.backbone.vision_backbone.*]: {'detector.backbone.vision_backbone.trunk.blocks.12.norm2.weight', 'detector.backbone.vision_backbone.trunk.blocks.29.norm1.weight', 'detector.backbone.vision_backbone.trunk.blocks.11.attn.qkv.bias', 'detector.backbone.vision_backbone.trunk.blocks.10.mlp.fc1.bias', 'detector.backbone.vision_backbone.trunk.blocks.3.attn.proj.weight', 'detector.backbone.vision_backbone.trunk.blocks.14.attn.qkv.bias', 'detector.backbone.vision_backbone.trunk.blocks.16.mlp.fc2.weight', 'detector.backbone.vision_backbone.trunk.blocks.12.attn.qkv.weight', 'detector.backbone.vision_backbone.trunk.blocks.26.attn.qkv.bias', 'detector.backbone.vision_backbone.trunk.blocks.26.attn.qkv.weight', 'detector.backbone.vision_backbone.trunk.blocks.27.attn.proj.bias', 'detector.backbone.vision_backbone.trunk.blocks.8.norm1.weight', 'detector.backbone.vision_backbone.trunk.blocks.25.mlp.fc2.bias', 'detector.backbone.vision_backbone.trunk.blocks.19.norm1.bias', 'detector.backbone.vision_backbone.trunk.blocks.30.norm2.weight', 'detector.backbone.vision_backbone.trunk.blocks.22.mlp.fc2.bias', 'detector.backbone.vision_backbone.convs.0.dconv_2x2_0.bias', 'detector.backbone.vision_backbone.trunk.blocks.2.norm1.weight', 'detector.backbone.vision_backbone.trunk.blocks.27.attn.qkv.weight', 'detector.backbone.vision_backbone.trunk.blocks.7.mlp.fc2.bias', 'detector.backbone.vision_backbone.trunk.blocks.7.mlp.fc1.weight', 'detector.backbone.vision_backbone.trunk.blocks.23.mlp.fc1.weight', 'detector.backbone.vision_backbone.trunk.blocks.10.attn.qkv.weight', 'detector.backbone.vision_backbone.trunk.blocks.6.norm2.weight', 'detector.backbone.vision_backbone.trunk.blocks.20.attn.qkv.bias', 'detector.backbone.vision_backbone.trunk.blocks.19.attn.qkv.bias', 'detector.backbone.vision_backbone.trunk.blocks.0.norm1.bias', 'detector.backbone.vision_backbone.trunk.blocks.16.norm2.bias', 'detector.backbone.vision_backbone.trunk.blocks.11.norm1.bias', 'detector.backbone.vision_backbone.trunk.blocks.15.attn.proj.bias', 'detector.backbone.vision_backbone.trunk.blocks.4.mlp.fc2.weight', 'detector.backbone.vision_backbone.trunk.blocks.22.attn.proj.bias', 'detector.backbone.vision_backbone.trunk.blocks.23.norm2.weight', 'detector.backbone.vision_backbone.trunk.blocks.2.mlp.fc2.weight', 'detector.backbone.vision_backbone.trunk.blocks.17.attn.qkv.weight', 'detector.backbone.vision_backbone.convs.3.conv_3x3.bias', 'detector.backbone.vision_backbone.trunk.blocks.0.norm2.bias', 'detector.backbone.vision_backbone.trunk.blocks.8.mlp.fc1.bias', 'detector.backbone.vision_backbone.sam2_convs.2.conv_1x1.bias', 'detector.backbone.vision_backbone.trunk.blocks.24.mlp.fc1.bias', 'detector.backbone.vision_backbone.trunk.blocks.9.attn.proj.bias', 'detector.backbone.vision_backbone.trunk.blocks.10.attn.proj.weight', 'detector.backbone.vision_backbone.trunk.blocks.19.mlp.fc2.weight', 'detector.backbone.vision_backbone.convs.2.conv_3x3.bias', 'detector.backbone.vision_backbone.trunk.blocks.5.attn.proj.bias', 'detector.backbone.vision_backbone.trunk.blocks.16.attn.proj.bias', 'detector.backbone.vision_backbone.trunk.blocks.24.attn.proj.bias', 'detector.backbone.vision_backbone.trunk.blocks.9.norm2.weight', 'detector.backbone.vision_backbone.sam2_convs.3.conv_1x1.bias', 'detector.backbone.vision_backbone.trunk.blocks.0.mlp.fc1.bias', 'detector.backbone.vision_backbone.trunk.blocks.3.attn.qkv.bias', 'detector.backbone.vision_backbone.trunk.blocks.28.mlp.fc2.bias', 'detector.backbone.vision_backbone.trunk.blocks.22.mlp.fc1.weight', 'detector.backbone.vision_backbone.trunk.blocks.6.mlp.fc2.bias', 'detector.backbone.vision_backbone.trunk.blocks.17.mlp.fc1.bias', 'detector.backbone.vision_backbone.trunk.blocks.14.attn.proj.weight', 'detector.backbone.vision_backbone.trunk.blocks.10.mlp.fc1.weight', 'detector.backbone.vision_backbone.trunk.blocks.8.mlp.fc2.bias', 'detector.backbone.vision_backbone.trunk.blocks.2.mlp.fc1.bias', 'detector.backbone.vision_backbone.trunk.blocks.8.attn.proj.weight', 'detector.backbone.vision_backbone.trunk.blocks.16.norm2.weight', 'detector.backbone.vision_backbone.trunk.blocks.27.mlp.fc2.bias', 'detector.backbone.vision_backbone.trunk.blocks.7.attn.qkv.bias', 'detector.backbone.vision_backbone.trunk.blocks.4.attn.qkv.bias', 'detector.backbone.vision_backbone.trunk.blocks.29.mlp.fc1.bias', 'detector.backbone.vision_backbone.trunk.blocks.15.norm1.bias', 'detector.backbone.vision_backbone.trunk.blocks.9.mlp.fc1.weight', 'detector.backbone.vision_backbone.trunk.blocks.31.attn.proj.bias', 'detector.backbone.vision_backbone.sam2_convs.1.dconv_2x2.weight', 'detector.backbone.vision_backbone.trunk.blocks.9.mlp.fc2.bias', 'detector.backbone.vision_backbone.trunk.blocks.3.attn.qkv.weight', 'detector.backbone.vision_backbone.trunk.blocks.0.mlp.fc1.weight', 'detector.backbone.vision_backbone.trunk.blocks.13.mlp.fc2.weight', 'detector.backbone.vision_backbone.trunk.blocks.1.mlp.fc2.weight', 'detector.backbone.vision_backbone.trunk.blocks.25.mlp.fc1.bias', 'detector.backbone.vision_backbone.trunk.blocks.18.attn.proj.weight', 'detector.backbone.vision_backbone.trunk.blocks.0.norm2.weight', 'detector.backbone.vision_backbone.trunk.blocks.15.norm2.weight', 'detector.backbone.vision_backbone.trunk.blocks.9.attn.qkv.bias', 'detector.backbone.vision_backbone.trunk.blocks.0.norm1.weight', 'detector.backbone.vision_backbone.trunk.blocks.23.attn.qkv.bias', 'detector.backbone.vision_backbone.sam2_convs.3.conv_3x3.weight', 'detector.backbone.vision_backbone.trunk.blocks.29.attn.qkv.weight', 'detector.backbone.vision_backbone.trunk.blocks.8.attn.proj.bias', 'detector.backbone.vision_backbone.trunk.blocks.24.mlp.fc2.bias', 'detector.backbone.vision_backbone.trunk.blocks.2.attn.qkv.bias', 'detector.backbone.vision_backbone.sam2_convs.0.dconv_2x2_0.weight', 'detector.backbone.vision_backbone.trunk.blocks.21.attn.qkv.bias', 'detector.backbone.vision_backbone.trunk.blocks.14.norm1.bias', 'detector.backbone.vision_backbone.trunk.blocks.20.mlp.fc2.weight', 'detector.backbone.vision_backbone.trunk.blocks.3.mlp.fc1.weight', 'detector.backbone.vision_backbone.trunk.blocks.1.norm1.weight', 'detector.backbone.vision_backbone.convs.0.conv_1x1.weight', 'detector.backbone.vision_backbone.trunk.blocks.27.norm2.bias', 'detector.backbone.vision_backbone.trunk.blocks.23.attn.proj.bias', 'detector.backbone.vision_backbone.trunk.blocks.20.mlp.fc1.bias', 'detector.backbone.vision_backbone.trunk.blocks.0.mlp.fc2.weight', 'detector.backbone.vision_backbone.trunk.blocks.12.norm2.bias', 'detector.backbone.vision_backbone.convs.1.dconv_2x2.weight', 'detector.backbone.vision_backbone.trunk.blocks.31.attn.qkv.bias', 'detector.backbone.vision_backbone.sam2_convs.3.conv_3x3.bias', 'detector.backbone.vision_backbone.trunk.blocks.14.attn.proj.bias', 'detector.backbone.vision_backbone.trunk.blocks.24.attn.qkv.weight', 'detector.backbone.vision_backbone.trunk.blocks.12.attn.proj.weight', 'detector.backbone.vision_backbone.trunk.blocks.23.attn.proj.weight', 'detector.backbone.vision_backbone.trunk.blocks.8.norm2.bias', 'detector.backbone.vision_backbone.trunk.blocks.11.norm2.weight', 'detector.backbone.vision_backbone.trunk.blocks.12.norm1.bias', 'detector.backbone.vision_backbone.trunk.blocks.15.attn.qkv.weight', 'detector.backbone.vision_backbone.trunk.blocks.3.norm2.bias', 'detector.backbone.vision_backbone.trunk.blocks.15.attn.proj.weight', 'detector.backbone.vision_backbone.trunk.blocks.16.mlp.fc1.bias', 'detector.backbone.vision_backbone.trunk.blocks.8.attn.qkv.weight', 'detector.backbone.vision_backbone.trunk.blocks.5.norm2.bias', 'detector.backbone.vision_backbone.trunk.blocks.20.attn.proj.weight', 'detector.backbone.vision_backbone.sam2_convs.1.dconv_2x2.bias', 'detector.backbone.vision_backbone.trunk.blocks.31.mlp.fc1.weight', 'detector.backbone.vision_backbone.trunk.blocks.11.mlp.fc1.weight', 'detector.backbone.vision_backbone.trunk.blocks.18.mlp.fc1.weight', 'detector.backbone.vision_backbone.trunk.patch_embed.proj.weight', 'detector.backbone.vision_backbone.trunk.blocks.26.norm1.bias', 'detector.backbone.vision_backbone.trunk.blocks.13.norm1.weight', 'detector.backbone.vision_backbone.trunk.blocks.21.mlp.fc1.weight', 'detector.backbone.vision_backbone.trunk.blocks.8.mlp.fc2.weight', 'detector.backbone.vision_backbone.trunk.blocks.6.attn.proj.bias', 'detector.backbone.vision_backbone.sam2_convs.0.conv_3x3.weight', 'detector.backbone.vision_backbone.trunk.blocks.23.mlp.fc2.weight', 'detector.backbone.vision_backbone.sam2_convs.0.conv_1x1.weight', 'detector.backbone.vision_backbone.trunk.blocks.27.attn.proj.weight', 'detector.backbone.vision_backbone.trunk.blocks.9.mlp.fc2.weight', 'detector.backbone.vision_backbone.trunk.blocks.24.attn.qkv.bias', 'detector.backbone.vision_backbone.trunk.blocks.7.attn.qkv.weight', 'detector.backbone.vision_backbone.trunk.blocks.3.attn.proj.bias', 'detector.backbone.vision_backbone.trunk.blocks.6.norm1.weight', 'detector.backbone.vision_backbone.trunk.blocks.1.attn.qkv.weight', 'detector.backbone.vision_backbone.trunk.blocks.2.norm1.bias', 'detector.backbone.vision_backbone.trunk.blocks.23.mlp.fc1.bias', 'detector.backbone.vision_backbone.trunk.blocks.3.mlp.fc1.bias', 'detector.backbone.vision_backbone.trunk.blocks.6.norm2.bias', 'detector.backbone.vision_backbone.trunk.blocks.15.norm2.bias', 'detector.backbone.vision_backbone.trunk.blocks.17.norm2.bias', 'detector.backbone.vision_backbone.trunk.blocks.4.mlp.fc1.weight', 'detector.backbone.vision_backbone.trunk.blocks.7.norm1.bias', 'detector.backbone.vision_backbone.trunk.blocks.15.norm1.weight', 'detector.backbone.vision_backbone.trunk.blocks.15.mlp.fc2.weight', 'detector.backbone.vision_backbone.trunk.blocks.5.norm2.weight', 'detector.backbone.vision_backbone.trunk.blocks.22.norm1.weight', 'detector.backbone.vision_backbone.sam2_convs.1.conv_3x3.bias', 'detector.backbone.vision_backbone.trunk.blocks.22.mlp.fc2.weight', 'detector.backbone.vision_backbone.trunk.blocks.7.attn.proj.bias', 'detector.backbone.vision_backbone.sam2_convs.0.dconv_2x2_1.weight', 'detector.backbone.vision_backbone.trunk.blocks.17.mlp.fc1.weight', 'detector.backbone.vision_backbone.trunk.blocks.16.attn.qkv.weight', 'detector.backbone.vision_backbone.trunk.blocks.30.norm1.weight', 'detector.backbone.vision_backbone.trunk.blocks.26.attn.proj.weight', 'detector.backbone.vision_backbone.trunk.blocks.30.norm2.bias', 'detector.backbone.vision_backbone.trunk.ln_pre.bias', 'detector.backbone.vision_backbone.trunk.blocks.26.mlp.fc2.weight', 'detector.backbone.vision_backbone.trunk.blocks.5.norm1.weight', 'detector.backbone.vision_backbone.trunk.blocks.5.attn.qkv.bias', 'detector.backbone.vision_backbone.trunk.blocks.29.norm2.bias', 'detector.backbone.vision_backbone.trunk.blocks.5.mlp.fc2.weight', 'detector.backbone.vision_backbone.trunk.blocks.25.attn.qkv.bias', 'detector.backbone.vision_backbone.trunk.blocks.6.norm1.bias', 'detector.backbone.vision_backbone.trunk.blocks.1.norm2.bias', 'detector.backbone.vision_backbone.trunk.blocks.22.norm2.bias', 'detector.backbone.vision_backbone.trunk.blocks.31.mlp.fc2.weight', 'detector.backbone.vision_backbone.trunk.blocks.28.mlp.fc1.weight', 'detector.backbone.vision_backbone.trunk.blocks.7.norm2.weight', 'detector.backbone.vision_backbone.trunk.blocks.31.mlp.fc1.bias', 'detector.backbone.vision_backbone.trunk.blocks.17.norm2.weight', 'detector.backbone.vision_backbone.trunk.blocks.29.norm2.weight', 'detector.backbone.vision_backbone.convs.2.conv_3x3.weight', 'detector.backbone.vision_backbone.trunk.blocks.18.norm1.weight', 'detector.backbone.vision_backbone.trunk.blocks.10.norm2.bias', 'detector.backbone.vision_backbone.trunk.blocks.28.norm1.weight', 'detector.backbone.vision_backbone.trunk.blocks.28.mlp.fc1.bias', 'detector.backbone.vision_backbone.trunk.blocks.24.norm1.weight', 'detector.backbone.vision_backbone.trunk.blocks.19.mlp.fc2.bias', 'detector.backbone.vision_backbone.trunk.blocks.15.mlp.fc2.bias', 'detector.backbone.vision_backbone.trunk.blocks.10.norm1.weight', 'detector.backbone.vision_backbone.trunk.blocks.4.norm2.weight', 'detector.backbone.vision_backbone.convs.0.dconv_2x2_0.weight', 'detector.backbone.vision_backbone.convs.1.conv_1x1.weight', 'detector.backbone.vision_backbone.trunk.blocks.22.mlp.fc1.bias', 'detector.backbone.vision_backbone.convs.1.conv_1x1.bias', 'detector.backbone.vision_backbone.trunk.blocks.23.norm2.bias', 'detector.backbone.vision_backbone.convs.3.conv_3x3.weight', 'detector.backbone.vision_backbone.sam2_convs.0.conv_1x1.bias', 'detector.backbone.vision_backbone.trunk.blocks.19.mlp.fc1.bias', 'detector.backbone.vision_backbone.trunk.ln_pre.weight', 'detector.backbone.vision_backbone.trunk.pos_embed', 'detector.backbone.vision_backbone.trunk.blocks.4.norm1.weight', 'detector.backbone.vision_backbone.trunk.blocks.26.mlp.fc2.bias', 'detector.backbone.vision_backbone.trunk.blocks.1.attn.proj.weight', 'detector.backbone.vision_backbone.convs.2.conv_1x1.bias', 'detector.backbone.vision_backbone.trunk.blocks.28.attn.proj.bias', 'detector.backbone.vision_backbone.convs.0.conv_1x1.bias', 'detector.backbone.vision_backbone.trunk.blocks.5.attn.qkv.weight', 'detector.backbone.vision_backbone.trunk.blocks.13.attn.qkv.bias', 'detector.backbone.vision_backbone.trunk.blocks.21.attn.proj.weight', 'detector.backbone.vision_backbone.trunk.blocks.9.norm1.weight', 'detector.backbone.vision_backbone.convs.1.dconv_2x2.bias', 'detector.backbone.vision_backbone.trunk.blocks.27.mlp.fc1.weight', 'detector.backbone.vision_backbone.trunk.blocks.5.norm1.bias', 'detector.backbone.vision_backbone.trunk.blocks.25.norm1.bias', 'detector.backbone.vision_backbone.trunk.blocks.21.attn.proj.bias', 'detector.backbone.vision_backbone.trunk.blocks.29.norm1.bias', 'detector.backbone.vision_backbone.sam2_convs.2.conv_3x3.weight', 'detector.backbone.vision_backbone.sam2_convs.0.conv_3x3.bias', 'detector.backbone.vision_backbone.trunk.blocks.14.mlp.fc2.bias', 'detector.backbone.vision_backbone.trunk.blocks.30.mlp.fc1.bias', 'detector.backbone.vision_backbone.trunk.blocks.4.mlp.fc2.bias', 'detector.backbone.vision_backbone.trunk.blocks.13.mlp.fc1.weight', 'detector.backbone.vision_backbone.trunk.blocks.4.mlp.fc1.bias', 'detector.backbone.vision_backbone.trunk.blocks.9.attn.proj.weight', 'detector.backbone.vision_backbone.sam2_convs.1.conv_1x1.bias', 'detector.backbone.vision_backbone.trunk.blocks.20.mlp.fc1.weight', 'detector.backbone.vision_backbone.convs.0.conv_3x3.bias', 'detector.backbone.vision_backbone.trunk.blocks.7.attn.proj.weight', 'detector.backbone.vision_backbone.trunk.blocks.11.attn.qkv.weight', 'detector.backbone.vision_backbone.trunk.blocks.22.attn.qkv.bias', 'detector.backbone.vision_backbone.trunk.blocks.11.mlp.fc2.bias', 'detector.backbone.vision_backbone.trunk.blocks.18.mlp.fc1.bias', 'detector.backbone.vision_backbone.trunk.blocks.9.attn.qkv.weight', 'detector.backbone.vision_backbone.trunk.blocks.18.norm2.weight', 'detector.backbone.vision_backbone.convs.3.conv_1x1.bias', 'detector.backbone.vision_backbone.trunk.blocks.28.norm1.bias', 'detector.backbone.vision_backbone.trunk.blocks.27.norm1.weight', 'detector.backbone.vision_backbone.trunk.blocks.18.mlp.fc2.bias', 'detector.backbone.vision_backbone.trunk.blocks.2.mlp.fc1.weight', 'detector.backbone.vision_backbone.trunk.blocks.17.mlp.fc2.weight', 'detector.backbone.vision_backbone.trunk.blocks.25.attn.qkv.weight', 'detector.backbone.vision_backbone.trunk.blocks.16.mlp.fc2.bias', 'detector.backbone.vision_backbone.trunk.blocks.29.mlp.fc1.weight', 'detector.backbone.vision_backbone.convs.0.conv_3x3.weight', 'detector.backbone.vision_backbone.trunk.blocks.0.mlp.fc2.bias', 'detector.backbone.vision_backbone.trunk.blocks.30.norm1.bias', 'detector.backbone.vision_backbone.trunk.blocks.26.mlp.fc1.bias', 'detector.backbone.vision_backbone.trunk.blocks.0.attn.qkv.bias', 'detector.backbone.vision_backbone.trunk.blocks.3.mlp.fc2.bias', 'detector.backbone.vision_backbone.trunk.blocks.17.attn.proj.bias', 'detector.backbone.vision_backbone.trunk.blocks.30.mlp.fc2.bias', 'detector.backbone.vision_backbone.trunk.blocks.20.mlp.fc2.bias', 'detector.backbone.vision_backbone.trunk.blocks.1.norm1.bias', 'detector.backbone.vision_backbone.trunk.blocks.17.norm1.weight', 'detector.backbone.vision_backbone.trunk.blocks.12.norm1.weight', 'detector.backbone.vision_backbone.trunk.blocks.18.norm1.bias', 'detector.backbone.vision_backbone.trunk.blocks.15.mlp.fc1.bias', 'detector.backbone.vision_backbone.trunk.blocks.22.norm1.bias', 'detector.backbone.vision_backbone.trunk.blocks.14.attn.qkv.weight', 'detector.backbone.vision_backbone.trunk.blocks.0.attn.proj.bias', 'detector.backbone.vision_backbone.trunk.blocks.15.mlp.fc1.weight', 'detector.backbone.vision_backbone.trunk.blocks.5.mlp.fc2.bias', 'detector.backbone.vision_backbone.trunk.blocks.13.attn.qkv.weight', 'detector.backbone.vision_backbone.trunk.blocks.8.norm1.bias', 'detector.backbone.vision_backbone.trunk.blocks.18.mlp.fc2.weight', 'detector.backbone.vision_backbone.trunk.blocks.20.norm2.bias', 'detector.backbone.vision_backbone.trunk.blocks.18.attn.qkv.weight', 'detector.backbone.vision_backbone.trunk.blocks.2.attn.qkv.weight', 'detector.backbone.vision_backbone.trunk.blocks.19.norm2.weight', 'detector.backbone.vision_backbone.trunk.blocks.26.norm1.weight', 'detector.backbone.vision_backbone.trunk.blocks.19.attn.proj.bias', 'detector.backbone.vision_backbone.trunk.blocks.30.attn.qkv.bias', 'detector.backbone.vision_backbone.trunk.blocks.25.mlp.fc1.weight', 'detector.backbone.vision_backbone.trunk.blocks.12.mlp.fc2.bias', 'detector.backbone.vision_backbone.sam2_convs.3.conv_1x1.weight', 'detector.backbone.vision_backbone.trunk.blocks.28.attn.qkv.weight', 'detector.backbone.vision_backbone.trunk.blocks.25.attn.proj.bias', 'detector.backbone.vision_backbone.trunk.blocks.16.norm1.bias', 'detector.backbone.vision_backbone.trunk.blocks.14.norm2.weight', 'detector.backbone.vision_backbone.trunk.blocks.26.mlp.fc1.weight', 'detector.backbone.vision_backbone.trunk.blocks.13.attn.proj.weight', 'detector.backbone.vision_backbone.trunk.blocks.28.attn.qkv.bias', 'detector.backbone.vision_backbone.trunk.blocks.22.norm2.weight', 'detector.backbone.vision_backbone.trunk.blocks.7.mlp.fc2.weight', 'detector.backbone.vision_backbone.trunk.blocks.30.attn.qkv.weight', 'detector.backbone.vision_backbone.trunk.blocks.31.norm2.bias', 'detector.backbone.vision_backbone.convs.3.conv_1x1.weight', 'detector.backbone.vision_backbone.trunk.blocks.9.norm2.bias', 'detector.backbone.vision_backbone.trunk.blocks.27.norm1.bias', 'detector.backbone.vision_backbone.trunk.blocks.6.mlp.fc1.weight', 'detector.backbone.vision_backbone.trunk.blocks.11.attn.proj.weight', 'detector.backbone.vision_backbone.trunk.blocks.21.mlp.fc2.weight', 'detector.backbone.vision_backbone.trunk.blocks.20.norm1.bias', 'detector.backbone.vision_backbone.trunk.blocks.23.norm1.bias', 'detector.backbone.vision_backbone.trunk.blocks.6.attn.qkv.weight', 'detector.backbone.vision_backbone.trunk.blocks.13.norm1.bias', 'detector.backbone.vision_backbone.trunk.blocks.31.mlp.fc2.bias', 'detector.backbone.vision_backbone.trunk.blocks.24.attn.proj.weight', 'detector.backbone.vision_backbone.trunk.blocks.1.mlp.fc2.bias', 'detector.backbone.vision_backbone.trunk.blocks.6.attn.qkv.bias', 'detector.backbone.vision_backbone.trunk.blocks.4.attn.qkv.weight', 'detector.backbone.vision_backbone.trunk.blocks.5.mlp.fc1.bias', 'detector.backbone.vision_backbone.trunk.blocks.19.mlp.fc1.weight', 'detector.backbone.vision_backbone.trunk.blocks.10.attn.proj.bias', 'detector.backbone.vision_backbone.trunk.blocks.30.mlp.fc1.weight', 'detector.backbone.vision_backbone.trunk.blocks.19.attn.qkv.weight', 'detector.backbone.vision_backbone.trunk.blocks.5.attn.proj.weight', 'detector.backbone.vision_backbone.trunk.blocks.2.norm2.bias', 'detector.backbone.vision_backbone.trunk.blocks.21.norm1.weight', 'detector.backbone.vision_backbone.trunk.blocks.14.norm1.weight', 'detector.backbone.vision_backbone.trunk.blocks.18.attn.qkv.bias', 'detector.backbone.vision_backbone.trunk.blocks.0.attn.qkv.weight', 'detector.backbone.vision_backbone.trunk.blocks.10.norm2.weight', 'detector.backbone.vision_backbone.convs.2.conv_1x1.weight', 'detector.backbone.vision_backbone.trunk.blocks.25.norm1.weight', 'detector.backbone.vision_backbone.trunk.blocks.2.attn.proj.weight', 'detector.backbone.vision_backbone.trunk.blocks.12.mlp.fc1.bias', 'detector.backbone.vision_backbone.trunk.blocks.1.attn.qkv.bias', 'detector.backbone.vision_backbone.trunk.blocks.21.norm2.weight', 'detector.backbone.vision_backbone.trunk.blocks.8.mlp.fc1.weight', 'detector.backbone.vision_backbone.trunk.blocks.28.norm2.weight', 'detector.backbone.vision_backbone.sam2_convs.0.dconv_2x2_0.bias', 'detector.backbone.vision_backbone.trunk.blocks.27.mlp.fc2.weight', 'detector.backbone.vision_backbone.trunk.blocks.13.mlp.fc2.bias', 'detector.backbone.vision_backbone.trunk.blocks.3.norm1.weight', 'detector.backbone.vision_backbone.trunk.blocks.3.norm1.bias', 'detector.backbone.vision_backbone.trunk.blocks.26.norm2.bias', 'detector.backbone.vision_backbone.trunk.blocks.21.norm1.bias', 'detector.backbone.vision_backbone.trunk.blocks.6.mlp.fc1.bias', 'detector.backbone.vision_backbone.trunk.blocks.18.attn.proj.bias', 'detector.backbone.vision_backbone.trunk.blocks.26.attn.proj.bias', 'detector.backbone.vision_backbone.trunk.blocks.17.attn.qkv.bias', 'detector.backbone.vision_backbone.sam2_convs.2.conv_1x1.weight', 'detector.backbone.vision_backbone.trunk.blocks.16.attn.proj.weight', 'detector.backbone.vision_backbone.trunk.blocks.13.norm2.weight', 'detector.backbone.vision_backbone.trunk.blocks.0.attn.proj.weight', 'detector.backbone.vision_backbone.trunk.blocks.4.attn.proj.weight', 'detector.backbone.vision_backbone.trunk.blocks.4.norm1.bias', 'detector.backbone.vision_backbone.trunk.blocks.19.norm1.weight', 'detector.backbone.vision_backbone.trunk.blocks.14.mlp.fc2.weight', 'detector.backbone.vision_backbone.trunk.blocks.20.attn.proj.bias', 'detector.backbone.vision_backbone.trunk.blocks.4.norm2.bias', 'detector.backbone.vision_backbone.trunk.blocks.16.norm1.weight', 'detector.backbone.vision_backbone.trunk.blocks.29.attn.qkv.bias', 'detector.backbone.vision_backbone.trunk.blocks.1.norm2.weight', 'detector.backbone.vision_backbone.trunk.blocks.31.norm1.bias', 'detector.backbone.vision_backbone.convs.0.dconv_2x2_1.weight', 'detector.backbone.vision_backbone.trunk.blocks.25.norm2.weight', 'detector.backbone.vision_backbone.trunk.blocks.23.norm1.weight', 'detector.backbone.vision_backbone.trunk.blocks.9.mlp.fc1.bias', 'detector.backbone.vision_backbone.trunk.blocks.31.attn.proj.weight', 'detector.backbone.vision_backbone.trunk.blocks.14.norm2.bias', 'detector.backbone.vision_backbone.trunk.blocks.5.mlp.fc1.weight', 'detector.backbone.vision_backbone.trunk.blocks.29.attn.proj.weight', 'detector.backbone.vision_backbone.trunk.blocks.29.mlp.fc2.weight', 'detector.backbone.vision_backbone.trunk.blocks.14.mlp.fc1.weight', 'detector.backbone.vision_backbone.trunk.blocks.15.attn.qkv.bias', 'detector.backbone.vision_backbone.trunk.blocks.31.norm1.weight', 'detector.backbone.vision_backbone.trunk.blocks.26.norm2.weight', 'detector.backbone.vision_backbone.trunk.blocks.28.mlp.fc2.weight', 'detector.backbone.vision_backbone.trunk.blocks.4.attn.proj.bias', 'detector.backbone.vision_backbone.trunk.blocks.13.attn.proj.bias', 'detector.backbone.vision_backbone.trunk.blocks.24.mlp.fc1.weight', 'detector.backbone.vision_backbone.trunk.blocks.2.mlp.fc2.bias', 'detector.backbone.vision_backbone.trunk.blocks.1.mlp.fc1.weight', 'detector.backbone.vision_backbone.trunk.blocks.13.mlp.fc1.bias', 'detector.backbone.vision_backbone.trunk.blocks.25.attn.proj.weight', 'detector.backbone.vision_backbone.trunk.blocks.29.mlp.fc2.bias', 'detector.backbone.vision_backbone.trunk.blocks.11.mlp.fc2.weight', 'detector.backbone.vision_backbone.trunk.blocks.21.mlp.fc1.bias', 'detector.backbone.vision_backbone.trunk.blocks.17.norm1.bias', 'detector.backbone.vision_backbone.trunk.blocks.22.attn.qkv.weight', 'detector.backbone.vision_backbone.trunk.blocks.10.mlp.fc2.weight', 'detector.backbone.vision_backbone.trunk.blocks.28.norm2.bias', 'detector.backbone.vision_backbone.trunk.blocks.24.mlp.fc2.weight', 'detector.backbone.vision_backbone.trunk.blocks.24.norm1.bias', 'detector.backbone.vision_backbone.trunk.blocks.20.norm1.weight', 'detector.backbone.vision_backbone.trunk.blocks.30.attn.proj.bias', 'detector.backbone.vision_backbone.trunk.blocks.12.mlp.fc1.weight', 'detector.backbone.vision_backbone.trunk.blocks.10.attn.qkv.bias', 'detector.backbone.vision_backbone.trunk.blocks.1.attn.proj.bias', 'detector.backbone.vision_backbone.trunk.blocks.16.attn.qkv.bias', 'detector.backbone.vision_backbone.trunk.blocks.20.attn.qkv.weight', 'detector.backbone.vision_backbone.trunk.blocks.8.norm2.weight', 'detector.backbone.vision_backbone.trunk.blocks.30.attn.proj.weight', 'detector.backbone.vision_backbone.trunk.blocks.8.attn.qkv.bias', 'detector.backbone.vision_backbone.trunk.blocks.19.attn.proj.weight', 'detector.backbone.vision_backbone.trunk.blocks.11.mlp.fc1.bias', 'detector.backbone.vision_backbone.trunk.blocks.12.mlp.fc2.weight', 'detector.backbone.vision_backbone.trunk.blocks.10.mlp.fc2.bias', 'detector.backbone.vision_backbone.trunk.blocks.21.attn.qkv.weight', 'detector.backbone.vision_backbone.trunk.blocks.27.attn.qkv.bias', 'detector.backbone.vision_backbone.trunk.blocks.11.attn.proj.bias', 'detector.backbone.vision_backbone.trunk.blocks.17.mlp.fc2.bias', 'detector.backbone.vision_backbone.sam2_convs.2.conv_3x3.bias', 'detector.backbone.vision_backbone.trunk.blocks.31.norm2.weight', 'detector.backbone.vision_backbone.trunk.blocks.24.norm2.weight', 'detector.backbone.vision_backbone.trunk.blocks.17.attn.proj.weight', 'detector.backbone.vision_backbone.trunk.blocks.31.attn.qkv.weight', 'detector.backbone.vision_backbone.trunk.blocks.13.norm2.bias', 'detector.backbone.vision_backbone.trunk.blocks.3.norm2.weight', 'detector.backbone.vision_backbone.trunk.blocks.19.norm2.bias', 'detector.backbone.vision_backbone.trunk.blocks.28.attn.proj.weight', 'detector.backbone.vision_backbone.trunk.blocks.11.norm2.bias', 'detector.backbone.vision_backbone.trunk.blocks.7.mlp.fc1.bias', 'detector.backbone.vision_backbone.trunk.blocks.6.mlp.fc2.weight', 'detector.backbone.vision_backbone.trunk.blocks.3.mlp.fc2.weight', 'detector.backbone.vision_backbone.trunk.blocks.27.norm2.weight', 'detector.backbone.vision_backbone.trunk.blocks.25.mlp.fc2.weight', 'detector.backbone.vision_backbone.sam2_convs.0.dconv_2x2_1.bias', 'detector.backbone.vision_backbone.trunk.blocks.16.mlp.fc1.weight', 'detector.backbone.vision_backbone.trunk.blocks.12.attn.proj.bias', 'detector.backbone.vision_backbone.trunk.blocks.23.attn.qkv.weight', 'detector.backbone.vision_backbone.trunk.blocks.24.norm2.bias', 'detector.backbone.vision_backbone.trunk.blocks.29.attn.proj.bias', 'detector.backbone.vision_backbone.convs.0.dconv_2x2_1.bias', 'detector.backbone.vision_backbone.trunk.blocks.10.norm1.bias', 'detector.backbone.vision_backbone.trunk.blocks.12.attn.qkv.bias', 'detector.backbone.vision_backbone.convs.1.conv_3x3.weight', 'detector.backbone.vision_backbone.trunk.blocks.20.norm2.weight', 'detector.backbone.vision_backbone.trunk.blocks.2.norm2.weight', 'detector.backbone.vision_backbone.trunk.blocks.25.norm2.bias', 'detector.backbone.vision_backbone.trunk.blocks.18.norm2.bias', 'detector.backbone.vision_backbone.trunk.blocks.9.norm1.bias', 'detector.backbone.vision_backbone.trunk.blocks.11.norm1.weight', 'detector.backbone.vision_backbone.trunk.blocks.2.attn.proj.bias', 'detector.backbone.vision_backbone.trunk.blocks.6.attn.proj.weight', 'detector.backbone.vision_backbone.trunk.blocks.14.mlp.fc1.bias', 'detector.backbone.vision_backbone.sam2_convs.1.conv_3x3.weight', 'detector.backbone.vision_backbone.trunk.blocks.7.norm2.bias', 'detector.backbone.vision_backbone.trunk.blocks.22.attn.proj.weight', 'detector.backbone.vision_backbone.trunk.blocks.23.mlp.fc2.bias', 'detector.backbone.vision_backbone.trunk.blocks.7.norm1.weight', 'detector.backbone.vision_backbone.trunk.blocks.21.mlp.fc2.bias', 'detector.backbone.vision_backbone.trunk.blocks.27.mlp.fc1.bias', 'detector.backbone.vision_backbone.trunk.blocks.1.mlp.fc1.bias', 'detector.backbone.vision_backbone.trunk.blocks.21.norm2.bias', 'detector.backbone.vision_backbone.sam2_convs.1.conv_1x1.weight', 'detector.backbone.vision_backbone.convs.1.conv_3x3.bias', 'detector.backbone.vision_backbone.trunk.blocks.30.mlp.fc2.weight'}
INFO 2026-05-21 21:55:51,258 optimizer.py: 244: Matches for param_name [tracker.maskmem_backbone.*]: {'tracker.maskmem_backbone.mask_downsampler.encoder.12.weight', 'tracker.maskmem_backbone.mask_downsampler.encoder.4.bias', 'tracker.maskmem_backbone.mask_downsampler.encoder.1.weight', 'tracker.maskmem_backbone.fuser.layers.1.norm.weight', 'tracker.maskmem_backbone.pix_feat_proj.bias', 'tracker.maskmem_backbone.fuser.layers.1.pwconv1.weight', 'tracker.maskmem_backbone.mask_downsampler.encoder.7.bias', 'tracker.maskmem_backbone.mask_downsampler.encoder.10.bias', 'tracker.maskmem_backbone.mask_downsampler.encoder.9.bias', 'tracker.maskmem_backbone.fuser.layers.1.pwconv2.weight', 'tracker.maskmem_backbone.mask_downsampler.encoder.1.bias', 'tracker.maskmem_backbone.fuser.layers.0.norm.bias', 'tracker.maskmem_backbone.mask_downsampler.encoder.10.weight', 'tracker.maskmem_backbone.mask_downsampler.encoder.4.weight', 'tracker.maskmem_backbone.fuser.layers.1.gamma', 'tracker.maskmem_backbone.fuser.layers.0.pwconv2.weight', 'tracker.maskmem_backbone.fuser.layers.0.pwconv2.bias', 'tracker.maskmem_backbone.fuser.layers.0.dwconv.bias', 'tracker.maskmem_backbone.mask_downsampler.encoder.7.weight', 'tracker.maskmem_backbone.out_proj.weight', 'tracker.maskmem_backbone.fuser.layers.0.norm.weight', 'tracker.maskmem_backbone.fuser.layers.1.dwconv.weight', 'tracker.maskmem_backbone.fuser.layers.1.pwconv1.bias', 'tracker.maskmem_backbone.mask_downsampler.encoder.0.bias', 'tracker.maskmem_backbone.fuser.layers.0.pwconv1.weight', 'tracker.maskmem_backbone.mask_downsampler.encoder.6.bias', 'tracker.maskmem_backbone.fuser.layers.0.dwconv.weight', 'tracker.maskmem_backbone.mask_downsampler.encoder.3.weight', 'tracker.maskmem_backbone.fuser.layers.1.pwconv2.bias', 'tracker.maskmem_backbone.mask_downsampler.encoder.9.weight', 'tracker.maskmem_backbone.mask_downsampler.encoder.12.bias', 'tracker.maskmem_backbone.fuser.layers.1.dwconv.bias', 'tracker.maskmem_backbone.fuser.layers.0.pwconv1.bias', 'tracker.maskmem_backbone.out_proj.bias', 'tracker.maskmem_backbone.mask_downsampler.encoder.6.weight', 'tracker.maskmem_backbone.mask_downsampler.encoder.3.bias', 'tracker.maskmem_backbone.fuser.layers.1.norm.bias', 'tracker.maskmem_backbone.pix_feat_proj.weight', 'tracker.maskmem_backbone.mask_downsampler.encoder.0.weight', 'tracker.maskmem_backbone.fuser.layers.0.gamma'}
INFO 2026-05-21 21:55:51,259 optimizer.py: 244: Matches for param_name [detector.backbone.language_backbone.*]: {'detector.backbone.language_backbone.encoder.transformer.resblocks.7.attn.in_proj_weight', 'detector.backbone.language_backbone.encoder.transformer.resblocks.16.mlp.c_fc.weight', 'detector.backbone.language_backbone.encoder.transformer.resblocks.8.attn.out_proj.weight', 'detector.backbone.language_backbone.encoder.transformer.resblocks.2.attn.out_proj.bias', 'detector.backbone.language_backbone.encoder.transformer.resblocks.12.mlp.c_fc.bias', 'detector.backbone.language_backbone.encoder.transformer.resblocks.12.attn.out_proj.weight', 'detector.backbone.language_backbone.encoder.transformer.resblocks.11.ln_2.weight', 'detector.backbone.language_backbone.encoder.transformer.resblocks.23.ln_1.bias', 'detector.backbone.language_backbone.encoder.transformer.resblocks.11.mlp.c_proj.weight', 'detector.backbone.language_backbone.encoder.transformer.resblocks.22.attn.in_proj_bias', 'detector.backbone.language_backbone.encoder.transformer.resblocks.23.attn.in_proj_bias', 'detector.backbone.language_backbone.encoder.transformer.resblocks.11.attn.in_proj_bias', 'detector.backbone.language_backbone.encoder.transformer.resblocks.17.mlp.c_proj.bias', 'detector.backbone.language_backbone.encoder.transformer.resblocks.14.ln_1.weight', 'detector.backbone.language_backbone.encoder.transformer.resblocks.7.attn.in_proj_bias', 'detector.backbone.language_backbone.encoder.transformer.resblocks.19.ln_1.weight', 'detector.backbone.language_backbone.encoder.transformer.resblocks.15.ln_1.weight', 'detector.backbone.language_backbone.encoder.transformer.resblocks.13.attn.out_proj.weight', 'detector.backbone.language_backbone.encoder.transformer.resblocks.4.attn.in_proj_bias', 'detector.backbone.language_backbone.encoder.transformer.resblocks.15.mlp.c_fc.weight', 'detector.backbone.language_backbone.encoder.transformer.resblocks.8.ln_1.bias', 'detector.backbone.language_backbone.encoder.transformer.resblocks.11.ln_1.weight', 'detector.backbone.language_backbone.encoder.transformer.resblocks.3.mlp.c_proj.bias', 'detector.backbone.language_backbone.encoder.transformer.resblocks.12.mlp.c_fc.weight', 'detector.backbone.language_backbone.encoder.transformer.resblocks.10.mlp.c_proj.bias', 'detector.backbone.language_backbone.encoder.transformer.resblocks.9.attn.out_proj.weight', 'detector.backbone.language_backbone.encoder.transformer.resblocks.21.attn.out_proj.weight', 'detector.backbone.language_backbone.encoder.transformer.resblocks.11.ln_2.bias', 'detector.backbone.language_backbone.encoder.transformer.resblocks.18.attn.in_proj_weight', 'detector.backbone.language_backbone.encoder.transformer.resblocks.10.attn.out_proj.bias', 'detector.backbone.language_backbone.encoder.transformer.resblocks.2.mlp.c_fc.weight', 'detector.backbone.language_backbone.encoder.transformer.resblocks.16.mlp.c_proj.bias', 'detector.backbone.language_backbone.encoder.transformer.resblocks.0.mlp.c_proj.weight', 'detector.backbone.language_backbone.encoder.transformer.resblocks.9.attn.in_proj_weight', 'detector.backbone.language_backbone.encoder.transformer.resblocks.3.mlp.c_proj.weight', 'detector.backbone.language_backbone.encoder.transformer.resblocks.10.ln_1.weight', 'detector.backbone.language_backbone.encoder.transformer.resblocks.18.attn.in_proj_bias', 'detector.backbone.language_backbone.encoder.transformer.resblocks.19.ln_2.bias', 'detector.backbone.language_backbone.encoder.transformer.resblocks.11.mlp.c_fc.weight', 'detector.backbone.language_backbone.encoder.transformer.resblocks.1.attn.out_proj.weight', 'detector.backbone.language_backbone.encoder.transformer.resblocks.2.mlp.c_proj.bias', 'detector.backbone.language_backbone.encoder.transformer.resblocks.23.ln_1.weight', 'detector.backbone.language_backbone.encoder.transformer.resblocks.6.mlp.c_proj.weight', 'detector.backbone.language_backbone.encoder.transformer.resblocks.10.ln_2.weight', 'detector.backbone.language_backbone.encoder.transformer.resblocks.22.attn.out_proj.weight', 'detector.backbone.language_backbone.encoder.transformer.resblocks.10.mlp.c_fc.weight', 'detector.backbone.language_backbone.encoder.transformer.resblocks.10.mlp.c_fc.bias', 'detector.backbone.language_backbone.encoder.transformer.resblocks.21.ln_2.bias', 'detector.backbone.language_backbone.encoder.transformer.resblocks.15.attn.in_proj_weight', 'detector.backbone.language_backbone.encoder.transformer.resblocks.11.mlp.c_fc.bias', 'detector.backbone.language_backbone.encoder.transformer.resblocks.19.ln_2.weight', 'detector.backbone.language_backbone.encoder.transformer.resblocks.15.attn.out_proj.weight', 'detector.backbone.language_backbone.encoder.transformer.resblocks.20.attn.out_proj.bias', 'detector.backbone.language_backbone.encoder.transformer.resblocks.23.attn.out_proj.bias', 'detector.backbone.language_backbone.encoder.transformer.resblocks.9.attn.in_proj_bias', 'detector.backbone.language_backbone.encoder.transformer.resblocks.8.mlp.c_fc.bias', 'detector.backbone.language_backbone.encoder.transformer.resblocks.4.mlp.c_fc.bias', 'detector.backbone.language_backbone.encoder.transformer.resblocks.3.attn.out_proj.bias', 'detector.backbone.language_backbone.encoder.transformer.resblocks.1.attn.in_proj_weight', 'detector.backbone.language_backbone.encoder.transformer.resblocks.0.attn.in_proj_bias', 'detector.backbone.language_backbone.encoder.transformer.resblocks.3.mlp.c_fc.weight', 'detector.backbone.language_backbone.encoder.transformer.resblocks.9.mlp.c_fc.weight', 'detector.backbone.language_backbone.encoder.transformer.resblocks.13.mlp.c_proj.bias', 'detector.backbone.language_backbone.encoder.transformer.resblocks.6.ln_2.weight', 'detector.backbone.language_backbone.encoder.transformer.resblocks.18.mlp.c_proj.bias', 'detector.backbone.language_backbone.encoder.transformer.resblocks.12.attn.in_proj_bias', 'detector.backbone.language_backbone.encoder.transformer.resblocks.7.mlp.c_fc.weight', 'detector.backbone.language_backbone.encoder.transformer.resblocks.18.attn.out_proj.weight', 'detector.backbone.language_backbone.encoder.transformer.resblocks.3.attn.in_proj_bias', 'detector.backbone.language_backbone.encoder.transformer.resblocks.17.attn.out_proj.bias', 'detector.backbone.language_backbone.encoder.transformer.resblocks.2.attn.in_proj_bias', 'detector.backbone.language_backbone.encoder.transformer.resblocks.4.mlp.c_proj.weight', 'detector.backbone.language_backbone.encoder.transformer.resblocks.12.ln_2.weight', 'detector.backbone.language_backbone.encoder.transformer.resblocks.13.ln_1.weight', 'detector.backbone.language_backbone.encoder.transformer.resblocks.1.ln_1.bias', 'detector.backbone.language_backbone.encoder.transformer.resblocks.13.attn.in_proj_bias', 'detector.backbone.language_backbone.encoder.transformer.resblocks.23.attn.out_proj.weight', 'detector.backbone.language_backbone.encoder.ln_final.bias', 'detector.backbone.language_backbone.encoder.transformer.resblocks.8.ln_1.weight', 'detector.backbone.language_backbone.encoder.transformer.resblocks.20.mlp.c_fc.weight', 'detector.backbone.language_backbone.encoder.transformer.resblocks.1.ln_1.weight', 'detector.backbone.language_backbone.encoder.transformer.resblocks.18.ln_1.bias', 'detector.backbone.language_backbone.encoder.transformer.resblocks.22.attn.in_proj_weight', 'detector.backbone.language_backbone.encoder.transformer.resblocks.6.ln_1.weight', 'detector.backbone.language_backbone.encoder.transformer.resblocks.11.ln_1.bias', 'detector.backbone.language_backbone.encoder.transformer.resblocks.10.mlp.c_proj.weight', 'detector.backbone.language_backbone.encoder.transformer.resblocks.6.attn.in_proj_bias', 'detector.backbone.language_backbone.encoder.transformer.resblocks.0.mlp.c_fc.weight', 'detector.backbone.language_backbone.encoder.transformer.resblocks.20.ln_1.bias', 'detector.backbone.language_backbone.encoder.transformer.resblocks.22.ln_2.bias', 'detector.backbone.language_backbone.encoder.transformer.resblocks.11.mlp.c_proj.bias', 'detector.backbone.language_backbone.resizer.weight', 'detector.backbone.language_backbone.encoder.transformer.resblocks.12.ln_2.bias', 'detector.backbone.language_backbone.encoder.transformer.resblocks.19.ln_1.bias', 'detector.backbone.language_backbone.encoder.transformer.resblocks.17.ln_2.weight', 'detector.backbone.language_backbone.encoder.transformer.resblocks.14.mlp.c_proj.bias', 'detector.backbone.language_backbone.encoder.transformer.resblocks.23.mlp.c_proj.bias', 'detector.backbone.language_backbone.encoder.transformer.resblocks.8.ln_2.bias', 'detector.backbone.language_backbone.encoder.transformer.resblocks.5.attn.in_proj_weight', 'detector.backbone.language_backbone.encoder.transformer.resblocks.12.ln_1.weight', 'detector.backbone.language_backbone.encoder.transformer.resblocks.21.attn.out_proj.bias', 'detector.backbone.language_backbone.encoder.transformer.resblocks.5.attn.in_proj_bias', 'detector.backbone.language_backbone.encoder.transformer.resblocks.8.attn.out_proj.bias', 'detector.backbone.language_backbone.encoder.transformer.resblocks.18.mlp.c_fc.bias', 'detector.backbone.language_backbone.encoder.transformer.resblocks.11.attn.out_proj.bias', 'detector.backbone.language_backbone.encoder.transformer.resblocks.19.mlp.c_fc.bias', 'detector.backbone.language_backbone.encoder.transformer.resblocks.7.attn.out_proj.weight', 'detector.backbone.language_backbone.encoder.transformer.resblocks.0.attn.out_proj.weight', 'detector.backbone.language_backbone.encoder.transformer.resblocks.4.attn.out_proj.weight', 'detector.backbone.language_backbone.encoder.transformer.resblocks.5.ln_1.weight', 'detector.backbone.language_backbone.encoder.transformer.resblocks.19.attn.in_proj_bias', 'detector.backbone.language_backbone.encoder.transformer.resblocks.5.mlp.c_fc.bias', 'detector.backbone.language_backbone.encoder.transformer.resblocks.3.ln_2.bias', 'detector.backbone.language_backbone.encoder.transformer.resblocks.9.mlp.c_fc.bias', 'detector.backbone.language_backbone.encoder.transformer.resblocks.12.mlp.c_proj.bias', 'detector.backbone.language_backbone.encoder.transformer.resblocks.15.mlp.c_proj.bias', 'detector.backbone.language_backbone.encoder.transformer.resblocks.0.mlp.c_fc.bias', 'detector.backbone.language_backbone.encoder.transformer.resblocks.8.attn.in_proj_weight', 'detector.backbone.language_backbone.encoder.transformer.resblocks.3.ln_1.weight', 'detector.backbone.language_backbone.encoder.transformer.resblocks.22.attn.out_proj.bias', 'detector.backbone.language_backbone.encoder.transformer.resblocks.15.attn.in_proj_bias', 'detector.backbone.language_backbone.encoder.transformer.resblocks.16.attn.in_proj_bias', 'detector.backbone.language_backbone.encoder.transformer.resblocks.14.attn.in_proj_weight', 'detector.backbone.language_backbone.encoder.ln_final.weight', 'detector.backbone.language_backbone.encoder.transformer.resblocks.17.attn.out_proj.weight', 'detector.backbone.language_backbone.encoder.transformer.resblocks.21.mlp.c_proj.bias', 'detector.backbone.language_backbone.encoder.transformer.resblocks.14.mlp.c_proj.weight', 'detector.backbone.language_backbone.encoder.transformer.resblocks.0.ln_1.bias', 'detector.backbone.language_backbone.encoder.transformer.resblocks.9.ln_2.bias', 'detector.backbone.language_backbone.encoder.transformer.resblocks.14.mlp.c_fc.bias', 'detector.backbone.language_backbone.encoder.transformer.resblocks.22.mlp.c_proj.bias', 'detector.backbone.language_backbone.encoder.transformer.resblocks.8.attn.in_proj_bias', 'detector.backbone.language_backbone.encoder.transformer.resblocks.4.ln_1.bias', 'detector.backbone.language_backbone.encoder.transformer.resblocks.8.mlp.c_proj.bias', 'detector.backbone.language_backbone.encoder.transformer.resblocks.10.attn.out_proj.weight', 'detector.backbone.language_backbone.encoder.transformer.resblocks.2.ln_2.bias', 'detector.backbone.language_backbone.encoder.transformer.resblocks.17.mlp.c_fc.weight', 'detector.backbone.language_backbone.encoder.transformer.resblocks.3.attn.out_proj.weight', 'detector.backbone.language_backbone.encoder.transformer.resblocks.2.ln_1.weight', 'detector.backbone.language_backbone.encoder.transformer.resblocks.4.ln_2.bias', 'detector.backbone.language_backbone.encoder.transformer.resblocks.5.mlp.c_proj.weight', 'detector.backbone.language_backbone.encoder.transformer.resblocks.6.ln_2.bias', 'detector.backbone.language_backbone.encoder.transformer.resblocks.4.ln_2.weight', 'detector.backbone.language_backbone.encoder.transformer.resblocks.23.attn.in_proj_weight', 'detector.backbone.language_backbone.encoder.transformer.resblocks.1.attn.out_proj.bias', 'detector.backbone.language_backbone.encoder.transformer.resblocks.23.mlp.c_proj.weight', 'detector.backbone.language_backbone.encoder.transformer.resblocks.7.ln_2.bias', 'detector.backbone.language_backbone.encoder.transformer.resblocks.17.attn.in_proj_bias', 'detector.backbone.language_backbone.encoder.transformer.resblocks.13.attn.in_proj_weight', 'detector.backbone.language_backbone.encoder.transformer.resblocks.6.attn.out_proj.weight', 'detector.backbone.language_backbone.encoder.transformer.resblocks.13.attn.out_proj.bias', 'detector.backbone.language_backbone.encoder.transformer.resblocks.7.mlp.c_fc.bias', 'detector.backbone.language_backbone.encoder.transformer.resblocks.7.ln_1.weight', 'detector.backbone.language_backbone.encoder.transformer.resblocks.1.mlp.c_proj.weight', 'detector.backbone.language_backbone.encoder.transformer.resblocks.9.mlp.c_proj.bias', 'detector.backbone.language_backbone.encoder.transformer.resblocks.20.mlp.c_fc.bias', 'detector.backbone.language_backbone.encoder.transformer.resblocks.18.ln_2.weight', 'detector.backbone.language_backbone.encoder.transformer.resblocks.5.ln_2.bias', 'detector.backbone.language_backbone.encoder.transformer.resblocks.5.ln_1.bias', 'detector.backbone.language_backbone.encoder.transformer.resblocks.17.ln_1.weight', 'detector.backbone.language_backbone.encoder.transformer.resblocks.9.ln_2.weight', 'detector.backbone.language_backbone.encoder.transformer.resblocks.14.attn.out_proj.bias', 'detector.backbone.language_backbone.encoder.transformer.resblocks.1.ln_2.bias', 'detector.backbone.language_backbone.encoder.transformer.resblocks.16.ln_1.bias', 'detector.backbone.language_backbone.encoder.transformer.resblocks.19.attn.out_proj.bias', 'detector.backbone.language_backbone.encoder.transformer.resblocks.16.ln_2.bias', 'detector.backbone.language_backbone.encoder.transformer.resblocks.1.mlp.c_fc.bias', 'detector.backbone.language_backbone.encoder.transformer.resblocks.1.attn.in_proj_bias', 'detector.backbone.language_backbone.encoder.transformer.resblocks.0.attn.out_proj.bias', 'detector.backbone.language_backbone.encoder.transformer.resblocks.4.mlp.c_proj.bias', 'detector.backbone.language_backbone.encoder.transformer.resblocks.17.ln_1.bias', 'detector.backbone.language_backbone.encoder.transformer.resblocks.5.mlp.c_proj.bias', 'detector.backbone.language_backbone.encoder.transformer.resblocks.1.mlp.c_fc.weight', 'detector.backbone.language_backbone.encoder.transformer.resblocks.6.ln_1.bias', 'detector.backbone.language_backbone.encoder.transformer.resblocks.3.ln_1.bias', 'detector.backbone.language_backbone.encoder.transformer.resblocks.17.attn.in_proj_weight', 'detector.backbone.language_backbone.encoder.transformer.resblocks.23.mlp.c_fc.bias', 'detector.backbone.language_backbone.encoder.transformer.resblocks.9.ln_1.weight', 'detector.backbone.language_backbone.encoder.transformer.resblocks.21.mlp.c_fc.weight', 'detector.backbone.language_backbone.encoder.transformer.resblocks.19.attn.in_proj_weight', 'detector.backbone.language_backbone.encoder.transformer.resblocks.17.ln_2.bias', 'detector.backbone.language_backbone.encoder.transformer.resblocks.15.mlp.c_fc.bias', 'detector.backbone.language_backbone.encoder.transformer.resblocks.14.ln_2.bias', 'detector.backbone.language_backbone.encoder.transformer.resblocks.21.mlp.c_fc.bias', 'detector.backbone.language_backbone.encoder.transformer.resblocks.16.mlp.c_fc.bias', 'detector.backbone.language_backbone.encoder.transformer.resblocks.16.mlp.c_proj.weight', 'detector.backbone.language_backbone.encoder.transformer.resblocks.2.ln_1.bias', 'detector.backbone.language_backbone.encoder.transformer.resblocks.20.mlp.c_proj.bias', 'detector.backbone.language_backbone.encoder.transformer.resblocks.20.attn.out_proj.weight', 'detector.backbone.language_backbone.encoder.text_projection', 'detector.backbone.language_backbone.encoder.transformer.resblocks.0.ln_1.weight', 'detector.backbone.language_backbone.encoder.transformer.resblocks.15.ln_1.bias', 'detector.backbone.language_backbone.encoder.transformer.resblocks.20.ln_2.weight', 'detector.backbone.language_backbone.encoder.transformer.resblocks.6.attn.out_proj.bias', 'detector.backbone.language_backbone.encoder.transformer.resblocks.9.ln_1.bias', 'detector.backbone.language_backbone.encoder.transformer.resblocks.12.ln_1.bias', 'detector.backbone.language_backbone.encoder.transformer.resblocks.16.ln_1.weight', 'detector.backbone.language_backbone.encoder.transformer.resblocks.7.mlp.c_proj.weight', 'detector.backbone.language_backbone.encoder.transformer.resblocks.5.ln_2.weight', 'detector.backbone.language_backbone.encoder.transformer.resblocks.0.attn.in_proj_weight', 'detector.backbone.language_backbone.encoder.transformer.resblocks.7.mlp.c_proj.bias', 'detector.backbone.language_backbone.encoder.transformer.resblocks.16.ln_2.weight', 'detector.backbone.language_backbone.encoder.transformer.resblocks.13.mlp.c_fc.weight', 'detector.backbone.language_backbone.resizer.bias', 'detector.backbone.language_backbone.encoder.transformer.resblocks.3.ln_2.weight', 'detector.backbone.language_backbone.encoder.transformer.resblocks.2.attn.out_proj.weight', 'detector.backbone.language_backbone.encoder.transformer.resblocks.14.mlp.c_fc.weight', 'detector.backbone.language_backbone.encoder.transformer.resblocks.17.mlp.c_fc.bias', 'detector.backbone.language_backbone.encoder.transformer.resblocks.11.attn.in_proj_weight', 'detector.backbone.language_backbone.encoder.transformer.resblocks.21.attn.in_proj_bias', 'detector.backbone.language_backbone.encoder.transformer.resblocks.14.attn.out_proj.weight', 'detector.backbone.language_backbone.encoder.transformer.resblocks.19.mlp.c_proj.weight', 'detector.backbone.language_backbone.encoder.transformer.resblocks.8.ln_2.weight', 'detector.backbone.language_backbone.encoder.transformer.resblocks.4.attn.in_proj_weight', 'detector.backbone.language_backbone.encoder.transformer.resblocks.22.ln_1.weight', 'detector.backbone.language_backbone.encoder.transformer.resblocks.7.ln_1.bias', 'detector.backbone.language_backbone.encoder.token_embedding.weight', 'detector.backbone.language_backbone.encoder.transformer.resblocks.22.ln_2.weight', 'detector.backbone.language_backbone.encoder.transformer.resblocks.22.ln_1.bias', 'detector.backbone.language_backbone.encoder.transformer.resblocks.13.ln_2.weight', 'detector.backbone.language_backbone.encoder.transformer.resblocks.23.ln_2.bias', 'detector.backbone.language_backbone.encoder.transformer.resblocks.12.mlp.c_proj.weight', 'detector.backbone.language_backbone.encoder.transformer.resblocks.4.mlp.c_fc.weight', 'detector.backbone.language_backbone.encoder.transformer.resblocks.13.ln_1.bias', 'detector.backbone.language_backbone.encoder.positional_embedding', 'detector.backbone.language_backbone.encoder.transformer.resblocks.21.ln_1.bias', 'detector.backbone.language_backbone.encoder.transformer.resblocks.6.attn.in_proj_weight', 'detector.backbone.language_backbone.encoder.transformer.resblocks.11.attn.out_proj.weight', 'detector.backbone.language_backbone.encoder.transformer.resblocks.14.ln_1.bias', 'detector.backbone.language_backbone.encoder.transformer.resblocks.10.attn.in_proj_weight', 'detector.backbone.language_backbone.encoder.transformer.resblocks.15.ln_2.bias', 'detector.backbone.language_backbone.encoder.transformer.resblocks.12.attn.in_proj_weight', 'detector.backbone.language_backbone.encoder.transformer.resblocks.13.ln_2.bias', 'detector.backbone.language_backbone.encoder.transformer.resblocks.2.attn.in_proj_weight', 'detector.backbone.language_backbone.encoder.transformer.resblocks.1.ln_2.weight', 'detector.backbone.language_backbone.encoder.transformer.resblocks.2.mlp.c_fc.bias', 'detector.backbone.language_backbone.encoder.transformer.resblocks.19.mlp.c_fc.weight', 'detector.backbone.language_backbone.encoder.transformer.resblocks.19.attn.out_proj.weight', 'detector.backbone.language_backbone.encoder.transformer.resblocks.10.ln_2.bias', 'detector.backbone.language_backbone.encoder.transformer.resblocks.5.mlp.c_fc.weight', 'detector.backbone.language_backbone.encoder.transformer.resblocks.8.mlp.c_proj.weight', 'detector.backbone.language_backbone.encoder.transformer.resblocks.15.attn.out_proj.bias', 'detector.backbone.language_backbone.encoder.transformer.resblocks.19.mlp.c_proj.bias', 'detector.backbone.language_backbone.encoder.transformer.resblocks.16.attn.out_proj.weight', 'detector.backbone.language_backbone.encoder.transformer.resblocks.22.mlp.c_fc.weight', 'detector.backbone.language_backbone.encoder.transformer.resblocks.15.ln_2.weight', 'detector.backbone.language_backbone.encoder.transformer.resblocks.22.mlp.c_fc.bias', 'detector.backbone.language_backbone.encoder.transformer.resblocks.20.mlp.c_proj.weight', 'detector.backbone.language_backbone.encoder.transformer.resblocks.18.ln_1.weight', 'detector.backbone.language_backbone.encoder.transformer.resblocks.9.attn.out_proj.bias', 'detector.backbone.language_backbone.encoder.transformer.resblocks.12.attn.out_proj.bias', 'detector.backbone.language_backbone.encoder.transformer.resblocks.15.mlp.c_proj.weight', 'detector.backbone.language_backbone.encoder.transformer.resblocks.20.ln_2.bias', 'detector.backbone.language_backbone.encoder.transformer.resblocks.4.attn.out_proj.bias', 'detector.backbone.language_backbone.encoder.transformer.resblocks.5.attn.out_proj.weight', 'detector.backbone.language_backbone.encoder.transformer.resblocks.9.mlp.c_proj.weight', 'detector.backbone.language_backbone.encoder.transformer.resblocks.6.mlp.c_fc.weight', 'detector.backbone.language_backbone.encoder.transformer.resblocks.21.attn.in_proj_weight', 'detector.backbone.language_backbone.encoder.transformer.resblocks.18.mlp.c_fc.weight', 'detector.backbone.language_backbone.encoder.transformer.resblocks.14.ln_2.weight', 'detector.backbone.language_backbone.encoder.transformer.resblocks.16.attn.out_proj.bias', 'detector.backbone.language_backbone.encoder.transformer.resblocks.21.ln_1.weight', 'detector.backbone.language_backbone.encoder.transformer.resblocks.16.attn.in_proj_weight', 'detector.backbone.language_backbone.encoder.transformer.resblocks.0.ln_2.weight', 'detector.backbone.language_backbone.encoder.transformer.resblocks.13.mlp.c_proj.weight', 'detector.backbone.language_backbone.encoder.transformer.resblocks.20.attn.in_proj_weight', 'detector.backbone.language_backbone.encoder.transformer.resblocks.6.mlp.c_fc.bias', 'detector.backbone.language_backbone.encoder.transformer.resblocks.20.attn.in_proj_bias', 'detector.backbone.language_backbone.encoder.transformer.resblocks.2.ln_2.weight', 'detector.backbone.language_backbone.encoder.transformer.resblocks.0.mlp.c_proj.bias', 'detector.backbone.language_backbone.encoder.transformer.resblocks.1.mlp.c_proj.bias', 'detector.backbone.language_backbone.encoder.transformer.resblocks.6.mlp.c_proj.bias', 'detector.backbone.language_backbone.encoder.transformer.resblocks.10.ln_1.bias', 'detector.backbone.language_backbone.encoder.transformer.resblocks.20.ln_1.weight', 'detector.backbone.language_backbone.encoder.transformer.resblocks.0.ln_2.bias', 'detector.backbone.language_backbone.encoder.transformer.resblocks.4.ln_1.weight', 'detector.backbone.language_backbone.encoder.transformer.resblocks.23.mlp.c_fc.weight', 'detector.backbone.language_backbone.encoder.transformer.resblocks.8.mlp.c_fc.weight', 'detector.backbone.language_backbone.encoder.transformer.resblocks.18.ln_2.bias', 'detector.backbone.language_backbone.encoder.transformer.resblocks.21.mlp.c_proj.weight', 'detector.backbone.language_backbone.encoder.transformer.resblocks.17.mlp.c_proj.weight', 'detector.backbone.language_backbone.encoder.transformer.resblocks.7.ln_2.weight', 'detector.backbone.language_backbone.encoder.transformer.resblocks.13.mlp.c_fc.bias', 'detector.backbone.language_backbone.encoder.transformer.resblocks.22.mlp.c_proj.weight', 'detector.backbone.language_backbone.encoder.transformer.resblocks.10.attn.in_proj_bias', 'detector.backbone.language_backbone.encoder.transformer.resblocks.18.mlp.c_proj.weight', 'detector.backbone.language_backbone.encoder.transformer.resblocks.7.attn.out_proj.bias', 'detector.backbone.language_backbone.encoder.transformer.resblocks.2.mlp.c_proj.weight', 'detector.backbone.language_backbone.encoder.transformer.resblocks.14.attn.in_proj_bias', 'detector.backbone.language_backbone.encoder.transformer.resblocks.5.attn.out_proj.bias', 'detector.backbone.language_backbone.encoder.transformer.resblocks.23.ln_2.weight', 'detector.backbone.language_backbone.encoder.transformer.resblocks.21.ln_2.weight', 'detector.backbone.language_backbone.encoder.transformer.resblocks.3.attn.in_proj_weight', 'detector.backbone.language_backbone.encoder.transformer.resblocks.18.attn.out_proj.bias', 'detector.backbone.language_backbone.encoder.transformer.resblocks.3.mlp.c_fc.bias'}
INFO 2026-05-21 21:55:51,334 optimizer.py: 244: Matches for param_name [detector.geometry_encoder.*]: {'detector.geometry_encoder.boxes_pos_enc_project.bias', 'detector.geometry_encoder.encode.2.cross_attn_image.out_proj.weight', 'detector.geometry_encoder.encode.0.cross_attn_image.in_proj_weight', 'detector.geometry_encoder.boxes_pool_project.bias', 'detector.geometry_encoder.encode.0.self_attn.in_proj_weight', 'detector.geometry_encoder.encode.0.self_attn.out_proj.bias', 'detector.geometry_encoder.encode.2.linear2.weight', 'detector.geometry_encoder.boxes_direct_project.weight', 'detector.geometry_encoder.encode.0.norm1.bias', 'detector.geometry_encoder.encode.0.norm2.weight', 'detector.geometry_encoder.encode.0.norm3.bias', 'detector.geometry_encoder.label_embed.weight', 'detector.geometry_encoder.encode.0.cross_attn_image.out_proj.weight', 'detector.geometry_encoder.encode.0.norm1.weight', 'detector.geometry_encoder.cls_embed.weight', 'detector.geometry_encoder.encode.0.linear2.bias', 'detector.geometry_encoder.encode.0.norm2.bias', 'detector.geometry_encoder.img_pre_norm.bias', 'detector.geometry_encoder.norm.bias', 'detector.geometry_encoder.encode.2.cross_attn_image.out_proj.bias', 'detector.geometry_encoder.points_direct_project.weight', 'detector.geometry_encoder.encode.2.cross_attn_image.in_proj_bias', 'detector.geometry_encoder.points_direct_project.bias', 'detector.geometry_encoder.encode.1.norm2.bias', 'detector.geometry_encoder.points_pos_enc_project.weight', 'detector.geometry_encoder.points_pool_project.bias', 'detector.geometry_encoder.final_proj.bias', 'detector.geometry_encoder.encode.1.self_attn.out_proj.weight', 'detector.geometry_encoder.encode.0.norm3.weight', 'detector.geometry_encoder.encode.1.cross_attn_image.out_proj.bias', 'detector.geometry_encoder.encode.1.norm2.weight', 'detector.geometry_encoder.encode.2.linear1.bias', 'detector.geometry_encoder.encode.0.cross_attn_image.in_proj_bias', 'detector.geometry_encoder.encode.2.cross_attn_image.in_proj_weight', 'detector.geometry_encoder.encode.1.norm1.bias', 'detector.geometry_encoder.encode.0.cross_attn_image.out_proj.bias', 'detector.geometry_encoder.encode.2.linear1.weight', 'detector.geometry_encoder.norm.weight', 'detector.geometry_encoder.encode.2.linear2.bias', 'detector.geometry_encoder.encode.0.self_attn.in_proj_bias', 'detector.geometry_encoder.encode.1.self_attn.in_proj_weight', 'detector.geometry_encoder.encode.1.norm3.bias', 'detector.geometry_encoder.encode.0.linear1.bias', 'detector.geometry_encoder.encode.1.self_attn.out_proj.bias', 'detector.geometry_encoder.boxes_direct_project.bias', 'detector.geometry_encoder.encode.2.self_attn.in_proj_bias', 'detector.geometry_encoder.encode.1.linear1.bias', 'detector.geometry_encoder.encode.1.linear2.weight', 'detector.geometry_encoder.encode.1.self_attn.in_proj_bias', 'detector.geometry_encoder.encode_norm.weight', 'detector.geometry_encoder.encode.1.norm3.weight', 'detector.geometry_encoder.boxes_pool_project.weight', 'detector.geometry_encoder.encode.1.linear1.weight', 'detector.geometry_encoder.encode.2.norm1.bias', 'detector.geometry_encoder.img_pre_norm.weight', 'detector.geometry_encoder.encode.0.self_attn.out_proj.weight', 'detector.geometry_encoder.encode.1.cross_attn_image.in_proj_bias', 'detector.geometry_encoder.encode.1.cross_attn_image.in_proj_weight', 'detector.geometry_encoder.encode_norm.bias', 'detector.geometry_encoder.boxes_pos_enc_project.weight', 'detector.geometry_encoder.encode.2.self_attn.out_proj.bias', 'detector.geometry_encoder.encode.2.norm1.weight', 'detector.geometry_encoder.encode.2.norm3.bias', 'detector.geometry_encoder.final_proj.weight', 'detector.geometry_encoder.encode.2.norm2.weight', 'detector.geometry_encoder.encode.2.norm2.bias', 'detector.geometry_encoder.encode.2.self_attn.in_proj_weight', 'detector.geometry_encoder.encode.1.norm1.weight', 'detector.geometry_encoder.encode.0.linear2.weight', 'detector.geometry_encoder.points_pos_enc_project.bias', 'detector.geometry_encoder.encode.1.linear2.bias', 'detector.geometry_encoder.encode.0.linear1.weight', 'detector.geometry_encoder.points_pool_project.weight', 'detector.geometry_encoder.encode.1.cross_attn_image.out_proj.weight', 'detector.geometry_encoder.encode.2.self_attn.out_proj.weight', 'detector.geometry_encoder.encode.2.norm3.weight'}
INFO 2026-05-21 21:55:51,350 optimizer.py: 244: Matches for param_name [detector.transformer.encoder.*]: {'detector.transformer.encoder.layers.3.self_attn.out_proj.bias', 'detector.transformer.encoder.layers.0.self_attn.in_proj_weight', 'detector.transformer.encoder.layers.2.linear1.weight', 'detector.transformer.encoder.layers.5.linear2.weight', 'detector.transformer.encoder.layers.0.norm2.bias', 'detector.transformer.encoder.layers.2.self_attn.out_proj.bias', 'detector.transformer.encoder.layers.1.linear1.bias', 'detector.transformer.encoder.layers.1.self_attn.out_proj.bias', 'detector.transformer.encoder.layers.1.norm3.weight', 'detector.transformer.encoder.layers.2.self_attn.in_proj_weight', 'detector.transformer.encoder.layers.5.self_attn.in_proj_weight', 'detector.transformer.encoder.layers.0.linear2.bias', 'detector.transformer.encoder.layers.4.self_attn.out_proj.bias', 'detector.transformer.encoder.layers.0.linear1.bias', 'detector.transformer.encoder.layers.2.norm1.weight', 'detector.transformer.encoder.layers.4.norm3.bias', 'detector.transformer.encoder.layers.1.linear2.bias', 'detector.transformer.encoder.layers.0.cross_attn_image.in_proj_bias', 'detector.transformer.encoder.layers.3.norm3.weight', 'detector.transformer.encoder.layers.2.norm2.bias', 'detector.transformer.encoder.layers.5.norm1.bias', 'detector.transformer.encoder.layers.3.linear2.weight', 'detector.transformer.encoder.layers.0.norm1.bias', 'detector.transformer.encoder.layers.2.linear2.bias', 'detector.transformer.encoder.layers.2.self_attn.out_proj.weight', 'detector.transformer.encoder.layers.4.norm2.bias', 'detector.transformer.encoder.layers.0.self_attn.out_proj.weight', 'detector.transformer.encoder.layers.4.cross_attn_image.out_proj.weight', 'detector.transformer.encoder.layers.2.norm3.weight', 'detector.transformer.encoder.layers.5.norm3.bias', 'detector.transformer.encoder.layers.1.cross_attn_image.in_proj_weight', 'detector.transformer.encoder.layers.3.norm1.weight', 'detector.transformer.encoder.layers.1.self_attn.in_proj_weight', 'detector.transformer.encoder.layers.4.self_attn.out_proj.weight', 'detector.transformer.encoder.layers.0.norm3.weight', 'detector.transformer.encoder.layers.3.self_attn.in_proj_bias', 'detector.transformer.encoder.layers.4.self_attn.in_proj_weight', 'detector.transformer.encoder.layers.0.linear1.weight', 'detector.transformer.encoder.layers.0.self_attn.out_proj.bias', 'detector.transformer.encoder.layers.2.norm2.weight', 'detector.transformer.encoder.layers.0.norm1.weight', 'detector.transformer.encoder.layers.2.cross_attn_image.in_proj_bias', 'detector.transformer.encoder.layers.1.norm2.weight', 'detector.transformer.encoder.layers.2.linear1.bias', 'detector.transformer.encoder.layers.4.linear2.weight', 'detector.transformer.encoder.layers.3.cross_attn_image.out_proj.bias', 'detector.transformer.encoder.layers.4.self_attn.in_proj_bias', 'detector.transformer.encoder.layers.0.cross_attn_image.out_proj.bias', 'detector.transformer.encoder.layers.3.self_attn.in_proj_weight', 'detector.transformer.encoder.layers.1.linear1.weight', 'detector.transformer.encoder.layers.5.self_attn.out_proj.bias', 'detector.transformer.encoder.layers.1.cross_attn_image.in_proj_bias', 'detector.transformer.encoder.layers.5.norm2.weight', 'detector.transformer.encoder.layers.5.cross_attn_image.out_proj.bias', 'detector.transformer.encoder.layers.1.norm1.weight', 'detector.transformer.encoder.layers.1.cross_attn_image.out_proj.bias', 'detector.transformer.encoder.layers.4.cross_attn_image.in_proj_weight', 'detector.transformer.encoder.layers.2.norm3.bias', 'detector.transformer.encoder.layers.5.linear1.weight', 'detector.transformer.encoder.layers.0.linear2.weight', 'detector.transformer.encoder.layers.1.norm2.bias', 'detector.transformer.encoder.layers.3.linear1.weight', 'detector.transformer.encoder.layers.5.norm3.weight', 'detector.transformer.encoder.layers.4.cross_attn_image.in_proj_bias', 'detector.transformer.encoder.layers.1.self_attn.in_proj_bias', 'detector.transformer.encoder.layers.3.norm1.bias', 'detector.transformer.encoder.layers.1.self_attn.out_proj.weight', 'detector.transformer.encoder.layers.0.norm3.bias', 'detector.transformer.encoder.layers.4.linear2.bias', 'detector.transformer.encoder.layers.1.norm3.bias', 'detector.transformer.encoder.layers.4.norm1.bias', 'detector.transformer.encoder.layers.0.norm2.weight', 'detector.transformer.encoder.layers.2.linear2.weight', 'detector.transformer.encoder.layers.5.self_attn.in_proj_bias', 'detector.transformer.encoder.layers.0.self_attn.in_proj_bias', 'detector.transformer.encoder.layers.4.cross_attn_image.out_proj.bias', 'detector.transformer.encoder.layers.5.self_attn.out_proj.weight', 'detector.transformer.encoder.layers.2.cross_attn_image.in_proj_weight', 'detector.transformer.encoder.layers.2.cross_attn_image.out_proj.bias', 'detector.transformer.encoder.layers.2.cross_attn_image.out_proj.weight', 'detector.transformer.encoder.layers.1.linear2.weight', 'detector.transformer.encoder.layers.2.norm1.bias', 'detector.transformer.encoder.layers.3.linear2.bias', 'detector.transformer.encoder.layers.5.cross_attn_image.in_proj_bias', 'detector.transformer.encoder.layers.5.cross_attn_image.out_proj.weight', 'detector.transformer.encoder.layers.3.self_attn.out_proj.weight', 'detector.transformer.encoder.layers.0.cross_attn_image.in_proj_weight', 'detector.transformer.encoder.layers.5.linear2.bias', 'detector.transformer.encoder.layers.4.linear1.weight', 'detector.transformer.encoder.layers.5.linear1.bias', 'detector.transformer.encoder.layers.3.cross_attn_image.out_proj.weight', 'detector.transformer.encoder.layers.4.norm3.weight', 'detector.transformer.encoder.layers.1.norm1.bias', 'detector.transformer.encoder.layers.3.norm3.bias', 'detector.transformer.encoder.layers.5.cross_attn_image.in_proj_weight', 'detector.transformer.encoder.layers.3.cross_attn_image.in_proj_weight', 'detector.transformer.encoder.layers.1.cross_attn_image.out_proj.weight', 'detector.transformer.encoder.layers.0.cross_attn_image.out_proj.weight', 'detector.transformer.encoder.layers.2.self_attn.in_proj_bias', 'detector.transformer.encoder.layers.3.norm2.bias', 'detector.transformer.encoder.layers.5.norm2.bias', 'detector.transformer.encoder.layers.5.norm1.weight', 'detector.transformer.encoder.layers.3.cross_attn_image.in_proj_bias', 'detector.transformer.encoder.layers.3.norm2.weight', 'detector.transformer.encoder.layers.3.linear1.bias', 'detector.transformer.encoder.layers.4.norm2.weight', 'detector.transformer.encoder.layers.4.linear1.bias', 'detector.transformer.encoder.layers.4.norm1.weight'}
INFO 2026-05-21 21:55:51,359 optimizer.py: 244: Matches for param_name [tracker.transformer.encoder.*]: {'tracker.transformer.encoder.layers.3.cross_attn_image.v_proj.weight', 'tracker.transformer.encoder.layers.0.linear2.bias', 'tracker.transformer.encoder.layers.2.norm1.weight', 'tracker.transformer.encoder.layers.1.norm2.bias', 'tracker.transformer.encoder.layers.3.cross_attn_image.out_proj.weight', 'tracker.transformer.encoder.layers.2.self_attn.v_proj.weight', 'tracker.transformer.encoder.layers.2.self_attn.q_proj.bias', 'tracker.transformer.encoder.layers.1.norm1.bias', 'tracker.transformer.encoder.layers.2.self_attn.out_proj.weight', 'tracker.transformer.encoder.layers.0.norm3.bias', 'tracker.transformer.encoder.layers.3.cross_attn_image.q_proj.weight', 'tracker.transformer.encoder.layers.0.norm3.weight', 'tracker.transformer.encoder.layers.3.linear1.bias', 'tracker.transformer.encoder.layers.3.norm3.weight', 'tracker.transformer.encoder.layers.3.norm2.weight', 'tracker.transformer.encoder.layers.1.norm3.bias', 'tracker.transformer.encoder.layers.1.self_attn.out_proj.weight', 'tracker.transformer.encoder.layers.0.self_attn.k_proj.weight', 'tracker.transformer.encoder.layers.2.cross_attn_image.k_proj.weight', 'tracker.transformer.encoder.layers.1.self_attn.k_proj.bias', 'tracker.transformer.encoder.layers.1.self_attn.v_proj.bias', 'tracker.transformer.encoder.layers.0.cross_attn_image.k_proj.weight', 'tracker.transformer.encoder.layers.0.linear2.weight', 'tracker.transformer.encoder.layers.0.self_attn.k_proj.bias', 'tracker.transformer.encoder.layers.3.cross_attn_image.k_proj.weight', 'tracker.transformer.encoder.layers.2.linear2.weight', 'tracker.transformer.encoder.layers.2.cross_attn_image.q_proj.bias', 'tracker.transformer.encoder.layers.0.cross_attn_image.out_proj.weight', 'tracker.transformer.encoder.layers.1.linear1.bias', 'tracker.transformer.encoder.layers.3.linear2.bias', 'tracker.transformer.encoder.layers.3.self_attn.v_proj.weight', 'tracker.transformer.encoder.layers.2.cross_attn_image.out_proj.bias', 'tracker.transformer.encoder.layers.3.self_attn.v_proj.bias', 'tracker.transformer.encoder.layers.1.norm1.weight', 'tracker.transformer.encoder.layers.1.norm3.weight', 'tracker.transformer.encoder.layers.3.cross_attn_image.v_proj.bias', 'tracker.transformer.encoder.layers.2.self_attn.k_proj.bias', 'tracker.transformer.encoder.layers.3.norm1.bias', 'tracker.transformer.encoder.layers.0.linear1.bias', 'tracker.transformer.encoder.layers.3.norm2.bias', 'tracker.transformer.encoder.layers.1.cross_attn_image.v_proj.bias', 'tracker.transformer.encoder.layers.0.self_attn.v_proj.weight', 'tracker.transformer.encoder.layers.1.linear2.bias', 'tracker.transformer.encoder.layers.3.self_attn.out_proj.weight', 'tracker.transformer.encoder.layers.3.linear2.weight', 'tracker.transformer.encoder.layers.3.norm3.bias', 'tracker.transformer.encoder.layers.0.self_attn.q_proj.weight', 'tracker.transformer.encoder.layers.0.norm1.weight', 'tracker.transformer.encoder.layers.1.self_attn.q_proj.bias', 'tracker.transformer.encoder.layers.2.norm3.weight', 'tracker.transformer.encoder.layers.0.self_attn.v_proj.bias', 'tracker.transformer.encoder.layers.1.cross_attn_image.q_proj.bias', 'tracker.transformer.encoder.layers.0.linear1.weight', 'tracker.transformer.encoder.layers.2.cross_attn_image.q_proj.weight', 'tracker.transformer.encoder.layers.1.cross_attn_image.out_proj.weight', 'tracker.transformer.encoder.layers.3.norm1.weight', 'tracker.transformer.encoder.layers.0.norm2.bias', 'tracker.transformer.encoder.layers.1.cross_attn_image.k_proj.weight', 'tracker.transformer.encoder.layers.0.norm2.weight', 'tracker.transformer.encoder.layers.1.cross_attn_image.out_proj.bias', 'tracker.transformer.encoder.layers.2.self_attn.k_proj.weight', 'tracker.transformer.encoder.layers.1.linear2.weight', 'tracker.transformer.encoder.layers.2.linear2.bias', 'tracker.transformer.encoder.layers.2.self_attn.q_proj.weight', 'tracker.transformer.encoder.layers.2.linear1.bias', 'tracker.transformer.encoder.layers.3.self_attn.out_proj.bias', 'tracker.transformer.encoder.layers.0.cross_attn_image.q_proj.bias', 'tracker.transformer.encoder.layers.0.cross_attn_image.q_proj.weight', 'tracker.transformer.encoder.layers.0.self_attn.q_proj.bias', 'tracker.transformer.encoder.layers.2.norm2.weight', 'tracker.transformer.encoder.layers.0.self_attn.out_proj.bias', 'tracker.transformer.encoder.layers.1.cross_attn_image.k_proj.bias', 'tracker.transformer.encoder.layers.3.linear1.weight', 'tracker.transformer.encoder.layers.3.self_attn.q_proj.bias', 'tracker.transformer.encoder.layers.3.cross_attn_image.q_proj.bias', 'tracker.transformer.encoder.layers.2.cross_attn_image.out_proj.weight', 'tracker.transformer.encoder.layers.1.self_attn.q_proj.weight', 'tracker.transformer.encoder.layers.2.norm1.bias', 'tracker.transformer.encoder.layers.3.cross_attn_image.k_proj.bias', 'tracker.transformer.encoder.layers.1.cross_attn_image.q_proj.weight', 'tracker.transformer.encoder.layers.1.linear1.weight', 'tracker.transformer.encoder.layers.1.norm2.weight', 'tracker.transformer.encoder.layers.0.cross_attn_image.out_proj.bias', 'tracker.transformer.encoder.norm.weight', 'tracker.transformer.encoder.layers.0.cross_attn_image.v_proj.bias', 'tracker.transformer.encoder.layers.0.cross_attn_image.k_proj.bias', 'tracker.transformer.encoder.layers.2.norm3.bias', 'tracker.transformer.encoder.layers.2.cross_attn_image.v_proj.weight', 'tracker.transformer.encoder.layers.2.cross_attn_image.v_proj.bias', 'tracker.transformer.encoder.layers.3.self_attn.k_proj.weight', 'tracker.transformer.encoder.layers.3.cross_attn_image.out_proj.bias', 'tracker.transformer.encoder.layers.0.self_attn.out_proj.weight', 'tracker.transformer.encoder.layers.0.norm1.bias', 'tracker.transformer.encoder.layers.3.self_attn.q_proj.weight', 'tracker.transformer.encoder.layers.1.cross_attn_image.v_proj.weight', 'tracker.transformer.encoder.layers.2.norm2.bias', 'tracker.transformer.encoder.layers.2.self_attn.out_proj.bias', 'tracker.transformer.encoder.layers.2.self_attn.v_proj.bias', 'tracker.transformer.encoder.norm.bias', 'tracker.transformer.encoder.layers.0.cross_attn_image.v_proj.weight', 'tracker.transformer.encoder.layers.1.self_attn.k_proj.weight', 'tracker.transformer.encoder.layers.1.self_attn.out_proj.bias', 'tracker.transformer.encoder.layers.2.linear1.weight', 'tracker.transformer.encoder.layers.2.cross_attn_image.k_proj.bias', 'tracker.transformer.encoder.layers.3.self_attn.k_proj.bias', 'tracker.transformer.encoder.layers.1.self_attn.v_proj.weight'}
INFO 2026-05-21 21:55:51,369 optimizer.py: 244: Matches for param_name [*bias*]: {'tracker.transformer.encoder.layers.0.linear2.bias', 'detector.transformer.encoder.layers.3.self_attn.out_proj.bias', 'detector.backbone.language_backbone.encoder.transformer.resblocks.12.mlp.c_fc.bias', 'tracker.sam_mask_decoder.output_hypernetworks_mlps.1.layers.0.bias', 'detector.dot_prod_scoring.prompt_mlp.layers.0.bias', 'tracker.transformer.encoder.layers.3.linear1.bias', 'tracker.sam_mask_decoder.output_upscaling.3.bias', 'detector.backbone.vision_backbone.trunk.blocks.11.attn.qkv.bias', 'detector.backbone.vision_backbone.trunk.blocks.10.mlp.fc1.bias', 'detector.backbone.vision_backbone.trunk.blocks.14.attn.qkv.bias', 'tracker.transformer.encoder.layers.1.norm3.bias', 'detector.backbone.language_backbone.encoder.transformer.resblocks.8.ln_1.bias', 'detector.backbone.vision_backbone.trunk.blocks.26.attn.qkv.bias', 'tracker.transformer.encoder.layers.1.self_attn.k_proj.bias', 'tracker.transformer.encoder.layers.1.self_attn.v_proj.bias', 'detector.backbone.vision_backbone.trunk.blocks.27.attn.proj.bias', 'detector.backbone.vision_backbone.trunk.blocks.25.mlp.fc2.bias', 'detector.backbone.language_backbone.encoder.transformer.resblocks.11.ln_2.bias', 'detector.backbone.vision_backbone.trunk.blocks.19.norm1.bias', 'detector.backbone.language_backbone.encoder.transformer.resblocks.10.attn.out_proj.bias', 'detector.geometry_encoder.boxes_direct_project.bias', 'detector.backbone.language_backbone.encoder.transformer.resblocks.19.ln_2.bias', 'detector.backbone.vision_backbone.trunk.blocks.22.mlp.fc2.bias', 'detector.backbone.language_backbone.encoder.transformer.resblocks.2.mlp.c_proj.bias', 'detector.backbone.vision_backbone.convs.0.dconv_2x2_0.bias', 'detector.backbone.language_backbone.encoder.transformer.resblocks.21.ln_2.bias', 'tracker.transformer.encoder.layers.1.linear1.bias', 'detector.backbone.language_backbone.encoder.transformer.resblocks.11.mlp.c_fc.bias', 'tracker.transformer.encoder.layers.3.linear2.bias', 'detector.backbone.vision_backbone.trunk.blocks.7.mlp.fc2.bias', 'detector.backbone.language_backbone.encoder.transformer.resblocks.20.attn.out_proj.bias', 'detector.backbone.language_backbone.encoder.transformer.resblocks.4.mlp.c_fc.bias', 'detector.backbone.language_backbone.encoder.transformer.resblocks.3.attn.out_proj.bias', 'detector.transformer.encoder.layers.0.norm1.bias', 'detector.backbone.language_backbone.encoder.transformer.resblocks.13.mlp.c_proj.bias', 'detector.backbone.vision_backbone.trunk.blocks.20.attn.qkv.bias', 'detector.backbone.vision_backbone.trunk.blocks.19.attn.qkv.bias', 'tracker.transformer.encoder.layers.2.cross_attn_image.out_proj.bias', 'detector.backbone.language_backbone.encoder.transformer.resblocks.12.attn.in_proj_bias', 'detector.backbone.vision_backbone.trunk.blocks.0.norm1.bias', 'detector.backbone.language_backbone.encoder.transformer.resblocks.17.attn.out_proj.bias', 'detector.backbone.vision_backbone.trunk.blocks.16.norm2.bias', 'detector.transformer.decoder.layers.2.linear2.bias', 'detector.backbone.vision_backbone.trunk.blocks.11.norm1.bias', 'detector.backbone.vision_backbone.trunk.blocks.15.attn.proj.bias', 'detector.backbone.language_backbone.encoder.ln_final.bias', 'detector.backbone.vision_backbone.trunk.blocks.22.attn.proj.bias', 'tracker.transformer.encoder.layers.3.norm2.bias', 'detector.geometry_encoder.encode.0.norm3.bias', 'detector.backbone.language_backbone.encoder.transformer.resblocks.20.ln_1.bias', 'detector.transformer.encoder.layers.3.self_attn.in_proj_bias', 'tracker.transformer.encoder.layers.1.linear2.bias', 'detector.segmentation_head.cross_attend_prompt.in_proj_bias', 'tracker.sam_mask_decoder.output_hypernetworks_mlps.0.layers.2.bias', 'detector.backbone.vision_backbone.convs.3.conv_3x3.bias', 'detector.backbone.vision_backbone.trunk.blocks.0.norm2.bias', 'detector.backbone.vision_backbone.trunk.blocks.8.mlp.fc1.bias', 'detector.backbone.language_backbone.encoder.transformer.resblocks.8.attn.out_proj.bias', 'detector.backbone.vision_backbone.sam2_convs.2.conv_1x1.bias', 'detector.backbone.vision_backbone.trunk.blocks.24.mlp.fc1.bias', 'detector.transformer.encoder.layers.2.cross_attn_image.in_proj_bias', 'detector.backbone.vision_backbone.trunk.blocks.9.attn.proj.bias', 'tracker.maskmem_backbone.mask_downsampler.encoder.0.bias', 'detector.backbone.language_backbone.encoder.transformer.resblocks.5.mlp.c_fc.bias', 'detector.backbone.language_backbone.encoder.transformer.resblocks.9.mlp.c_fc.bias', 'tracker.sam_mask_decoder.output_hypernetworks_mlps.0.layers.1.bias', 'detector.backbone.vision_backbone.convs.2.conv_3x3.bias', 'detector.backbone.vision_backbone.trunk.blocks.5.attn.proj.bias', 'detector.backbone.vision_backbone.trunk.blocks.16.attn.proj.bias', 'detector.backbone.vision_backbone.trunk.blocks.24.attn.proj.bias', 'detector.backbone.language_backbone.encoder.transformer.resblocks.9.ln_2.bias', 'detector.transformer.encoder.layers.1.cross_attn_image.in_proj_bias', 'tracker.sam_mask_decoder.output_upscaling.0.bias', 'detector.backbone.vision_backbone.sam2_convs.3.conv_1x1.bias', 'detector.backbone.vision_backbone.trunk.blocks.0.mlp.fc1.bias', 'detector.transformer.decoder.layers.0.cross_attn.in_proj_bias', 'detector.backbone.language_backbone.encoder.transformer.resblocks.4.ln_2.bias', 'tracker.transformer.encoder.layers.1.cross_attn_image.out_proj.bias', 'tracker.sam_mask_decoder.transformer.layers.1.cross_attn_token_to_image.q_proj.bias', 'detector.backbone.vision_backbone.trunk.blocks.3.attn.qkv.bias', 'detector.backbone.vision_backbone.trunk.blocks.28.mlp.fc2.bias', 'detector.backbone.language_backbone.encoder.transformer.resblocks.1.attn.out_proj.bias', 'tracker.sam_prompt_encoder.mask_downscaling.4.bias', 'detector.backbone.language_backbone.encoder.transformer.resblocks.7.mlp.c_fc.bias', 'detector.transformer.encoder.layers.2.norm3.bias', 'detector.backbone.vision_backbone.trunk.blocks.6.mlp.fc2.bias', 'detector.backbone.vision_backbone.trunk.blocks.17.mlp.fc1.bias', 'detector.transformer.decoder.bbox_embed.layers.2.bias', 'detector.backbone.vision_backbone.trunk.blocks.8.mlp.fc2.bias', 'detector.transformer.encoder.layers.4.cross_attn_image.in_proj_bias', 'detector.backbone.vision_backbone.trunk.blocks.2.mlp.fc1.bias', 'detector.transformer.decoder.layers.5.cross_attn.in_proj_bias', 'tracker.transformer.encoder.layers.0.self_attn.q_proj.bias', 'detector.backbone.language_backbone.encoder.transformer.resblocks.1.mlp.c_fc.bias', 'detector.backbone.language_backbone.encoder.transformer.resblocks.3.ln_1.bias', 'detector.geometry_encoder.encode.2.cross_attn_image.in_proj_bias', 'detector.backbone.vision_backbone.trunk.blocks.27.mlp.fc2.bias', 'detector.geometry_encoder.points_pool_project.bias', 'detector.backbone.language_backbone.encoder.transformer.resblocks.17.ln_2.bias', 'detector.backbone.vision_backbone.trunk.blocks.7.attn.qkv.bias', 'detector.backbone.language_backbone.encoder.transformer.resblocks.16.mlp.c_fc.bias', 'tracker.sam_mask_decoder.transformer.layers.0.cross_attn_token_to_image.k_proj.bias', 'detector.backbone.language_backbone.encoder.transformer.resblocks.2.ln_1.bias', 'detector.backbone.language_backbone.encoder.transformer.resblocks.20.mlp.c_proj.bias', 'detector.transformer.decoder.layers.2.self_attn.in_proj_bias', 'detector.backbone.language_backbone.encoder.transformer.resblocks.15.ln_1.bias', 'detector.transformer.encoder.layers.0.self_attn.in_proj_bias', 'detector.segmentation_head.mask_predictor.mask_embed.layers.0.bias', 'detector.backbone.language_backbone.encoder.transformer.resblocks.6.attn.out_proj.bias', 'detector.backbone.vision_backbone.trunk.blocks.4.attn.qkv.bias', 'tracker.sam_mask_decoder.transformer.layers.0.cross_attn_image_to_token.k_proj.bias', 'detector.backbone.vision_backbone.trunk.blocks.29.mlp.fc1.bias', 'detector.backbone.vision_backbone.trunk.blocks.15.norm1.bias', 'detector.backbone.language_backbone.resizer.bias', 'detector.backbone.vision_backbone.trunk.blocks.31.attn.proj.bias', 'detector.segmentation_head.cross_attend_prompt.out_proj.bias', 'detector.backbone.vision_backbone.trunk.blocks.9.mlp.fc2.bias', 'detector.transformer.decoder.layers.4.ca_text.in_proj_bias', 'tracker.maskmem_backbone.out_proj.bias', 'detector.transformer.decoder.layers.2.ca_text.out_proj.bias', 'detector.transformer.decoder.layers.0.linear1.bias', 'detector.backbone.language_backbone.encoder.transformer.resblocks.13.ln_1.bias', 'detector.backbone.vision_backbone.trunk.blocks.25.mlp.fc1.bias', 'detector.transformer.decoder.layers.5.norm3.bias', 'detector.transformer.encoder.layers.1.norm1.bias', 'tracker.sam_mask_decoder.transformer.final_attn_token_to_image.v_proj.bias', 'detector.backbone.vision_backbone.trunk.blocks.9.attn.qkv.bias', 'detector.backbone.language_backbone.encoder.transformer.resblocks.2.mlp.c_fc.bias', 'detector.backbone.vision_backbone.trunk.blocks.23.attn.qkv.bias', 'detector.backbone.vision_backbone.trunk.blocks.8.attn.proj.bias', 'detector.backbone.language_backbone.encoder.transformer.resblocks.10.ln_2.bias', 'detector.backbone.vision_backbone.trunk.blocks.2.attn.qkv.bias', 'detector.backbone.vision_backbone.trunk.blocks.24.mlp.fc2.bias', 'detector.geometry_encoder.norm.bias', 'detector.transformer.decoder.layers.4.cross_attn.out_proj.bias', 'detector.transformer.decoder.layers.0.self_attn.in_proj_bias', 'tracker.sam_mask_decoder.transformer.layers.0.cross_attn_image_to_token.v_proj.bias', 'detector.backbone.vision_backbone.trunk.blocks.21.attn.qkv.bias', 'detector.backbone.language_backbone.encoder.transformer.resblocks.20.ln_2.bias', 'detector.backbone.vision_backbone.trunk.blocks.14.norm1.bias', 'tracker.maskmem_backbone.fuser.layers.0.dwconv.bias', 'tracker.sam_mask_decoder.pred_obj_score_head.layers.1.bias', 'tracker.sam_mask_decoder.transformer.layers.0.norm4.bias', 'detector.backbone.vision_backbone.trunk.blocks.27.norm2.bias', 'detector.geometry_encoder.encode.0.cross_attn_image.in_proj_bias', 'detector.backbone.vision_backbone.trunk.blocks.23.attn.proj.bias', 'tracker.sam_mask_decoder.transformer.layers.1.self_attn.k_proj.bias', 'detector.backbone.language_backbone.encoder.transformer.resblocks.20.attn.in_proj_bias', 'detector.transformer.decoder.layers.0.norm2.bias', 'detector.backbone.language_backbone.encoder.transformer.resblocks.6.mlp.c_proj.bias', 'detector.backbone.vision_backbone.trunk.blocks.20.mlp.fc1.bias', 'detector.backbone.vision_backbone.trunk.blocks.12.norm2.bias', 'detector.geometry_encoder.encode.2.norm1.bias', 'detector.backbone.vision_backbone.trunk.blocks.31.attn.qkv.bias', 'detector.backbone.language_backbone.encoder.transformer.resblocks.18.ln_2.bias', 'detector.backbone.vision_backbone.sam2_convs.3.conv_3x3.bias', 'detector.backbone.vision_backbone.trunk.blocks.14.attn.proj.bias', 'detector.backbone.language_backbone.encoder.transformer.resblocks.10.attn.in_proj_bias', 'detector.transformer.decoder.layers.0.norm1.bias', 'detector.backbone.vision_backbone.trunk.blocks.8.norm2.bias', 'detector.backbone.vision_backbone.trunk.blocks.12.norm1.bias', 'tracker.sam_mask_decoder.output_hypernetworks_mlps.1.layers.2.bias', 'tracker.sam_mask_decoder.conv_s0.bias', 'detector.backbone.vision_backbone.trunk.blocks.3.norm2.bias', 'detector.backbone.vision_backbone.trunk.blocks.16.mlp.fc1.bias', 'detector.backbone.vision_backbone.trunk.blocks.5.norm2.bias', 'detector.transformer.decoder.layers.2.linear1.bias', 'detector.transformer.decoder.layers.5.norm2.bias', 'tracker.sam_mask_decoder.transformer.final_attn_token_to_image.k_proj.bias', 'tracker.maskmem_backbone.mask_downsampler.encoder.1.bias', 'detector.backbone.language_backbone.encoder.transformer.resblocks.17.mlp.c_proj.bias', 'detector.backbone.vision_backbone.sam2_convs.1.dconv_2x2.bias', 'detector.transformer.encoder.layers.1.linear1.bias', 'detector.transformer.encoder.layers.1.self_attn.out_proj.bias', 'tracker.sam_mask_decoder.iou_prediction_head.layers.2.bias', 'tracker.obj_ptr_proj.layers.2.bias', 'tracker.sam_prompt_encoder.mask_downscaling.1.bias', 'detector.backbone.language_backbone.encoder.transformer.resblocks.4.attn.in_proj_bias', 'detector.geometry_encoder.points_direct_project.bias', 'detector.transformer.decoder.layers.3.catext_norm.bias', 'detector.backbone.vision_backbone.trunk.blocks.26.norm1.bias', 'tracker.sam_mask_decoder.conv_s1.bias', 'detector.transformer.decoder.layers.5.catext_norm.bias', 'tracker.sam_mask_decoder.transformer.layers.1.cross_attn_image_to_token.k_proj.bias', 'detector.backbone.vision_backbone.trunk.blocks.6.attn.proj.bias', 'tracker.sam_mask_decoder.transformer.layers.0.norm2.bias', 'tracker.sam_mask_decoder.transformer.layers.0.cross_attn_token_to_image.q_proj.bias', 'detector.backbone.language_backbone.encoder.transformer.resblocks.18.attn.in_proj_bias', 'detector.geometry_encoder.encode.2.self_attn.in_proj_bias', 'detector.transformer.encoder.layers.4.norm3.bias', 'detector.transformer.encoder.layers.0.cross_attn_image.in_proj_bias', 'detector.backbone.vision_backbone.trunk.blocks.24.attn.qkv.bias', 'detector.backbone.vision_backbone.trunk.blocks.3.attn.proj.bias', 'detector.transformer.decoder.layers.1.linear2.bias', 'detector.transformer.encoder.layers.2.norm2.bias', 'detector.transformer.encoder.layers.5.norm1.bias', 'detector.backbone.vision_backbone.trunk.blocks.2.norm1.bias', 'detector.backbone.vision_backbone.trunk.blocks.23.mlp.fc1.bias', 'detector.backbone.language_backbone.encoder.transformer.resblocks.8.mlp.c_fc.bias', 'detector.backbone.vision_backbone.trunk.blocks.3.mlp.fc1.bias', 'detector.backbone.vision_backbone.trunk.blocks.6.norm2.bias', 'detector.transformer.encoder.layers.2.linear2.bias', 'detector.transformer.decoder.layers.5.cross_attn.out_proj.bias', 'detector.transformer.decoder.layers.0.ca_text.out_proj.bias', 'detector.backbone.vision_backbone.trunk.blocks.15.norm2.bias', 'detector.backbone.vision_backbone.trunk.blocks.17.norm2.bias', 'detector.backbone.language_backbone.encoder.transformer.resblocks.18.mlp.c_proj.bias', 'detector.backbone.vision_backbone.trunk.blocks.7.norm1.bias', 'tracker.sam_mask_decoder.transformer.final_attn_token_to_image.out_proj.bias', 'detector.segmentation_head.pixel_decoder.conv_layers.1.bias', 'detector.transformer.decoder.layers.3.norm3.bias', 'detector.dot_prod_scoring.hs_proj.bias', 'detector.backbone.language_backbone.encoder.transformer.resblocks.2.attn.in_proj_bias', 'detector.backbone.language_backbone.encoder.transformer.resblocks.1.ln_1.bias', 'tracker.transformer.encoder.layers.2.self_attn.k_proj.bias', 'detector.transformer.decoder.layers.1.cross_attn.in_proj_bias', 'detector.backbone.language_backbone.encoder.transformer.resblocks.13.attn.in_proj_bias', 'detector.transformer.decoder.layers.1.norm2.bias', 'detector.backbone.vision_backbone.sam2_convs.1.conv_3x3.bias', 'detector.backbone.language_backbone.encoder.transformer.resblocks.22.ln_2.bias', 'detector.backbone.vision_backbone.trunk.blocks.7.attn.proj.bias', 'detector.backbone.language_backbone.encoder.transformer.resblocks.14.mlp.c_proj.bias', 'detector.transformer.decoder.layers.0.catext_norm.bias', 'detector.backbone.language_backbone.encoder.transformer.resblocks.23.mlp.c_proj.bias', 'detector.backbone.language_backbone.encoder.transformer.resblocks.8.ln_2.bias', 'detector.backbone.language_backbone.encoder.transformer.resblocks.5.attn.in_proj_bias', 'tracker.sam_mask_decoder.output_hypernetworks_mlps.1.layers.1.bias', 'detector.backbone.language_backbone.encoder.transformer.resblocks.19.mlp.c_fc.bias', 'detector.geometry_encoder.encode.2.linear1.bias', 'detector.dot_prod_scoring.prompt_proj.bias', 'tracker.transformer.encoder.layers.1.self_attn.q_proj.bias', 'detector.transformer.decoder.layers.1.linear1.bias', 'tracker.transformer.encoder.layers.0.self_attn.v_proj.bias', 'detector.transformer.encoder.layers.4.self_attn.in_proj_bias', 'detector.transformer.encoder.layers.0.cross_attn_image.out_proj.bias', 'detector.segmentation_head.pixel_decoder.norms.2.bias', 'tracker.maskmem_backbone.mask_downsampler.encoder.12.bias', 'tracker.sam_mask_decoder.transformer.layers.0.self_attn.out_proj.bias', 'detector.backbone.language_backbone.encoder.transformer.resblocks.14.mlp.c_fc.bias', 'detector.backbone.vision_backbone.trunk.blocks.30.norm2.bias', 'detector.backbone.vision_backbone.trunk.ln_pre.bias', 'detector.segmentation_head.mask_predictor.mask_embed.layers.2.bias', 'detector.backbone.language_backbone.encoder.transformer.resblocks.4.ln_1.bias', 'detector.backbone.language_backbone.encoder.transformer.resblocks.8.mlp.c_proj.bias', 'tracker.transformer.encoder.layers.0.norm2.bias', 'detector.transformer.decoder.presence_token_head.layers.1.bias', 'detector.backbone.vision_backbone.trunk.blocks.5.attn.qkv.bias', 'detector.backbone.vision_backbone.trunk.blocks.29.norm2.bias', 'detector.transformer.decoder.layers.2.norm2.bias', 'detector.transformer.decoder.layers.4.cross_attn.in_proj_bias', 'tracker.sam_mask_decoder.transformer.layers.1.cross_attn_token_to_image.v_proj.bias', 'detector.backbone.vision_backbone.trunk.blocks.25.attn.qkv.bias', 'tracker.transformer.encoder.layers.2.linear1.bias', 'detector.backbone.vision_backbone.trunk.blocks.6.norm1.bias', 'detector.geometry_encoder.boxes_pos_enc_project.bias', 'detector.backbone.vision_backbone.trunk.blocks.1.norm2.bias', 'detector.backbone.vision_backbone.trunk.blocks.22.norm2.bias', 'detector.transformer.decoder.layers.2.catext_norm.bias', 'detector.geometry_encoder.boxes_pool_project.bias', 'detector.segmentation_head.pixel_decoder.conv_layers.0.bias', 'tracker.transformer.encoder.layers.0.cross_attn_image.q_proj.bias', 'detector.backbone.vision_backbone.trunk.blocks.31.mlp.fc1.bias', 'detector.geometry_encoder.encode.0.norm1.bias', 'detector.transformer.decoder.layers.0.ca_text.in_proj_bias', 'tracker.obj_ptr_proj.layers.1.bias', 'tracker.maskmem_backbone.pix_feat_proj.bias', 'detector.backbone.language_backbone.encoder.transformer.resblocks.20.mlp.c_fc.bias', 'detector.backbone.language_backbone.encoder.transformer.resblocks.5.ln_2.bias', 'detector.backbone.language_backbone.encoder.transformer.resblocks.5.ln_1.bias', 'detector.backbone.vision_backbone.trunk.blocks.10.norm2.bias', 'detector.backbone.vision_backbone.trunk.blocks.28.mlp.fc1.bias', 'detector.transformer.encoder.layers.1.self_attn.in_proj_bias', 'detector.transformer.encoder.layers.3.norm1.bias', 'tracker.sam_mask_decoder.transformer.layers.1.norm1.bias', 'detector.backbone.language_backbone.encoder.transformer.resblocks.0.attn.out_proj.bias', 'detector.backbone.language_backbone.encoder.transformer.resblocks.17.ln_1.bias', 'detector.backbone.vision_backbone.trunk.blocks.19.mlp.fc2.bias', 'detector.backbone.language_backbone.encoder.transformer.resblocks.6.ln_1.bias', 'tracker.transformer.encoder.layers.3.self_attn.q_proj.bias', 'detector.backbone.language_backbone.encoder.transformer.resblocks.23.mlp.c_fc.bias', 'detector.backbone.vision_backbone.trunk.blocks.15.mlp.fc2.bias', 'tracker.maskmem_backbone.fuser.layers.0.pwconv2.bias', 'detector.transformer.decoder.boxRPB_embed_x.layers.1.bias', 'detector.backbone.language_backbone.encoder.transformer.resblocks.15.mlp.c_fc.bias', 'detector.backbone.language_backbone.encoder.transformer.resblocks.14.ln_2.bias', 'detector.transformer.encoder.layers.4.linear2.bias', 'tracker.sam_mask_decoder.transformer.layers.1.norm3.bias', 'detector.backbone.vision_backbone.trunk.blocks.22.mlp.fc1.bias', 'detector.backbone.vision_backbone.convs.1.conv_1x1.bias', 'detector.backbone.vision_backbone.trunk.blocks.23.norm2.bias', 'detector.backbone.vision_backbone.sam2_convs.0.conv_1x1.bias', 'detector.backbone.language_backbone.encoder.transformer.resblocks.12.ln_1.bias', 'detector.backbone.vision_backbone.trunk.blocks.19.mlp.fc1.bias', 'tracker.sam_mask_decoder.output_hypernetworks_mlps.3.layers.0.bias', 'detector.backbone.language_backbone.encoder.transformer.resblocks.17.mlp.c_fc.bias', 'detector.transformer.decoder.layers.5.ca_text.out_proj.bias', 'tracker.maskmem_backbone.mask_downsampler.encoder.3.bias', 'detector.geometry_encoder.points_pos_enc_project.bias', 'detector.backbone.vision_backbone.trunk.blocks.26.mlp.fc2.bias', 'detector.transformer.encoder.layers.5.linear2.bias', 'detector.transformer.decoder.layers.4.norm3.bias', 'detector.transformer.encoder.layers.5.linear1.bias', 'detector.transformer.decoder.layers.2.norm3.bias', 'detector.transformer.encoder.layers.3.norm3.bias', 'detector.backbone.vision_backbone.convs.2.conv_1x1.bias', 'detector.segmentation_head.instance_seg_head.bias', 'detector.backbone.vision_backbone.trunk.blocks.28.attn.proj.bias', 'detector.backbone.vision_backbone.convs.0.conv_1x1.bias', 'detector.transformer.decoder.presence_token_head.layers.0.bias', 'tracker.maskmem_backbone.mask_downsampler.encoder.9.bias', 'detector.backbone.language_backbone.encoder.transformer.resblocks.15.attn.out_proj.bias', 'detector.backbone.language_backbone.encoder.transformer.resblocks.19.mlp.c_proj.bias', 'detector.backbone.vision_backbone.trunk.blocks.13.attn.qkv.bias', 'detector.transformer.decoder.layers.2.ca_text.in_proj_bias', 'detector.transformer.decoder.layers.5.ca_text.in_proj_bias', 'detector.backbone.vision_backbone.convs.1.dconv_2x2.bias', 'detector.backbone.vision_backbone.trunk.blocks.5.norm1.bias', 'detector.backbone.vision_backbone.trunk.blocks.25.norm1.bias', 'detector.backbone.language_backbone.encoder.transformer.resblocks.4.attn.out_proj.bias', 'detector.backbone.vision_backbone.trunk.blocks.21.attn.proj.bias', 'detector.transformer.decoder.layers.4.ca_text.out_proj.bias', 'detector.backbone.vision_backbone.trunk.blocks.29.norm1.bias', 'detector.geometry_encoder.encode.1.cross_attn_image.out_proj.bias', 'detector.backbone.vision_backbone.sam2_convs.0.conv_3x3.bias', 'detector.backbone.vision_backbone.trunk.blocks.14.mlp.fc2.bias', 'detector.backbone.vision_backbone.trunk.blocks.30.mlp.fc1.bias', 'detector.transformer.decoder.layers.3.ca_text.out_proj.bias', 'detector.backbone.vision_backbone.trunk.blocks.4.mlp.fc2.bias', 'detector.geometry_encoder.encode.1.linear1.bias', 'detector.backbone.vision_backbone.trunk.blocks.4.mlp.fc1.bias', 'tracker.transformer.encoder.layers.1.self_attn.out_proj.bias', 'tracker.sam_mask_decoder.transformer.final_attn_token_to_image.q_proj.bias', 'detector.transformer.decoder.layers.3.linear2.bias', 'detector.transformer.decoder.layers.3.norm2.bias', 'detector.backbone.language_backbone.encoder.transformer.resblocks.13.mlp.c_fc.bias', 'detector.backbone.vision_backbone.sam2_convs.1.conv_1x1.bias', 'detector.backbone.vision_backbone.convs.0.conv_3x3.bias', 'detector.backbone.vision_backbone.trunk.blocks.22.attn.qkv.bias', 'detector.transformer.decoder.layers.4.self_attn.out_proj.bias', 'detector.backbone.vision_backbone.trunk.blocks.11.mlp.fc2.bias', 'detector.backbone.language_backbone.encoder.transformer.resblocks.15.mlp.c_proj.bias', 'detector.backbone.vision_backbone.trunk.blocks.18.mlp.fc1.bias', 'tracker.sam_mask_decoder.iou_prediction_head.layers.1.bias', 'tracker.transformer.encoder.layers.1.norm2.bias', 'tracker.transformer.encoder.layers.1.norm1.bias', 'detector.backbone.vision_backbone.convs.3.conv_1x1.bias', 'detector.backbone.vision_backbone.trunk.blocks.28.norm1.bias', 'detector.backbone.language_backbone.encoder.transformer.resblocks.2.attn.out_proj.bias', 'detector.backbone.vision_backbone.trunk.blocks.18.mlp.fc2.bias', 'detector.transformer.decoder.layers.4.self_attn.in_proj_bias', 'tracker.transformer.encoder.layers.0.norm3.bias', 'detector.backbone.language_backbone.encoder.transformer.resblocks.22.attn.in_proj_bias', 'detector.backbone.language_backbone.encoder.transformer.resblocks.7.attn.in_proj_bias', 'detector.transformer.decoder.layers.1.cross_attn.out_proj.bias', 'detector.backbone.vision_backbone.trunk.blocks.16.mlp.fc2.bias', 'detector.backbone.vision_backbone.trunk.blocks.0.mlp.fc2.bias', 'detector.backbone.vision_backbone.trunk.blocks.30.norm1.bias', 'detector.backbone.language_backbone.encoder.transformer.resblocks.3.mlp.c_proj.bias', 'detector.backbone.language_backbone.encoder.transformer.resblocks.10.mlp.c_proj.bias', 'detector.backbone.vision_backbone.trunk.blocks.26.mlp.fc1.bias', 'detector.backbone.vision_backbone.trunk.blocks.0.attn.qkv.bias', 'detector.backbone.vision_backbone.trunk.blocks.3.mlp.fc2.bias', 'detector.backbone.vision_backbone.trunk.blocks.17.attn.proj.bias', 'detector.transformer.encoder.layers.0.linear1.bias', 'detector.geometry_encoder.encode.0.self_attn.in_proj_bias', 'detector.geometry_encoder.encode.1.norm3.bias', 'detector.geometry_encoder.encode.2.linear2.bias', 'detector.backbone.vision_backbone.trunk.blocks.30.mlp.fc2.bias', 'detector.backbone.vision_backbone.trunk.blocks.20.mlp.fc2.bias', 'detector.geometry_encoder.encode.1.self_attn.out_proj.bias', 'tracker.sam_mask_decoder.transformer.layers.0.cross_attn_token_to_image.out_proj.bias', 'tracker.transformer.encoder.layers.2.cross_attn_image.q_proj.bias', 'detector.transformer.encoder.layers.1.linear2.bias', 'detector.backbone.vision_backbone.trunk.blocks.1.norm1.bias', 'tracker.sam_mask_decoder.transformer.layers.1.self_attn.out_proj.bias', 'detector.backbone.vision_backbone.trunk.blocks.18.norm1.bias', 'detector.backbone.vision_backbone.trunk.blocks.15.mlp.fc1.bias', 'detector.backbone.vision_backbone.trunk.blocks.22.norm1.bias', 'detector.backbone.vision_backbone.trunk.blocks.0.attn.proj.bias', 'detector.backbone.language_backbone.encoder.transformer.resblocks.9.attn.in_proj_bias', 'detector.backbone.language_backbone.encoder.transformer.resblocks.23.attn.out_proj.bias', 'detector.backbone.language_backbone.encoder.transformer.resblocks.0.attn.in_proj_bias', 'detector.transformer.encoder.layers.4.norm2.bias', 'detector.backbone.vision_backbone.trunk.blocks.5.mlp.fc2.bias', 'detector.backbone.vision_backbone.trunk.blocks.8.norm1.bias', 'detector.backbone.vision_backbone.trunk.blocks.20.norm2.bias', 'tracker.transformer.encoder.layers.3.cross_attn_image.v_proj.bias', 'tracker.sam_prompt_encoder.mask_downscaling.3.bias', 'tracker.transformer.encoder.layers.3.norm1.bias', 'detector.backbone.language_backbone.encoder.transformer.resblocks.11.ln_1.bias', 'tracker.sam_mask_decoder.transformer.layers.1.mlp.lin2.bias', 'detector.backbone.vision_backbone.trunk.blocks.19.attn.proj.bias', 'detector.backbone.vision_backbone.trunk.blocks.30.attn.qkv.bias', 'tracker.obj_ptr_tpos_proj.bias', 'detector.backbone.language_backbone.encoder.transformer.resblocks.19.ln_1.bias', 'detector.backbone.vision_backbone.trunk.blocks.12.mlp.fc2.bias', 'detector.transformer.encoder.layers.0.self_attn.out_proj.bias', 'detector.backbone.language_backbone.encoder.transformer.resblocks.21.attn.out_proj.bias', 'detector.transformer.decoder.layers.1.norm3.bias', 'tracker.sam_mask_decoder.transformer.layers.1.cross_attn_image_to_token.out_proj.bias', 'detector.backbone.vision_backbone.trunk.blocks.25.attn.proj.bias', 'detector.backbone.vision_backbone.trunk.blocks.16.norm1.bias', 'tracker.sam_mask_decoder.transformer.layers.0.cross_attn_image_to_token.q_proj.bias', 'detector.backbone.language_backbone.encoder.transformer.resblocks.12.mlp.c_proj.bias', 'detector.geometry_encoder.encode.0.linear1.bias', 'detector.backbone.language_backbone.encoder.transformer.resblocks.0.mlp.c_fc.bias', 'detector.segmentation_head.pixel_decoder.conv_layers.2.bias', 'detector.backbone.vision_backbone.trunk.blocks.28.attn.qkv.bias', 'detector.transformer.encoder.layers.3.cross_attn_image.out_proj.bias', 'detector.transformer.decoder.layers.4.linear2.bias', 'detector.backbone.language_backbone.encoder.transformer.resblocks.22.attn.out_proj.bias', 'detector.backbone.language_backbone.encoder.transformer.resblocks.16.attn.in_proj_bias', 'detector.geometry_encoder.encode.1.self_attn.in_proj_bias', 'tracker.sam_mask_decoder.output_hypernetworks_mlps.2.layers.2.bias', 'detector.backbone.language_backbone.encoder.transformer.resblocks.21.mlp.c_proj.bias', 'detector.geometry_encoder.encode.1.cross_attn_image.in_proj_bias', 'detector.transformer.encoder.layers.5.self_attn.out_proj.bias', 'detector.backbone.vision_backbone.trunk.blocks.31.norm2.bias', 'tracker.maskmem_backbone.fuser.layers.1.dwconv.bias', 'detector.backbone.language_backbone.encoder.transformer.resblocks.8.attn.in_proj_bias', 'detector.backbone.vision_backbone.trunk.blocks.9.norm2.bias', 'detector.backbone.vision_backbone.trunk.blocks.27.norm1.bias', 'detector.transformer.decoder.boxRPB_embed_y.layers.1.bias', 'detector.backbone.language_backbone.encoder.transformer.resblocks.2.ln_2.bias', 'detector.geometry_encoder.encode.2.norm2.bias', 'detector.transformer.decoder.layers.4.norm2.bias', 'detector.transformer.encoder.layers.5.cross_attn_image.out_proj.bias', 'detector.backbone.language_backbone.encoder.transformer.resblocks.17.attn.in_proj_bias', 'detector.backbone.vision_backbone.trunk.blocks.20.norm1.bias', 'detector.backbone.vision_backbone.trunk.blocks.23.norm1.bias', 'tracker.maskmem_backbone.mask_downsampler.encoder.4.bias', 'detector.geometry_encoder.encode.0.self_attn.out_proj.bias', 'detector.backbone.vision_backbone.trunk.blocks.13.norm1.bias', 'detector.backbone.language_backbone.encoder.transformer.resblocks.13.attn.out_proj.bias', 'detector.backbone.vision_backbone.trunk.blocks.31.mlp.fc2.bias', 'detector.transformer.encoder.layers.1.norm2.bias', 'detector.backbone.language_backbone.encoder.transformer.resblocks.9.mlp.c_proj.bias', 'detector.backbone.vision_backbone.trunk.blocks.1.mlp.fc2.bias', 'detector.backbone.language_backbone.encoder.transformer.resblocks.14.attn.out_proj.bias', 'detector.backbone.language_backbone.encoder.transformer.resblocks.1.ln_2.bias', 'detector.backbone.language_backbone.encoder.transformer.resblocks.16.ln_1.bias', 'detector.backbone.vision_backbone.trunk.blocks.6.attn.qkv.bias', 'detector.backbone.vision_backbone.trunk.blocks.5.mlp.fc1.bias', 'detector.backbone.language_backbone.encoder.transformer.resblocks.4.mlp.c_proj.bias', 'detector.transformer.decoder.layers.2.self_attn.out_proj.bias', 'detector.backbone.language_backbone.encoder.transformer.resblocks.5.mlp.c_proj.bias', 'detector.backbone.vision_backbone.trunk.blocks.10.attn.proj.bias', 'tracker.transformer.encoder.layers.3.cross_attn_image.q_proj.bias', 'detector.transformer.decoder.layers.1.norm1.bias', 'detector.transformer.decoder.presence_token_out_norm.bias', 'detector.transformer.encoder.layers.1.norm3.bias', 'tracker.maskmem_backbone.fuser.layers.1.pwconv1.bias', 'detector.transformer.encoder.layers.5.self_attn.in_proj_bias', 'detector.transformer.encoder.layers.4.cross_attn_image.out_proj.bias', 'detector.backbone.language_backbone.encoder.transformer.resblocks.9.ln_1.bias', 'detector.transformer.decoder.layers.2.cross_attn.out_proj.bias', 'tracker.sam_prompt_encoder.mask_downscaling.6.bias', 'detector.transformer.encoder.layers.3.linear2.bias', 'tracker.transformer.encoder.layers.3.cross_attn_image.k_proj.bias', 'detector.backbone.vision_backbone.trunk.blocks.2.norm2.bias', 'detector.backbone.language_backbone.encoder.transformer.resblocks.21.attn.in_proj_bias', 'detector.segmentation_head.pixel_decoder.norms.0.bias', 'detector.transformer.decoder.layers.3.cross_attn.out_proj.bias', 'detector.backbone.vision_backbone.trunk.blocks.18.attn.qkv.bias', 'tracker.sam_mask_decoder.transformer.layers.0.self_attn.k_proj.bias', 'tracker.maskmem_backbone.fuser.layers.1.norm.bias', 'detector.transformer.decoder.layers.1.catext_norm.bias', 'detector.dot_prod_scoring.prompt_mlp.layers.1.bias', 'detector.transformer.decoder.layers.3.norm1.bias', 'tracker.transformer.encoder.layers.0.cross_attn_image.out_proj.bias', 'tracker.transformer.encoder.layers.0.cross_attn_image.v_proj.bias', 'detector.backbone.language_backbone.encoder.transformer.resblocks.15.ln_2.bias', 'tracker.transformer.encoder.layers.2.norm3.bias', 'tracker.sam_mask_decoder.transformer.layers.0.norm3.bias', 'detector.backbone.vision_backbone.trunk.blocks.12.mlp.fc1.bias', 'tracker.transformer.encoder.layers.2.cross_attn_image.v_proj.bias', 'tracker.sam_mask_decoder.transformer.layers.0.norm1.bias', 'tracker.transformer.encoder.layers.3.cross_attn_image.out_proj.bias', 'detector.backbone.vision_backbone.trunk.blocks.1.attn.qkv.bias', 'detector.transformer.decoder.norm.bias', 'detector.transformer.encoder.layers.3.norm2.bias', 'detector.transformer.encoder.layers.5.norm2.bias', 'detector.backbone.language_backbone.encoder.transformer.resblocks.9.attn.out_proj.bias', 'tracker.transformer.encoder.layers.2.norm2.bias', 'detector.backbone.vision_backbone.sam2_convs.0.dconv_2x2_0.bias', 'tracker.sam_mask_decoder.transformer.layers.1.mlp.lin1.bias', 'detector.transformer.decoder.layers.5.self_attn.in_proj_bias', 'detector.transformer.decoder.bbox_embed.layers.1.bias', 'detector.backbone.vision_backbone.trunk.blocks.13.mlp.fc2.bias', 'tracker.sam_mask_decoder.transformer.layers.0.mlp.lin2.bias', 'detector.backbone.language_backbone.encoder.transformer.resblocks.6.mlp.c_fc.bias', 'tracker.transformer.encoder.norm.bias', 'detector.transformer.decoder.ref_point_head.layers.1.bias', 'tracker.sam_mask_decoder.transformer.norm_final_attn.bias', 'tracker.sam_mask_decoder.output_upscaling.1.bias', 'tracker.obj_ptr_proj.layers.0.bias', 'detector.backbone.language_backbone.encoder.transformer.resblocks.10.ln_1.bias', 'detector.backbone.vision_backbone.trunk.blocks.3.norm1.bias', 'detector.backbone.vision_backbone.trunk.blocks.26.norm2.bias', 'tracker.sam_mask_decoder.transformer.layers.0.cross_attn_token_to_image.v_proj.bias', 'tracker.transformer.encoder.layers.2.cross_attn_image.k_proj.bias', 'detector.backbone.vision_backbone.trunk.blocks.21.norm1.bias', 'tracker.transformer.encoder.layers.3.self_attn.k_proj.bias', 'detector.segmentation_head.semantic_seg_head.bias', 'detector.backbone.vision_backbone.trunk.blocks.6.mlp.fc1.bias', 'detector.backbone.language_backbone.encoder.transformer.resblocks.7.attn.out_proj.bias', 'detector.backbone.vision_backbone.trunk.blocks.18.attn.proj.bias', 'detector.backbone.vision_backbone.trunk.blocks.26.attn.proj.bias', 'detector.backbone.vision_backbone.trunk.blocks.17.attn.qkv.bias', 'detector.geometry_encoder.encode.2.self_attn.out_proj.bias', 'tracker.transformer.encoder.layers.2.self_attn.q_proj.bias', 'tracker.sam_mask_decoder.pred_obj_score_head.layers.0.bias', 'detector.transformer.decoder.layers.4.norm1.bias', 'detector.transformer.encoder.layers.0.norm2.bias', 'detector.geometry_encoder.encode.0.linear2.bias', 'detector.geometry_encoder.img_pre_norm.bias', 'detector.backbone.vision_backbone.trunk.blocks.4.norm1.bias', 'detector.backbone.language_backbone.encoder.transformer.resblocks.23.ln_1.bias', 'detector.backbone.language_backbone.encoder.transformer.resblocks.23.attn.in_proj_bias', 'detector.transformer.encoder.layers.2.self_attn.out_proj.bias', 'detector.transformer.decoder.layers.3.self_attn.in_proj_bias', 'tracker.sam_mask_decoder.transformer.layers.1.self_attn.v_proj.bias', 'detector.backbone.vision_backbone.trunk.blocks.20.attn.proj.bias', 'detector.backbone.language_backbone.encoder.transformer.resblocks.11.attn.in_proj_bias', 'detector.backbone.vision_backbone.trunk.blocks.4.norm2.bias', 'detector.backbone.vision_backbone.trunk.blocks.29.attn.qkv.bias', 'detector.transformer.decoder.layers.0.self_attn.out_proj.bias', 'tracker.sam_mask_decoder.output_hypernetworks_mlps.0.layers.0.bias', 'detector.geometry_encoder.final_proj.bias', 'detector.transformer.encoder.layers.0.linear2.bias', 'detector.transformer.encoder.layers.4.self_attn.out_proj.bias', 'detector.segmentation_head.cross_attn_norm.bias', 'detector.backbone.vision_backbone.trunk.blocks.31.norm1.bias', 'detector.transformer.decoder.layers.4.linear1.bias', 'tracker.transformer.encoder.layers.0.self_attn.k_proj.bias', 'detector.backbone.language_backbone.encoder.transformer.resblocks.16.mlp.c_proj.bias', 'tracker.sam_mask_decoder.transformer.layers.1.norm4.bias', 'detector.backbone.language_backbone.encoder.transformer.resblocks.10.mlp.c_fc.bias', 'detector.backbone.vision_backbone.trunk.blocks.9.mlp.fc1.bias', 'tracker.sam_mask_decoder.iou_prediction_head.layers.0.bias', 'detector.geometry_encoder.encode.2.norm3.bias', 'detector.backbone.vision_backbone.trunk.blocks.14.norm2.bias', 'detector.segmentation_head.pixel_decoder.norms.1.bias', 'detector.backbone.language_backbone.encoder.transformer.resblocks.3.mlp.c_fc.bias', 'tracker.transformer.encoder.layers.3.self_attn.v_proj.bias', 'detector.transformer.encoder.layers.5.norm3.bias', 'detector.backbone.language_backbone.encoder.transformer.resblocks.3.attn.in_proj_bias', 'detector.backbone.vision_backbone.trunk.blocks.15.attn.qkv.bias', 'detector.transformer.decoder.layers.3.ca_text.in_proj_bias', 'detector.backbone.vision_backbone.trunk.blocks.4.attn.proj.bias', 'tracker.transformer.encoder.layers.0.linear1.bias', 'detector.transformer.decoder.layers.1.self_attn.in_proj_bias', 'detector.backbone.vision_backbone.trunk.blocks.13.attn.proj.bias', 'detector.backbone.language_backbone.encoder.transformer.resblocks.18.ln_1.bias', 'tracker.transformer.encoder.layers.1.cross_attn_image.v_proj.bias', 'detector.transformer.decoder.boxRPB_embed_y.layers.0.bias', 'detector.transformer.decoder.bbox_embed.layers.0.bias', 'detector.backbone.vision_backbone.trunk.blocks.2.mlp.fc2.bias', 'detector.backbone.language_backbone.encoder.transformer.resblocks.6.attn.in_proj_bias', 'detector.backbone.vision_backbone.trunk.blocks.13.mlp.fc1.bias', 'tracker.maskmem_backbone.mask_downsampler.encoder.10.bias', 'tracker.maskmem_backbone.mask_downsampler.encoder.7.bias', 'detector.backbone.language_backbone.encoder.transformer.resblocks.11.mlp.c_proj.bias', 'detector.backbone.language_backbone.encoder.transformer.resblocks.12.ln_2.bias', 'detector.backbone.vision_backbone.trunk.blocks.29.mlp.fc2.bias', 'detector.transformer.decoder.layers.2.cross_attn.in_proj_bias', 'detector.backbone.language_backbone.encoder.transformer.resblocks.18.mlp.c_fc.bias', 'detector.transformer.decoder.layers.0.cross_attn.out_proj.bias', 'tracker.transformer.encoder.layers.3.norm3.bias', 'detector.backbone.language_backbone.encoder.transformer.resblocks.11.attn.out_proj.bias', 'detector.transformer.decoder.layers.5.norm1.bias', 'detector.backbone.vision_backbone.trunk.blocks.21.mlp.fc1.bias', 'detector.backbone.vision_backbone.trunk.blocks.17.norm1.bias', 'detector.transformer.decoder.layers.5.self_attn.out_proj.bias', 'detector.backbone.language_backbone.encoder.transformer.resblocks.19.attn.in_proj_bias', 'detector.backbone.language_backbone.encoder.transformer.resblocks.3.ln_2.bias', 'detector.geometry_encoder.encode.1.norm1.bias', 'detector.backbone.vision_backbone.trunk.blocks.28.norm2.bias', 'detector.backbone.vision_backbone.trunk.blocks.24.norm1.bias', 'detector.transformer.encoder.layers.2.linear1.bias', 'detector.backbone.vision_backbone.trunk.blocks.30.attn.proj.bias', 'tracker.maskmem_backbone.mask_downsampler.encoder.6.bias', 'tracker.transformer.encoder.layers.1.cross_attn_image.q_proj.bias', 'tracker.sam_mask_decoder.pred_obj_score_head.layers.2.bias', 'detector.backbone.language_backbone.encoder.transformer.resblocks.15.attn.in_proj_bias', 'tracker.sam_mask_decoder.output_hypernetworks_mlps.3.layers.1.bias', 'detector.backbone.vision_backbone.trunk.blocks.10.attn.qkv.bias', 'detector.backbone.vision_backbone.trunk.blocks.1.attn.proj.bias', 'detector.backbone.language_backbone.encoder.transformer.resblocks.0.ln_1.bias', 'detector.geometry_encoder.encode_norm.bias', 'detector.backbone.vision_backbone.trunk.blocks.16.attn.qkv.bias', 'detector.backbone.language_backbone.encoder.transformer.resblocks.22.mlp.c_proj.bias', 'tracker.sam_mask_decoder.transformer.layers.1.cross_attn_image_to_token.v_proj.bias', 'tracker.mask_downsample.bias', 'detector.backbone.vision_backbone.trunk.blocks.8.attn.qkv.bias', 'detector.transformer.decoder.layers.1.ca_text.out_proj.bias', 'detector.segmentation_head.mask_predictor.mask_embed.layers.1.bias', 'detector.transformer.decoder.layers.0.norm3.bias', 'detector.backbone.vision_backbone.trunk.blocks.11.mlp.fc1.bias', 'detector.backbone.language_backbone.encoder.transformer.resblocks.6.ln_2.bias', 'tracker.transformer.encoder.layers.2.linear2.bias', 'tracker.maskmem_backbone.fuser.layers.0.pwconv1.bias', 'detector.backbone.language_backbone.encoder.transformer.resblocks.7.ln_2.bias', 'detector.backbone.vision_backbone.trunk.blocks.10.mlp.fc2.bias', 'detector.transformer.encoder.layers.1.cross_attn_image.out_proj.bias', 'detector.backbone.vision_backbone.trunk.blocks.27.attn.qkv.bias', 'tracker.transformer.encoder.layers.3.self_attn.out_proj.bias', 'detector.transformer.decoder.layers.4.catext_norm.bias', 'detector.backbone.vision_backbone.trunk.blocks.11.attn.proj.bias', 'detector.backbone.vision_backbone.trunk.blocks.17.mlp.fc2.bias', 'detector.backbone.vision_backbone.sam2_convs.2.conv_3x3.bias', 'tracker.sam_mask_decoder.transformer.layers.1.cross_attn_image_to_token.q_proj.bias', 'tracker.sam_mask_decoder.output_hypernetworks_mlps.2.layers.0.bias', 'detector.backbone.vision_backbone.trunk.blocks.13.norm2.bias', 'detector.backbone.vision_backbone.trunk.blocks.19.norm2.bias', 'detector.backbone.language_backbone.encoder.transformer.resblocks.19.attn.out_proj.bias', 'detector.backbone.language_backbone.encoder.transformer.resblocks.16.ln_2.bias', 'detector.backbone.language_backbone.encoder.transformer.resblocks.1.attn.in_proj_bias', 'tracker.transformer.encoder.layers.1.cross_attn_image.k_proj.bias', 'tracker.transformer.encoder.layers.0.self_attn.out_proj.bias', 'detector.backbone.vision_backbone.trunk.blocks.7.mlp.fc1.bias', 'detector.backbone.vision_backbone.trunk.blocks.11.norm2.bias', 'detector.transformer.encoder.layers.0.norm3.bias', 'detector.backbone.language_backbone.encoder.transformer.resblocks.21.mlp.c_fc.bias', 'detector.transformer.encoder.layers.4.norm1.bias', 'detector.backbone.vision_backbone.sam2_convs.0.dconv_2x2_1.bias', 'detector.transformer.decoder.layers.3.self_attn.out_proj.bias', 'detector.geometry_encoder.encode.0.cross_attn_image.out_proj.bias', 'detector.transformer.decoder.layers.5.linear2.bias', 'detector.transformer.decoder.layers.1.ca_text.in_proj_bias', 'detector.transformer.encoder.layers.2.cross_attn_image.out_proj.bias', 'tracker.maskmem_backbone.fuser.layers.1.pwconv2.bias', 'tracker.transformer.encoder.layers.2.norm1.bias', 'detector.backbone.language_backbone.encoder.transformer.resblocks.7.mlp.c_proj.bias', 'detector.transformer.encoder.layers.2.norm1.bias', 'tracker.sam_mask_decoder.transformer.layers.1.cross_attn_token_to_image.out_proj.bias', 'detector.backbone.vision_backbone.trunk.blocks.12.attn.proj.bias', 'tracker.sam_mask_decoder.output_hypernetworks_mlps.2.layers.1.bias', 'detector.transformer.encoder.layers.5.cross_attn_image.in_proj_bias', 'detector.backbone.language_backbone.encoder.transformer.resblocks.7.ln_1.bias', 'tracker.sam_prompt_encoder.mask_downscaling.0.bias', 'detector.backbone.language_backbone.encoder.transformer.resblocks.22.ln_1.bias', 'detector.geometry_encoder.encode.1.linear2.bias', 'detector.backbone.language_backbone.encoder.transformer.resblocks.23.ln_2.bias', 'tracker.sam_mask_decoder.transformer.layers.1.norm2.bias', 'detector.backbone.vision_backbone.trunk.blocks.24.norm2.bias', 'detector.backbone.language_backbone.encoder.transformer.resblocks.21.ln_1.bias', 'detector.backbone.vision_backbone.trunk.blocks.29.attn.proj.bias', 'detector.backbone.vision_backbone.convs.0.dconv_2x2_1.bias', 'detector.backbone.language_backbone.encoder.transformer.resblocks.14.ln_1.bias', 'detector.backbone.vision_backbone.trunk.blocks.10.norm1.bias', 'tracker.transformer.encoder.layers.0.cross_attn_image.k_proj.bias', 'detector.backbone.language_backbone.encoder.transformer.resblocks.13.ln_2.bias', 'tracker.sam_mask_decoder.output_hypernetworks_mlps.3.layers.2.bias', 'detector.geometry_encoder.encode.0.norm2.bias', 'detector.transformer.decoder.layers.2.norm1.bias', 'detector.transformer.encoder.layers.2.self_attn.in_proj_bias', 'detector.transformer.decoder.layers.1.self_attn.out_proj.bias', 'detector.geometry_encoder.encode.2.cross_attn_image.out_proj.bias', 'tracker.transformer.encoder.layers.0.norm1.bias', 'tracker.sam_mask_decoder.transformer.layers.1.self_attn.q_proj.bias', 'detector.backbone.vision_backbone.trunk.blocks.12.attn.qkv.bias', 'detector.backbone.language_backbone.encoder.transformer.resblocks.22.mlp.c_fc.bias', 'tracker.maskmem_backbone.fuser.layers.0.norm.bias', 'detector.backbone.language_backbone.encoder.transformer.resblocks.12.attn.out_proj.bias', 'detector.geometry_encoder.encode.1.norm2.bias', 'tracker.transformer.encoder.layers.2.self_attn.out_proj.bias', 'detector.transformer.decoder.layers.3.linear1.bias', 'detector.dot_prod_scoring.prompt_mlp.out_norm.bias', 'tracker.transformer.encoder.layers.2.self_attn.v_proj.bias', 'tracker.sam_mask_decoder.transformer.layers.0.cross_attn_image_to_token.out_proj.bias', 'detector.backbone.vision_backbone.trunk.blocks.25.norm2.bias', 'detector.transformer.encoder.layers.3.cross_attn_image.in_proj_bias', 'detector.backbone.language_backbone.encoder.transformer.resblocks.16.attn.out_proj.bias', 'detector.backbone.vision_backbone.trunk.blocks.18.norm2.bias', 'detector.backbone.language_backbone.encoder.transformer.resblocks.1.mlp.c_proj.bias', 'detector.transformer.decoder.boxRPB_embed_x.layers.0.bias', 'detector.backbone.vision_backbone.trunk.blocks.9.norm1.bias', 'tracker.sam_mask_decoder.transformer.layers.0.mlp.lin1.bias', 'detector.backbone.language_backbone.encoder.transformer.resblocks.0.mlp.c_proj.bias', 'detector.backbone.vision_backbone.trunk.blocks.2.attn.proj.bias', 'detector.backbone.vision_backbone.trunk.blocks.14.mlp.fc1.bias', 'detector.backbone.vision_backbone.trunk.blocks.7.norm2.bias', 'detector.backbone.language_backbone.encoder.transformer.resblocks.0.ln_2.bias', 'detector.backbone.vision_backbone.trunk.blocks.23.mlp.fc2.bias', 'detector.transformer.decoder.layers.0.linear2.bias', 'detector.transformer.encoder.layers.3.linear1.bias', 'tracker.sam_mask_decoder.transformer.layers.0.self_attn.q_proj.bias', 'detector.transformer.decoder.layers.3.cross_attn.in_proj_bias', 'detector.backbone.vision_backbone.trunk.blocks.21.mlp.fc2.bias', 'tracker.sam_mask_decoder.transformer.layers.1.cross_attn_token_to_image.k_proj.bias', 'tracker.sam_mask_decoder.transformer.layers.0.self_attn.v_proj.bias', 'detector.backbone.vision_backbone.trunk.blocks.27.mlp.fc1.bias', 'detector.transformer.decoder.ref_point_head.layers.0.bias', 'detector.backbone.vision_backbone.trunk.blocks.1.mlp.fc1.bias', 'detector.backbone.vision_backbone.trunk.blocks.21.norm2.bias', 'detector.transformer.decoder.layers.5.linear1.bias', 'detector.backbone.language_backbone.encoder.transformer.resblocks.14.attn.in_proj_bias', 'detector.backbone.language_backbone.encoder.transformer.resblocks.5.attn.out_proj.bias', 'detector.transformer.encoder.layers.4.linear1.bias', 'detector.backbone.vision_backbone.convs.1.conv_3x3.bias', 'detector.backbone.language_backbone.encoder.transformer.resblocks.18.attn.out_proj.bias', 'detector.transformer.decoder.presence_token_head.layers.2.bias'}
INFO 2026-05-21 21:55:51,400 optimizer.py: 216: Matches for module_cls_name [torch.nn.LayerNorm]: {'detector.backbone.vision_backbone.trunk.blocks.12.norm2.weight', 'detector.backbone.vision_backbone.trunk.blocks.29.norm1.weight', 'detector.transformer.decoder.layers.2.norm2.weight', 'tracker.transformer.encoder.layers.1.norm3.bias', 'tracker.transformer.encoder.layers.3.norm2.weight', 'detector.backbone.language_backbone.encoder.transformer.resblocks.8.ln_1.bias', 'detector.backbone.language_backbone.encoder.transformer.resblocks.11.ln_1.weight', 'detector.transformer.decoder.layers.5.norm3.weight', 'detector.geometry_encoder.encode.0.norm3.weight', 'detector.backbone.vision_backbone.trunk.blocks.8.norm1.weight', 'tracker.sam_mask_decoder.transformer.layers.0.norm3.weight', 'detector.backbone.vision_backbone.trunk.blocks.19.norm1.bias', 'detector.backbone.language_backbone.encoder.transformer.resblocks.11.ln_2.bias', 'detector.transformer.encoder.layers.2.norm1.weight', 'detector.backbone.vision_backbone.trunk.blocks.30.norm2.weight', 'detector.backbone.language_backbone.encoder.transformer.resblocks.19.ln_2.bias', 'detector.backbone.language_backbone.encoder.transformer.resblocks.21.ln_2.bias', 'detector.backbone.vision_backbone.trunk.blocks.2.norm1.weight', 'detector.transformer.encoder.layers.3.norm3.weight', 'detector.transformer.decoder.layers.4.norm3.weight', 'tracker.sam_mask_decoder.transformer.layers.1.norm1.weight', 'detector.transformer.encoder.layers.0.norm1.bias', 'detector.backbone.vision_backbone.trunk.blocks.6.norm2.weight', 'detector.transformer.decoder.layers.1.norm2.weight', 'detector.backbone.vision_backbone.trunk.blocks.0.norm1.bias', 'detector.transformer.decoder.layers.3.norm1.weight', 'detector.backbone.language_backbone.encoder.transformer.resblocks.12.ln_2.weight', 'detector.backbone.vision_backbone.trunk.blocks.16.norm2.bias', 'detector.backbone.vision_backbone.trunk.blocks.11.norm1.bias', 'detector.transformer.encoder.layers.3.norm1.weight', 'detector.backbone.language_backbone.encoder.ln_final.bias', 'detector.backbone.vision_backbone.trunk.blocks.23.norm2.weight', 'tracker.transformer.encoder.layers.3.norm2.bias', 'detector.geometry_encoder.encode.0.norm3.bias', 'detector.backbone.language_backbone.encoder.transformer.resblocks.20.ln_1.bias', 'detector.transformer.encoder.layers.0.norm3.weight', 'detector.backbone.language_backbone.encoder.transformer.resblocks.17.ln_2.weight', 'detector.backbone.vision_backbone.trunk.blocks.0.norm2.bias', 'tracker.transformer.encoder.layers.0.norm1.weight', 'detector.backbone.language_backbone.encoder.ln_final.weight', 'detector.backbone.vision_backbone.trunk.blocks.9.norm2.weight', 'detector.backbone.language_backbone.encoder.transformer.resblocks.9.ln_2.bias', 'tracker.transformer.encoder.layers.0.norm2.weight', 'detector.backbone.language_backbone.encoder.transformer.resblocks.4.ln_2.bias', 'detector.transformer.encoder.layers.2.norm3.bias', 'detector.transformer.decoder.layers.1.catext_norm.weight', 'detector.backbone.language_backbone.encoder.transformer.resblocks.18.ln_2.weight', 'detector.transformer.decoder.layers.5.norm2.weight', 'detector.backbone.vision_backbone.trunk.blocks.16.norm2.weight', 'detector.backbone.language_backbone.encoder.transformer.resblocks.3.ln_1.bias', 'detector.backbone.language_backbone.encoder.transformer.resblocks.17.ln_2.bias', 'detector.segmentation_head.cross_attn_norm.weight', 'detector.backbone.language_backbone.encoder.transformer.resblocks.2.ln_1.bias', 'detector.backbone.language_backbone.encoder.transformer.resblocks.15.ln_1.bias', 'detector.backbone.vision_backbone.trunk.blocks.15.norm1.bias', 'detector.backbone.language_backbone.encoder.transformer.resblocks.3.ln_2.weight', 'detector.backbone.language_backbone.encoder.transformer.resblocks.8.ln_2.weight', 'tracker.transformer.encoder.layers.1.norm2.weight', 'tracker.sam_mask_decoder.transformer.layers.1.norm3.weight', 'detector.backbone.language_backbone.encoder.transformer.resblocks.13.ln_1.bias', 'detector.transformer.decoder.layers.5.norm3.bias', 'detector.transformer.encoder.layers.1.norm1.bias', 'detector.backbone.vision_backbone.trunk.blocks.0.norm2.weight', 'detector.backbone.vision_backbone.trunk.blocks.15.norm2.weight', 'detector.backbone.vision_backbone.trunk.blocks.0.norm1.weight', 'detector.backbone.language_backbone.encoder.transformer.resblocks.10.ln_2.bias', 'detector.geometry_encoder.norm.bias', 'detector.backbone.language_backbone.encoder.transformer.resblocks.18.ln_1.weight', 'detector.transformer.decoder.layers.4.catext_norm.weight', 'detector.backbone.language_backbone.encoder.transformer.resblocks.20.ln_2.bias', 'detector.backbone.vision_backbone.trunk.blocks.14.norm1.bias', 'detector.backbone.vision_backbone.trunk.blocks.1.norm1.weight', 'tracker.sam_mask_decoder.transformer.layers.0.norm4.bias', 'detector.backbone.vision_backbone.trunk.blocks.27.norm2.bias', 'detector.backbone.language_backbone.encoder.transformer.resblocks.0.ln_2.weight', 'detector.transformer.decoder.layers.0.norm2.bias', 'detector.backbone.vision_backbone.trunk.blocks.12.norm2.bias', 'detector.geometry_encoder.encode.2.norm1.bias', 'detector.backbone.language_backbone.encoder.transformer.resblocks.18.ln_2.bias', 'detector.transformer.encoder.layers.4.norm2.weight', 'detector.transformer.decoder.layers.0.norm1.bias', 'detector.backbone.vision_backbone.trunk.blocks.8.norm2.bias', 'detector.transformer.encoder.layers.4.norm1.weight', 'detector.backbone.vision_backbone.trunk.blocks.11.norm2.weight', 'detector.backbone.language_backbone.encoder.transformer.resblocks.21.ln_2.weight', 'detector.backbone.vision_backbone.trunk.blocks.12.norm1.bias', 'detector.backbone.vision_backbone.trunk.blocks.3.norm2.bias', 'tracker.transformer.encoder.layers.2.norm1.weight', 'detector.backbone.vision_backbone.trunk.blocks.5.norm2.bias', 'detector.backbone.language_backbone.encoder.transformer.resblocks.11.ln_2.weight', 'detector.transformer.decoder.layers.5.norm2.bias', 'detector.backbone.language_backbone.encoder.transformer.resblocks.19.ln_1.weight', 'detector.transformer.decoder.layers.3.catext_norm.bias', 'detector.transformer.decoder.layers.5.norm1.weight', 'detector.backbone.vision_backbone.trunk.blocks.26.norm1.bias', 'detector.backbone.vision_backbone.trunk.blocks.13.norm1.weight', 'detector.transformer.decoder.layers.5.catext_norm.bias', 'tracker.sam_mask_decoder.transformer.layers.0.norm2.bias', 'detector.backbone.language_backbone.encoder.transformer.resblocks.10.ln_1.weight', 'detector.transformer.encoder.layers.4.norm3.bias', 'detector.backbone.language_backbone.encoder.transformer.resblocks.23.ln_1.weight', 'detector.backbone.language_backbone.encoder.transformer.resblocks.10.ln_2.weight', 'detector.backbone.vision_backbone.trunk.blocks.6.norm1.weight', 'detector.transformer.encoder.layers.2.norm2.bias', 'detector.transformer.encoder.layers.5.norm1.bias', 'tracker.sam_mask_decoder.transformer.layers.0.norm4.weight', 'detector.backbone.vision_backbone.trunk.blocks.2.norm1.bias', 'detector.backbone.vision_backbone.trunk.blocks.6.norm2.bias', 'detector.backbone.vision_backbone.trunk.blocks.15.norm2.bias', 'detector.backbone.vision_backbone.trunk.blocks.17.norm2.bias', 'detector.backbone.vision_backbone.trunk.blocks.7.norm1.bias', 'detector.backbone.vision_backbone.trunk.blocks.15.norm1.weight', 'detector.backbone.vision_backbone.trunk.blocks.5.norm2.weight', 'detector.transformer.decoder.layers.3.norm3.bias', 'detector.backbone.language_backbone.encoder.transformer.resblocks.1.ln_1.bias', 'detector.transformer.decoder.layers.1.norm2.bias', 'detector.backbone.vision_backbone.trunk.blocks.22.norm1.weight', 'detector.backbone.language_backbone.encoder.transformer.resblocks.6.ln_1.weight', 'detector.backbone.language_backbone.encoder.transformer.resblocks.22.ln_2.bias', 'detector.transformer.decoder.layers.0.norm2.weight', 'detector.transformer.decoder.layers.0.catext_norm.bias', 'detector.backbone.language_backbone.encoder.transformer.resblocks.8.ln_2.bias', 'detector.transformer.encoder.layers.0.norm1.weight', 'detector.backbone.vision_backbone.trunk.blocks.30.norm1.weight', 'detector.transformer.decoder.layers.0.catext_norm.weight', 'detector.backbone.vision_backbone.trunk.blocks.30.norm2.bias', 'detector.backbone.vision_backbone.trunk.ln_pre.bias', 'detector.backbone.language_backbone.encoder.transformer.resblocks.4.ln_1.bias', 'detector.backbone.vision_backbone.trunk.blocks.5.norm1.weight', 'detector.transformer.encoder.layers.5.norm2.weight', 'tracker.transformer.encoder.layers.0.norm2.bias', 'detector.backbone.vision_backbone.trunk.blocks.29.norm2.bias', 'detector.transformer.decoder.layers.2.norm2.bias', 'detector.backbone.language_backbone.encoder.transformer.resblocks.4.ln_2.weight', 'detector.backbone.vision_backbone.trunk.blocks.6.norm1.bias', 'detector.backbone.vision_backbone.trunk.blocks.1.norm2.bias', 'detector.backbone.vision_backbone.trunk.blocks.22.norm2.bias', 'detector.transformer.decoder.layers.2.catext_norm.bias', 'detector.backbone.language_backbone.encoder.transformer.resblocks.7.ln_1.weight', 'detector.backbone.vision_backbone.trunk.blocks.7.norm2.weight', 'detector.backbone.vision_backbone.trunk.blocks.17.norm2.weight', 'detector.backbone.vision_backbone.trunk.blocks.29.norm2.weight', 'detector.backbone.vision_backbone.trunk.blocks.18.norm1.weight', 'detector.geometry_encoder.encode.0.norm1.bias', 'detector.backbone.language_backbone.encoder.transformer.resblocks.5.ln_2.bias', 'detector.backbone.language_backbone.encoder.transformer.resblocks.5.ln_1.bias', 'detector.transformer.encoder.layers.5.norm3.weight', 'tracker.sam_mask_decoder.transformer.layers.1.norm4.weight', 'detector.backbone.vision_backbone.trunk.blocks.10.norm2.bias', 'detector.backbone.vision_backbone.trunk.blocks.28.norm1.weight', 'detector.backbone.vision_backbone.trunk.blocks.24.norm1.weight', 'detector.transformer.encoder.layers.3.norm1.bias', 'tracker.sam_mask_decoder.transformer.layers.1.norm1.bias', 'detector.backbone.language_backbone.encoder.transformer.resblocks.17.ln_1.bias', 'detector.backbone.language_backbone.encoder.transformer.resblocks.6.ln_1.bias', 'detector.backbone.vision_backbone.trunk.blocks.10.norm1.weight', 'detector.backbone.vision_backbone.trunk.blocks.4.norm2.weight', 'detector.backbone.language_backbone.encoder.transformer.resblocks.14.ln_2.bias', 'detector.transformer.decoder.layers.2.norm3.weight', 'tracker.sam_mask_decoder.transformer.layers.1.norm3.bias', 'detector.geometry_encoder.encode.1.norm2.weight', 'detector.transformer.encoder.layers.0.norm2.weight', 'detector.backbone.language_backbone.encoder.transformer.resblocks.0.ln_1.weight', 'detector.backbone.language_backbone.encoder.transformer.resblocks.20.ln_2.weight', 'detector.backbone.vision_backbone.trunk.blocks.23.norm2.bias', 'detector.backbone.language_backbone.encoder.transformer.resblocks.12.ln_1.bias', 'detector.backbone.language_backbone.encoder.transformer.resblocks.5.ln_2.weight', 'detector.transformer.decoder.layers.2.norm1.weight', 'detector.backbone.vision_backbone.trunk.ln_pre.weight', 'detector.backbone.vision_backbone.trunk.blocks.4.norm1.weight', 'detector.transformer.decoder.layers.2.norm3.bias', 'detector.transformer.decoder.layers.4.norm3.bias', 'detector.transformer.encoder.layers.3.norm3.bias', 'detector.transformer.decoder.layers.0.norm1.weight', 'tracker.sam_mask_decoder.transformer.layers.0.norm2.weight', 'detector.backbone.vision_backbone.trunk.blocks.9.norm1.weight', 'detector.backbone.vision_backbone.trunk.blocks.5.norm1.bias', 'detector.backbone.vision_backbone.trunk.blocks.25.norm1.bias', 'detector.transformer.decoder.layers.1.norm3.weight', 'detector.backbone.vision_backbone.trunk.blocks.29.norm1.bias', 'detector.backbone.language_backbone.encoder.transformer.resblocks.14.ln_2.weight', 'detector.backbone.language_backbone.encoder.transformer.resblocks.2.ln_2.weight', 'detector.backbone.language_backbone.encoder.transformer.resblocks.20.ln_1.weight', 'detector.transformer.encoder.layers.3.norm2.weight', 'detector.backbone.language_backbone.encoder.transformer.resblocks.4.ln_1.weight', 'detector.transformer.decoder.layers.3.norm2.bias', 'detector.backbone.language_backbone.encoder.transformer.resblocks.23.ln_2.weight', 'tracker.transformer.encoder.layers.1.norm2.bias', 'detector.backbone.vision_backbone.trunk.blocks.18.norm2.weight', 'tracker.transformer.encoder.layers.1.norm1.bias', 'detector.backbone.vision_backbone.trunk.blocks.28.norm1.bias', 'detector.backbone.vision_backbone.trunk.blocks.27.norm1.weight', 'tracker.transformer.encoder.layers.0.norm3.bias', 'tracker.transformer.encoder.layers.0.norm3.weight', 'detector.backbone.language_backbone.encoder.transformer.resblocks.14.ln_1.weight', 'detector.backbone.language_backbone.encoder.transformer.resblocks.15.ln_1.weight', 'detector.backbone.vision_backbone.trunk.blocks.30.norm1.bias', 'detector.geometry_encoder.encode.1.norm3.bias', 'detector.backbone.vision_backbone.trunk.blocks.1.norm1.bias', 'detector.backbone.vision_backbone.trunk.blocks.17.norm1.weight', 'detector.backbone.vision_backbone.trunk.blocks.12.norm1.weight', 'detector.backbone.language_backbone.encoder.transformer.resblocks.19.ln_2.weight', 'detector.backbone.vision_backbone.trunk.blocks.18.norm1.bias', 'detector.backbone.vision_backbone.trunk.blocks.22.norm1.bias', 'detector.geometry_encoder.encode.1.norm1.weight', 'detector.transformer.encoder.layers.4.norm2.bias', 'detector.transformer.decoder.layers.3.norm3.weight', 'detector.transformer.decoder.layers.5.catext_norm.weight', 'detector.backbone.vision_backbone.trunk.blocks.8.norm1.bias', 'tracker.transformer.encoder.layers.1.norm1.weight', 'tracker.transformer.encoder.layers.1.norm3.weight', 'detector.backbone.vision_backbone.trunk.blocks.20.norm2.bias', 'detector.transformer.decoder.layers.1.norm1.weight', 'tracker.transformer.encoder.layers.3.norm1.bias', 'detector.backbone.language_backbone.encoder.transformer.resblocks.8.ln_1.weight', 'detector.backbone.vision_backbone.trunk.blocks.19.norm2.weight', 'detector.backbone.language_backbone.encoder.transformer.resblocks.1.ln_1.weight', 'detector.backbone.language_backbone.encoder.transformer.resblocks.11.ln_1.bias', 'detector.backbone.vision_backbone.trunk.blocks.26.norm1.weight', 'detector.backbone.language_backbone.encoder.transformer.resblocks.19.ln_1.bias', 'tracker.sam_mask_decoder.transformer.norm_final_attn.weight', 'detector.transformer.decoder.layers.1.norm3.bias', 'detector.transformer.encoder.layers.2.norm2.weight', 'detector.transformer.encoder.layers.1.norm2.weight', 'detector.backbone.vision_backbone.trunk.blocks.16.norm1.bias', 'detector.backbone.language_backbone.encoder.transformer.resblocks.5.ln_1.weight', 'detector.backbone.vision_backbone.trunk.blocks.14.norm2.weight', 'tracker.transformer.encoder.layers.2.norm3.weight', 'detector.backbone.language_backbone.encoder.transformer.resblocks.3.ln_1.weight', 'detector.backbone.vision_backbone.trunk.blocks.22.norm2.weight', 'detector.backbone.vision_backbone.trunk.blocks.31.norm2.bias', 'tracker.sam_mask_decoder.transformer.layers.1.norm2.weight', 'detector.backbone.vision_backbone.trunk.blocks.9.norm2.bias', 'detector.backbone.vision_backbone.trunk.blocks.27.norm1.bias', 'detector.transformer.decoder.norm.weight', 'detector.backbone.language_backbone.encoder.transformer.resblocks.2.ln_2.bias', 'detector.geometry_encoder.encode.2.norm2.bias', 'detector.transformer.decoder.layers.4.norm2.bias', 'detector.transformer.encoder.layers.1.norm1.weight', 'detector.transformer.decoder.layers.2.catext_norm.weight', 'detector.backbone.vision_backbone.trunk.blocks.20.norm1.bias', 'detector.backbone.vision_backbone.trunk.blocks.23.norm1.bias', 'detector.backbone.vision_backbone.trunk.blocks.13.norm1.bias', 'tracker.sam_mask_decoder.transformer.layers.0.norm1.weight', 'detector.transformer.encoder.layers.1.norm2.bias', 'detector.geometry_encoder.encode.0.norm1.weight', 'detector.backbone.language_backbone.encoder.transformer.resblocks.9.ln_2.weight', 'detector.backbone.language_backbone.encoder.transformer.resblocks.17.ln_1.weight', 'detector.backbone.language_backbone.encoder.transformer.resblocks.1.ln_2.bias', 'detector.transformer.decoder.layers.4.norm1.weight', 'detector.backbone.language_backbone.encoder.transformer.resblocks.16.ln_1.bias', 'tracker.transformer.encoder.layers.2.norm2.weight', 'detector.backbone.language_backbone.encoder.transformer.resblocks.9.ln_1.weight', 'detector.transformer.decoder.layers.1.norm1.bias', 'detector.transformer.decoder.presence_token_out_norm.bias', 'detector.transformer.encoder.layers.1.norm3.bias', 'detector.backbone.language_backbone.encoder.transformer.resblocks.9.ln_1.bias', 'detector.backbone.language_backbone.encoder.transformer.resblocks.16.ln_1.weight', 'detector.geometry_encoder.encode_norm.weight', 'detector.backbone.language_backbone.encoder.transformer.resblocks.16.ln_2.weight', 'detector.geometry_encoder.img_pre_norm.weight', 'detector.transformer.decoder.layers.0.norm3.weight', 'detector.backbone.vision_backbone.trunk.blocks.2.norm2.bias', 'detector.backbone.vision_backbone.trunk.blocks.21.norm1.weight', 'detector.backbone.vision_backbone.trunk.blocks.14.norm1.weight', 'detector.backbone.language_backbone.encoder.transformer.resblocks.22.ln_1.weight', 'detector.backbone.language_backbone.encoder.transformer.resblocks.22.ln_2.weight', 'detector.backbone.language_backbone.encoder.transformer.resblocks.13.ln_2.weight', 'detector.transformer.decoder.presence_token_out_norm.weight', 'detector.transformer.decoder.layers.1.catext_norm.bias', 'detector.transformer.encoder.layers.4.norm3.weight', 'detector.backbone.vision_backbone.trunk.blocks.10.norm2.weight', 'detector.transformer.decoder.layers.3.norm1.bias', 'tracker.transformer.encoder.norm.weight', 'detector.backbone.language_backbone.encoder.transformer.resblocks.15.ln_2.bias', 'detector.backbone.vision_backbone.trunk.blocks.25.norm1.weight', 'tracker.transformer.encoder.layers.2.norm3.bias', 'tracker.sam_mask_decoder.transformer.layers.0.norm3.bias', 'detector.backbone.language_backbone.encoder.transformer.resblocks.1.ln_2.weight', 'detector.transformer.decoder.layers.3.catext_norm.weight', 'tracker.sam_mask_decoder.transformer.layers.0.norm1.bias', 'detector.transformer.decoder.norm.bias', 'detector.transformer.encoder.layers.3.norm2.bias', 'detector.backbone.vision_backbone.trunk.blocks.21.norm2.weight', 'detector.transformer.encoder.layers.5.norm2.bias', 'tracker.transformer.encoder.layers.2.norm2.bias', 'detector.backbone.vision_backbone.trunk.blocks.28.norm2.weight', 'detector.backbone.language_backbone.encoder.transformer.resblocks.21.ln_1.weight', 'tracker.transformer.encoder.norm.bias', 'tracker.sam_mask_decoder.transformer.norm_final_attn.bias', 'detector.backbone.vision_backbone.trunk.blocks.3.norm1.weight', 'detector.geometry_encoder.encode.1.norm3.weight', 'detector.backbone.language_backbone.encoder.transformer.resblocks.10.ln_1.bias', 'detector.transformer.decoder.layers.3.norm2.weight', 'detector.backbone.vision_backbone.trunk.blocks.3.norm1.bias', 'detector.backbone.vision_backbone.trunk.blocks.26.norm2.bias', 'detector.backbone.language_backbone.encoder.transformer.resblocks.7.ln_2.weight', 'detector.backbone.vision_backbone.trunk.blocks.21.norm1.bias', 'detector.geometry_encoder.encode.2.norm3.weight', 'detector.backbone.vision_backbone.trunk.blocks.13.norm2.weight', 'detector.transformer.decoder.layers.4.norm1.bias', 'detector.backbone.vision_backbone.trunk.blocks.4.norm1.bias', 'detector.backbone.language_backbone.encoder.transformer.resblocks.23.ln_1.bias', 'detector.geometry_encoder.img_pre_norm.bias', 'detector.transformer.encoder.layers.0.norm2.bias', 'detector.backbone.vision_backbone.trunk.blocks.19.norm1.weight', 'detector.backbone.vision_backbone.trunk.blocks.4.norm2.bias', 'tracker.transformer.encoder.layers.3.norm3.weight', 'detector.backbone.vision_backbone.trunk.blocks.16.norm1.weight', 'detector.transformer.encoder.layers.1.norm3.weight', 'detector.backbone.vision_backbone.trunk.blocks.1.norm2.weight', 'detector.segmentation_head.cross_attn_norm.bias', 'detector.backbone.vision_backbone.trunk.blocks.31.norm1.bias', 'detector.backbone.vision_backbone.trunk.blocks.25.norm2.weight', 'tracker.sam_mask_decoder.transformer.layers.1.norm4.bias', 'detector.backbone.vision_backbone.trunk.blocks.23.norm1.weight', 'detector.geometry_encoder.encode.2.norm3.bias', 'detector.backbone.vision_backbone.trunk.blocks.14.norm2.bias', 'detector.backbone.language_backbone.encoder.transformer.resblocks.6.ln_2.weight', 'detector.transformer.encoder.layers.2.norm3.weight', 'detector.transformer.encoder.layers.5.norm3.bias', 'detector.backbone.vision_backbone.trunk.blocks.26.norm2.weight', 'detector.backbone.vision_backbone.trunk.blocks.31.norm1.weight', 'detector.backbone.language_backbone.encoder.transformer.resblocks.13.ln_1.weight', 'detector.backbone.language_backbone.encoder.transformer.resblocks.18.ln_1.bias', 'detector.backbone.language_backbone.encoder.transformer.resblocks.12.ln_2.bias', 'detector.backbone.language_backbone.encoder.transformer.resblocks.12.ln_1.weight', 'tracker.transformer.encoder.layers.3.norm3.bias', 'detector.transformer.decoder.layers.5.norm1.bias', 'detector.backbone.vision_backbone.trunk.blocks.17.norm1.bias', 'detector.backbone.language_backbone.encoder.transformer.resblocks.3.ln_2.bias', 'detector.backbone.vision_backbone.trunk.blocks.24.norm1.bias', 'detector.backbone.vision_backbone.trunk.blocks.28.norm2.bias', 'detector.geometry_encoder.encode.1.norm1.bias', 'detector.backbone.vision_backbone.trunk.blocks.20.norm1.weight', 'detector.backbone.language_backbone.encoder.transformer.resblocks.0.ln_1.bias', 'detector.geometry_encoder.encode_norm.bias', 'tracker.transformer.encoder.layers.3.norm1.weight', 'detector.geometry_encoder.encode.2.norm1.weight', 'detector.backbone.vision_backbone.trunk.blocks.8.norm2.weight', 'detector.transformer.decoder.layers.0.norm3.bias', 'detector.backbone.language_backbone.encoder.transformer.resblocks.2.ln_1.weight', 'detector.backbone.language_backbone.encoder.transformer.resblocks.6.ln_2.bias', 'detector.backbone.language_backbone.encoder.transformer.resblocks.7.ln_2.bias', 'detector.transformer.decoder.layers.4.catext_norm.bias', 'detector.backbone.vision_backbone.trunk.blocks.31.norm2.weight', 'detector.backbone.vision_backbone.trunk.blocks.24.norm2.weight', 'detector.backbone.vision_backbone.trunk.blocks.13.norm2.bias', 'detector.backbone.vision_backbone.trunk.blocks.3.norm2.weight', 'detector.backbone.vision_backbone.trunk.blocks.19.norm2.bias', 'detector.transformer.decoder.layers.4.norm2.weight', 'detector.backbone.language_backbone.encoder.transformer.resblocks.16.ln_2.bias', 'detector.backbone.vision_backbone.trunk.blocks.11.norm2.bias', 'detector.transformer.encoder.layers.0.norm3.bias', 'detector.backbone.vision_backbone.trunk.blocks.27.norm2.weight', 'detector.transformer.encoder.layers.4.norm1.bias', 'tracker.transformer.encoder.layers.2.norm1.bias', 'detector.transformer.encoder.layers.2.norm1.bias', 'detector.backbone.language_backbone.encoder.transformer.resblocks.7.ln_1.bias', 'detector.backbone.language_backbone.encoder.transformer.resblocks.22.ln_1.bias', 'detector.backbone.language_backbone.encoder.transformer.resblocks.23.ln_2.bias', 'tracker.sam_mask_decoder.transformer.layers.1.norm2.bias', 'detector.backbone.vision_backbone.trunk.blocks.24.norm2.bias', 'detector.backbone.language_backbone.encoder.transformer.resblocks.21.ln_1.bias', 'detector.dot_prod_scoring.prompt_mlp.out_norm.weight', 'detector.backbone.language_backbone.encoder.transformer.resblocks.14.ln_1.bias', 'detector.backbone.vision_backbone.trunk.blocks.10.norm1.bias', 'detector.backbone.language_backbone.encoder.transformer.resblocks.13.ln_2.bias', 'detector.geometry_encoder.encode.0.norm2.weight', 'detector.geometry_encoder.encode.0.norm2.bias', 'detector.transformer.decoder.layers.2.norm1.bias', 'tracker.transformer.encoder.layers.0.norm1.bias', 'detector.backbone.language_backbone.encoder.transformer.resblocks.15.ln_2.weight', 'detector.transformer.encoder.layers.5.norm1.weight', 'detector.geometry_encoder.encode.1.norm2.bias', 'detector.dot_prod_scoring.prompt_mlp.out_norm.bias', 'detector.backbone.vision_backbone.trunk.blocks.20.norm2.weight', 'detector.backbone.vision_backbone.trunk.blocks.2.norm2.weight', 'detector.backbone.vision_backbone.trunk.blocks.18.norm2.bias', 'detector.backbone.vision_backbone.trunk.blocks.25.norm2.bias', 'detector.geometry_encoder.norm.weight', 'detector.backbone.vision_backbone.trunk.blocks.9.norm1.bias', 'detector.backbone.vision_backbone.trunk.blocks.11.norm1.weight', 'detector.backbone.vision_backbone.trunk.blocks.7.norm2.bias', 'detector.backbone.language_backbone.encoder.transformer.resblocks.0.ln_2.bias', 'detector.backbone.vision_backbone.trunk.blocks.7.norm1.weight', 'detector.geometry_encoder.encode.2.norm2.weight', 'detector.backbone.vision_backbone.trunk.blocks.21.norm2.bias'} 
Raw dataset length = 270
Raw dataset length = 1000
Raw dataset length = 48
Raw dataset length = 27
Raw dataset length = 280
Raw dataset length = 51
Raw dataset length = 40
Raw dataset length = 198
Raw dataset length = 90
Raw dataset length = 114
Raw dataset length = 4727
Raw dataset length = 38
Raw dataset length = 441
Raw dataset length = 655
Raw dataset length = 6627
Raw dataset length = 419
Raw dataset length = 981
Raw dataset length = 20
Raw dataset length = 50
Raw dataset length = 5
Raw dataset length = 591
Raw dataset length = 216
Raw dataset length = 54
Raw dataset length = 125
Raw dataset length = 557
Raw dataset length = 1057
Raw dataset length = 1097
Raw dataset length = 1059
Raw dataset length = 405
Raw dataset length = 54
Raw dataset length = 1215
Raw dataset length = 1215
Raw dataset length = 1215
Raw dataset length = 1215
Raw dataset length = 18
Raw dataset length = 18
Raw dataset length = 7
Raw dataset length = 16
Raw dataset length = 261
Raw dataset length = 120
Raw dataset length = 42
Raw dataset length = 270
Raw dataset length = 114
Raw dataset length = 206
Raw dataset length = 206
Raw dataset length = 18
Raw dataset length = 3746
Raw dataset length = 257
Raw dataset length = 386
Raw dataset length = 51
Raw dataset length = 23
Raw dataset length = 14
Raw dataset length = 403
Raw dataset length = 403
Raw dataset length = 403
Raw dataset length = 172
Raw dataset length = 205
Raw dataset length = 125
Raw dataset length = 236
Raw dataset length = 153
Raw dataset length = 153
Raw dataset length = 18
Raw dataset length = 120
Raw dataset length = 6
Raw dataset length = 30
Raw dataset length = 18
Raw dataset length = 11
Raw dataset length = 21
Raw dataset length = 3
Raw dataset length = 49
Raw dataset length = 5
Raw dataset length = 5
Raw dataset length = 623
Raw dataset length = 900
Raw dataset length = 32
Raw dataset length = 158
Raw dataset length = 32
INFO 2026-05-21 21:58:45,885 trainer.py: 482: Resuming training from /anvil/projects/x-cis250950/sam3/experiments/medsam3_stage1_train_all_unified/checkpoints/checkpoint.pt
INFO 2026-05-21 21:59:22,472 trainer.py: 624: Resuming training from epoch: 2
INFO 2026-05-21 21:59:22,472 trainer.py: 627: Running previous val epoch
Training Mode Enabled: Tunable parameters: 860.06M / 860.06M
Raw dataset length = 270
Raw dataset length = 1000
Raw dataset length = 48
Raw dataset length = 27
Raw dataset length = 280
Raw dataset length = 51
Raw dataset length = 40
Raw dataset length = 198
Raw dataset length = 90
Raw dataset length = 114
Raw dataset length = 4727
Raw dataset length = 38
Raw dataset length = 441
Raw dataset length = 655
Raw dataset length = 6627
Raw dataset length = 419
Raw dataset length = 981
Raw dataset length = 20
Raw dataset length = 50
Raw dataset length = 5
Raw dataset length = 591
Raw dataset length = 216
Raw dataset length = 54
Raw dataset length = 125
Raw dataset length = 557
Raw dataset length = 1057
Raw dataset length = 1097
Raw dataset length = 1059
Raw dataset length = 405
Raw dataset length = 54
Raw dataset length = 1215
Raw dataset length = 1215
Raw dataset length = 1215
Raw dataset length = 1215
Raw dataset length = 18
Raw dataset length = 18
Raw dataset length = 7
Raw dataset length = 16
Raw dataset length = 261
Raw dataset length = 120
Raw dataset length = 42
Raw dataset length = 270
Raw dataset length = 114
Raw dataset length = 206
Raw dataset length = 206
Raw dataset length = 18
Raw dataset length = 3746
Raw dataset length = 257
Raw dataset length = 386
Raw dataset length = 51
Raw dataset length = 23
Raw dataset length = 14
Raw dataset length = 403
Raw dataset length = 403
Raw dataset length = 403
Raw dataset length = 172
Raw dataset length = 205
Raw dataset length = 125
Raw dataset length = 236
Raw dataset length = 153
Raw dataset length = 153
Raw dataset length = 18
Raw dataset length = 120
Raw dataset length = 6
Raw dataset length = 30
Raw dataset length = 18
Raw dataset length = 11
Raw dataset length = 21
Raw dataset length = 3
Raw dataset length = 49
Raw dataset length = 5
Raw dataset length = 5
Raw dataset length = 623
Raw dataset length = 900
Raw dataset length = 32
Raw dataset length = 158
Raw dataset length = 32
Training Mode Enabled: Tunable parameters: 860.06M / 860.06M
Raw dataset length = 270
Raw dataset length = 1000
Raw dataset length = 48
Raw dataset length = 27
Raw dataset length = 280
Raw dataset length = 51
Raw dataset length = 40
Raw dataset length = 198
Raw dataset length = 90
Raw dataset length = 114
Raw dataset length = 4727
Raw dataset length = 38
Raw dataset length = 441
Raw dataset length = 655
Raw dataset length = 6627
Raw dataset length = 419
Raw dataset length = 981
Raw dataset length = 20
Raw dataset length = 50
Raw dataset length = 5
Raw dataset length = 591
Raw dataset length = 216
Raw dataset length = 54
Raw dataset length = 125
Raw dataset length = 557
Raw dataset length = 1057
Raw dataset length = 1097
Raw dataset length = 1059
Raw dataset length = 405
Raw dataset length = 54
Raw dataset length = 1215
Raw dataset length = 1215
Raw dataset length = 1215
Raw dataset length = 1215
Raw dataset length = 18
Raw dataset length = 18
Raw dataset length = 7
Raw dataset length = 16
Raw dataset length = 261
Raw dataset length = 120
Raw dataset length = 42
Raw dataset length = 270
Raw dataset length = 114
Raw dataset length = 206
Raw dataset length = 206
Raw dataset length = 18
Raw dataset length = 3746
Raw dataset length = 257
Raw dataset length = 386
Raw dataset length = 51
Raw dataset length = 23
Raw dataset length = 14
Raw dataset length = 403
Raw dataset length = 403
Raw dataset length = 403
Raw dataset length = 172
Raw dataset length = 205
Raw dataset length = 125
Raw dataset length = 236
Raw dataset length = 153
Raw dataset length = 153
Raw dataset length = 18
Raw dataset length = 120
Raw dataset length = 6
Raw dataset length = 30
Raw dataset length = 18
Raw dataset length = 11
Raw dataset length = 21
Raw dataset length = 3
Raw dataset length = 49
Raw dataset length = 5
Raw dataset length = 5
Raw dataset length = 623
Raw dataset length = 900
Raw dataset length = 32
Raw dataset length = 158
Raw dataset length = 32
Training Mode Enabled: Tunable parameters: 860.06M / 860.06M
Raw dataset length = 270
Raw dataset length = 1000
Raw dataset length = 48
Raw dataset length = 27
Raw dataset length = 280
Raw dataset length = 51
Raw dataset length = 40
Raw dataset length = 198
Raw dataset length = 90
Raw dataset length = 114
Raw dataset length = 4727
Raw dataset length = 38
Raw dataset length = 441
Raw dataset length = 655
Raw dataset length = 6627
Raw dataset length = 419
Raw dataset length = 981
Raw dataset length = 20
Raw dataset length = 50
Raw dataset length = 5
Raw dataset length = 591
Raw dataset length = 216
Raw dataset length = 54
Raw dataset length = 125
Raw dataset length = 557
Raw dataset length = 1057
Raw dataset length = 1097
Raw dataset length = 1059
Raw dataset length = 405
Raw dataset length = 54
Raw dataset length = 1215
Raw dataset length = 1215
Raw dataset length = 1215
Raw dataset length = 1215
Raw dataset length = 18
Raw dataset length = 18
Raw dataset length = 7
Raw dataset length = 16
Raw dataset length = 261
Raw dataset length = 120
Raw dataset length = 42
Raw dataset length = 270
Raw dataset length = 114
Raw dataset length = 206
Raw dataset length = 206
Raw dataset length = 18
Raw dataset length = 3746
Raw dataset length = 257
Raw dataset length = 386
Raw dataset length = 51
Raw dataset length = 23
Raw dataset length = 14
Raw dataset length = 403
Raw dataset length = 403
Raw dataset length = 403
Raw dataset length = 172
Raw dataset length = 205
Raw dataset length = 125
Raw dataset length = 236
Raw dataset length = 153
Raw dataset length = 153
Raw dataset length = 18
Raw dataset length = 120
Raw dataset length = 6
Raw dataset length = 30
Raw dataset length = 18
Raw dataset length = 11
Raw dataset length = 21
Raw dataset length = 3
Raw dataset length = 49
Raw dataset length = 5
Raw dataset length = 5
Raw dataset length = 623
Raw dataset length = 900
Raw dataset length = 32
Raw dataset length = 158
Raw dataset length = 32
INFO 2026-05-21 22:03:54,506 train_utils.py: 268: Train Epoch: [2][   0/9054] | Batch Time: 272.03 (272.03) | Data Time: 238.24 (238.24) | Mem (GB): 22.00 (22.00/22.00) | Time Elapsed: 00d 15h 26m | Losses/train_medical_loss: 5.18e+01 (5.18e+01) | Losses/train_medical_val_loss: 0.00e+00 (0.00e+00)
INFO 2026-05-21 22:06:46,047 train_utils.py: 268: Train Epoch: [2][  50/9054] | Batch Time: 2.80 (8.70) | Data Time: 0.00 (4.67) | Mem (GB): 36.00 (34.06/36.00) | Time Elapsed: 00d 15h 29m | Losses/train_medical_loss: 1.98e+01 (5.07e+01) | Losses/train_medical_val_loss: 0.00e+00 (0.00e+00)
INFO 2026-05-21 22:09:07,983 train_utils.py: 268: Train Epoch: [2][ 100/9054] | Batch Time: 3.67 (5.80) | Data Time: 0.00 (2.36) | Mem (GB): 36.00 (33.90/36.00) | Time Elapsed: 00d 15h 31m | Losses/train_medical_loss: 6.03e+01 (5.00e+01) | Losses/train_medical_val_loss: 0.00e+00 (0.00e+00)
INFO 2026-05-21 22:11:24,658 train_utils.py: 268: Train Epoch: [2][ 150/9054] | Batch Time: 1.46 (4.78) | Data Time: 0.00 (1.58) | Mem (GB): 22.00 (33.62/37.00) | Time Elapsed: 00d 15h 34m | Losses/train_medical_loss: 3.99e+01 (4.78e+01) | Losses/train_medical_val_loss: 0.00e+00 (0.00e+00)
INFO 2026-05-21 22:13:49,646 train_utils.py: 268: Train Epoch: [2][ 200/9054] | Batch Time: 2.82 (4.31) | Data Time: 0.00 (1.19) | Mem (GB): 36.00 (33.53/37.00) | Time Elapsed: 00d 15h 36m | Losses/train_medical_loss: 2.02e+01 (4.72e+01) | Losses/train_medical_val_loss: 0.00e+00 (0.00e+00)
INFO 2026-05-21 22:16:42,753 train_utils.py: 268: Train Epoch: [2][ 250/9054] | Batch Time: 2.26 (4.14) | Data Time: 0.00 (0.95) | Mem (GB): 30.00 (33.41/37.00) | Time Elapsed: 00d 15h 39m | Losses/train_medical_loss: 2.92e+01 (4.80e+01) | Losses/train_medical_val_loss: 0.00e+00 (0.00e+00)
INFO 2026-05-21 22:19:02,572 train_utils.py: 268: Train Epoch: [2][ 300/9054] | Batch Time: 2.80 (3.92) | Data Time: 0.00 (0.79) | Mem (GB): 36.00 (33.61/37.00) | Time Elapsed: 00d 15h 41m | Losses/train_medical_loss: 1.60e+01 (4.63e+01) | Losses/train_medical_val_loss: 0.00e+00 (0.00e+00)
INFO 2026-05-21 22:21:24,484 train_utils.py: 268: Train Epoch: [2][ 350/9054] | Batch Time: 2.19 (3.77) | Data Time: 0.00 (0.68) | Mem (GB): 25.00 (33.55/37.00) | Time Elapsed: 00d 15h 44m | Losses/train_medical_loss: 7.68e+01 (4.57e+01) | Losses/train_medical_val_loss: 0.00e+00 (0.00e+00)
INFO 2026-05-21 22:24:16,952 train_utils.py: 268: Train Epoch: [2][ 400/9054] | Batch Time: 3.38 (3.73) | Data Time: 0.00 (0.61) | Mem (GB): 36.00 (33.65/37.00) | Time Elapsed: 00d 15h 46m | Losses/train_medical_loss: 5.65e+01 (4.53e+01) | Losses/train_medical_val_loss: 0.00e+00 (0.00e+00)
INFO 2026-05-21 22:26:47,730 train_utils.py: 268: Train Epoch: [2][ 450/9054] | Batch Time: 2.79 (3.65) | Data Time: 0.00 (0.55) | Mem (GB): 36.00 (33.70/37.00) | Time Elapsed: 00d 15h 49m | Losses/train_medical_loss: 2.77e+01 (4.49e+01) | Losses/train_medical_val_loss: 0.00e+00 (0.00e+00)
INFO 2026-05-21 22:29:18,133 train_utils.py: 268: Train Epoch: [2][ 500/9054] | Batch Time: 3.89 (3.58) | Data Time: 0.00 (0.49) | Mem (GB): 36.00 (33.75/37.00) | Time Elapsed: 00d 15h 51m | Losses/train_medical_loss: 9.70e+01 (4.48e+01) | Losses/train_medical_val_loss: 0.00e+00 (0.00e+00)
INFO 2026-05-21 22:31:36,453 train_utils.py: 268: Train Epoch: [2][ 550/9054] | Batch Time: 2.89 (3.51) | Data Time: 0.00 (0.45) | Mem (GB): 36.00 (33.67/37.00) | Time Elapsed: 00d 15h 54m | Losses/train_medical_loss: 9.39e+00 (4.42e+01) | Losses/train_medical_val_loss: 0.00e+00 (0.00e+00)
INFO 2026-05-21 22:34:30,597 train_utils.py: 268: Train Epoch: [2][ 600/9054] | Batch Time: 3.90 (3.51) | Data Time: 0.00 (0.41) | Mem (GB): 36.00 (33.72/37.00) | Time Elapsed: 00d 15h 57m | Losses/train_medical_loss: 3.09e+01 (4.36e+01) | Losses/train_medical_val_loss: 0.00e+00 (0.00e+00)
INFO 2026-05-21 22:36:57,860 train_utils.py: 268: Train Epoch: [2][ 650/9054] | Batch Time: 2.82 (3.46) | Data Time: 0.00 (0.38) | Mem (GB): 36.00 (33.67/37.00) | Time Elapsed: 00d 15h 59m | Losses/train_medical_loss: 1.32e+01 (4.36e+01) | Losses/train_medical_val_loss: 0.00e+00 (0.00e+00)
INFO 2026-05-21 22:39:16,882 train_utils.py: 268: Train Epoch: [2][ 700/9054] | Batch Time: 2.79 (3.42) | Data Time: 0.00 (0.35) | Mem (GB): 36.00 (33.56/37.00) | Time Elapsed: 00d 16h 01m | Losses/train_medical_loss: 5.98e+01 (4.36e+01) | Losses/train_medical_val_loss: 0.00e+00 (0.00e+00)
INFO 2026-05-21 22:41:47,233 train_utils.py: 268: Train Epoch: [2][ 750/9054] | Batch Time: 2.52 (3.39) | Data Time: 0.00 (0.33) | Mem (GB): 33.00 (33.46/37.00) | Time Elapsed: 00d 16h 04m | Losses/train_medical_loss: 5.63e+01 (4.35e+01) | Losses/train_medical_val_loss: 0.00e+00 (0.00e+00)
INFO 2026-05-21 22:44:30,137 train_utils.py: 268: Train Epoch: [2][ 800/9054] | Batch Time: 3.62 (3.38) | Data Time: 0.00 (0.31) | Mem (GB): 36.00 (33.48/37.00) | Time Elapsed: 00d 16h 07m | Losses/train_medical_loss: 1.68e+01 (4.38e+01) | Losses/train_medical_val_loss: 0.00e+00 (0.00e+00)
INFO 2026-05-21 22:46:50,335 train_utils.py: 268: Train Epoch: [2][ 850/9054] | Batch Time: 2.79 (3.35) | Data Time: 0.00 (0.29) | Mem (GB): 36.00 (33.41/37.00) | Time Elapsed: 00d 16h 09m | Losses/train_medical_loss: 2.22e+01 (4.41e+01) | Losses/train_medical_val_loss: 0.00e+00 (0.00e+00)
INFO 2026-05-21 22:49:10,145 train_utils.py: 268: Train Epoch: [2][ 900/9054] | Batch Time: 3.15 (3.32) | Data Time: 0.00 (0.27) | Mem (GB): 36.00 (33.42/37.00) | Time Elapsed: 00d 16h 11m | Losses/train_medical_loss: 7.56e+00 (4.37e+01) | Losses/train_medical_val_loss: 0.00e+00 (0.00e+00)
INFO 2026-05-21 22:51:44,497 train_utils.py: 268: Train Epoch: [2][ 950/9054] | Batch Time: 1.53 (3.30) | Data Time: 0.00 (0.26) | Mem (GB): 22.00 (33.36/37.00) | Time Elapsed: 00d 16h 14m | Losses/train_medical_loss: 5.96e+01 (4.38e+01) | Losses/train_medical_val_loss: 0.00e+00 (0.00e+00)
INFO 2026-05-21 22:54:16,766 train_utils.py: 268: Train Epoch: [2][1000/9054] | Batch Time: 1.51 (3.29) | Data Time: 0.00 (0.25) | Mem (GB): 22.00 (33.36/37.00) | Time Elapsed: 00d 16h 16m | Losses/train_medical_loss: 5.34e+01 (4.39e+01) | Losses/train_medical_val_loss: 0.00e+00 (0.00e+00)
INFO 2026-05-21 22:56:36,906 train_utils.py: 268: Train Epoch: [2][1050/9054] | Batch Time: 1.20 (3.27) | Data Time: 0.00 (0.23) | Mem (GB): 20.00 (33.38/37.00) | Time Elapsed: 00d 16h 19m | Losses/train_medical_loss: 6.52e+01 (4.40e+01) | Losses/train_medical_val_loss: 0.00e+00 (0.00e+00)
INFO 2026-05-21 22:58:56,502 train_utils.py: 268: Train Epoch: [2][1100/9054] | Batch Time: 1.47 (3.25) | Data Time: 0.00 (0.22) | Mem (GB): 22.00 (33.31/37.00) | Time Elapsed: 00d 16h 21m | Losses/train_medical_loss: 4.40e+01 (4.43e+01) | Losses/train_medical_val_loss: 0.00e+00 (0.00e+00)
INFO 2026-05-21 23:01:59,137 train_utils.py: 268: Train Epoch: [2][1150/9054] | Batch Time: 2.26 (3.26) | Data Time: 0.00 (0.21) | Mem (GB): 30.00 (33.31/37.00) | Time Elapsed: 00d 16h 24m | Losses/train_medical_loss: 2.28e+01 (4.46e+01) | Losses/train_medical_val_loss: 0.00e+00 (0.00e+00)
INFO 2026-05-21 23:04:23,777 train_utils.py: 268: Train Epoch: [2][1200/9054] | Batch Time: 2.84 (3.25) | Data Time: 0.00 (0.21) | Mem (GB): 36.00 (33.28/37.00) | Time Elapsed: 00d 16h 27m | Losses/train_medical_loss: 7.61e+01 (4.47e+01) | Losses/train_medical_val_loss: 0.00e+00 (0.00e+00)
INFO 2026-05-21 23:06:43,323 train_utils.py: 268: Train Epoch: [2][1250/9054] | Batch Time: 2.30 (3.23) | Data Time: 0.00 (0.20) | Mem (GB): 30.00 (33.29/37.00) | Time Elapsed: 00d 16h 29m | Losses/train_medical_loss: 7.18e+01 (4.47e+01) | Losses/train_medical_val_loss: 0.00e+00 (0.00e+00)
INFO 2026-05-21 23:09:03,378 train_utils.py: 268: Train Epoch: [2][1300/9054] | Batch Time: 3.20 (3.21) | Data Time: 0.00 (0.19) | Mem (GB): 36.00 (33.29/37.00) | Time Elapsed: 00d 16h 31m | Losses/train_medical_loss: 7.76e+01 (4.49e+01) | Losses/train_medical_val_loss: 0.00e+00 (0.00e+00)
INFO 2026-05-21 23:11:58,615 train_utils.py: 268: Train Epoch: [2][1350/9054] | Batch Time: 2.80 (3.22) | Data Time: 0.00 (0.18) | Mem (GB): 36.00 (33.28/37.00) | Time Elapsed: 00d 16h 34m | Losses/train_medical_loss: 2.89e+01 (4.48e+01) | Losses/train_medical_val_loss: 0.00e+00 (0.00e+00)
INFO 2026-05-21 23:14:25,639 train_utils.py: 268: Train Epoch: [2][1400/9054] | Batch Time: 1.82 (3.21) | Data Time: 0.00 (0.18) | Mem (GB): 25.00 (33.23/37.00) | Time Elapsed: 00d 16h 37m | Losses/train_medical_loss: 3.87e+01 (4.47e+01) | Losses/train_medical_val_loss: 0.00e+00 (0.00e+00)
INFO 2026-05-21 23:16:44,980 train_utils.py: 268: Train Epoch: [2][1450/9054] | Batch Time: 2.83 (3.20) | Data Time: 0.00 (0.17) | Mem (GB): 36.00 (33.22/37.00) | Time Elapsed: 00d 16h 39m | Losses/train_medical_loss: 5.78e+01 (4.47e+01) | Losses/train_medical_val_loss: 0.00e+00 (0.00e+00)
INFO 2026-05-21 23:19:38,009 train_utils.py: 268: Train Epoch: [2][1500/9054] | Batch Time: 2.26 (3.21) | Data Time: 0.00 (0.16) | Mem (GB): 30.00 (33.19/37.00) | Time Elapsed: 00d 16h 42m | Losses/train_medical_loss: 7.18e+01 (4.46e+01) | Losses/train_medical_val_loss: 0.00e+00 (0.00e+00)
INFO 2026-05-21 23:21:59,915 train_utils.py: 268: Train Epoch: [2][1550/9054] | Batch Time: 2.82 (3.20) | Data Time: 0.00 (0.16) | Mem (GB): 36.00 (33.21/37.00) | Time Elapsed: 00d 16h 44m | Losses/train_medical_loss: 1.15e+01 (4.47e+01) | Losses/train_medical_val_loss: 0.00e+00 (0.00e+00)
INFO 2026-05-21 23:24:19,103 train_utils.py: 268: Train Epoch: [2][1600/9054] | Batch Time: 2.83 (3.18) | Data Time: 0.00 (0.15) | Mem (GB): 36.00 (33.25/37.00) | Time Elapsed: 00d 16h 46m | Losses/train_medical_loss: 2.49e+01 (4.49e+01) | Losses/train_medical_val_loss: 0.00e+00 (0.00e+00)
INFO 2026-05-21 23:26:47,067 train_utils.py: 268: Train Epoch: [2][1650/9054] | Batch Time: 2.80 (3.18) | Data Time: 0.00 (0.15) | Mem (GB): 36.00 (33.24/37.00) | Time Elapsed: 00d 16h 49m | Losses/train_medical_loss: 2.75e+01 (4.48e+01) | Losses/train_medical_val_loss: 0.00e+00 (0.00e+00)
INFO 2026-05-21 23:29:39,704 train_utils.py: 268: Train Epoch: [2][1700/9054] | Batch Time: 2.53 (3.18) | Data Time: 0.00 (0.15) | Mem (GB): 33.00 (33.19/37.00) | Time Elapsed: 00d 16h 52m | Losses/train_medical_loss: 9.62e+01 (4.49e+01) | Losses/train_medical_val_loss: 0.00e+00 (0.00e+00)
INFO 2026-05-21 23:32:00,623 train_utils.py: 268: Train Epoch: [2][1750/9054] | Batch Time: 2.84 (3.17) | Data Time: 0.00 (0.14) | Mem (GB): 36.00 (33.19/37.00) | Time Elapsed: 00d 16h 54m | Losses/train_medical_loss: 4.89e+01 (4.48e+01) | Losses/train_medical_val_loss: 0.00e+00 (0.00e+00)
INFO 2026-05-21 23:34:20,694 train_utils.py: 268: Train Epoch: [2][1800/9054] | Batch Time: 2.85 (3.16) | Data Time: 0.00 (0.14) | Mem (GB): 36.00 (33.21/37.00) | Time Elapsed: 00d 16h 57m | Losses/train_medical_loss: 3.90e+01 (4.48e+01) | Losses/train_medical_val_loss: 0.00e+00 (0.00e+00)
INFO 2026-05-21 23:36:50,920 train_utils.py: 268: Train Epoch: [2][1850/9054] | Batch Time: 0.87 (3.16) | Data Time: 0.00 (0.14) | Mem (GB): 19.00 (33.22/37.00) | Time Elapsed: 00d 16h 59m | Losses/train_medical_loss: 4.46e+01 (4.47e+01) | Losses/train_medical_val_loss: 0.00e+00 (0.00e+00)
INFO 2026-05-21 23:39:35,448 train_utils.py: 268: Train Epoch: [2][1900/9054] | Batch Time: 2.78 (3.16) | Data Time: 0.00 (0.13) | Mem (GB): 36.00 (33.24/37.00) | Time Elapsed: 00d 17h 02m | Losses/train_medical_loss: 2.00e+01 (4.46e+01) | Losses/train_medical_val_loss: 0.00e+00 (0.00e+00)
INFO 2026-05-21 23:41:57,124 train_utils.py: 268: Train Epoch: [2][1950/9054] | Batch Time: 2.88 (3.15) | Data Time: 0.00 (0.13) | Mem (GB): 36.00 (33.23/37.00) | Time Elapsed: 00d 17h 04m | Losses/train_medical_loss: 8.19e+01 (4.46e+01) | Losses/train_medical_val_loss: 0.00e+00 (0.00e+00)
INFO 2026-05-21 23:44:16,468 train_utils.py: 268: Train Epoch: [2][2000/9054] | Batch Time: 1.55 (3.15) | Data Time: 0.00 (0.13) | Mem (GB): 22.00 (33.23/37.00) | Time Elapsed: 00d 17h 06m | Losses/train_medical_loss: 6.33e+01 (4.48e+01) | Losses/train_medical_val_loss: 0.00e+00 (0.00e+00)
INFO 2026-05-21 23:47:19,672 train_utils.py: 268: Train Epoch: [2][2050/9054] | Batch Time: 2.85 (3.16) | Data Time: 0.00 (0.12) | Mem (GB): 36.00 (33.24/37.00) | Time Elapsed: 00d 17h 10m | Losses/train_medical_loss: 4.84e+01 (4.47e+01) | Losses/train_medical_val_loss: 0.00e+00 (0.00e+00)
INFO 2026-05-21 23:49:48,086 train_utils.py: 268: Train Epoch: [2][2100/9054] | Batch Time: 3.38 (3.15) | Data Time: 0.00 (0.12) | Mem (GB): 36.00 (33.24/37.00) | Time Elapsed: 00d 17h 12m | Losses/train_medical_loss: 7.99e+01 (4.46e+01) | Losses/train_medical_val_loss: 0.00e+00 (0.00e+00)
INFO 2026-05-21 23:52:07,737 train_utils.py: 268: Train Epoch: [2][2150/9054] | Batch Time: 2.82 (3.15) | Data Time: 0.00 (0.12) | Mem (GB): 36.00 (33.25/37.00) | Time Elapsed: 00d 17h 14m | Losses/train_medical_loss: 4.03e+01 (4.47e+01) | Losses/train_medical_val_loss: 0.00e+00 (0.00e+00)
INFO 2026-05-21 23:54:28,810 train_utils.py: 268: Train Epoch: [2][2200/9054] | Batch Time: 2.87 (3.14) | Data Time: 0.00 (0.11) | Mem (GB): 36.00 (33.26/37.00) | Time Elapsed: 00d 17h 17m | Losses/train_medical_loss: 4.61e+01 (4.47e+01) | Losses/train_medical_val_loss: 0.00e+00 (0.00e+00)
INFO 2026-05-21 23:57:23,922 train_utils.py: 268: Train Epoch: [2][2250/9054] | Batch Time: 2.79 (3.15) | Data Time: 0.00 (0.11) | Mem (GB): 36.00 (33.30/37.00) | Time Elapsed: 00d 17h 20m | Losses/train_medical_loss: 2.79e+01 (4.46e+01) | Losses/train_medical_val_loss: 0.00e+00 (0.00e+00)
INFO 2026-05-21 23:59:51,783 train_utils.py: 268: Train Epoch: [2][2300/9054] | Batch Time: 1.48 (3.14) | Data Time: 0.00 (0.11) | Mem (GB): 22.00 (33.30/37.00) | Time Elapsed: 00d 17h 22m | Losses/train_medical_loss: 1.84e+01 (4.44e+01) | Losses/train_medical_val_loss: 0.00e+00 (0.00e+00)
INFO 2026-05-22 00:02:13,380 train_utils.py: 268: Train Epoch: [2][2350/9054] | Batch Time: 3.19 (3.14) | Data Time: 0.00 (0.11) | Mem (GB): 36.00 (33.31/37.00) | Time Elapsed: 00d 17h 24m | Losses/train_medical_loss: 2.60e+01 (4.45e+01) | Losses/train_medical_val_loss: 0.00e+00 (0.00e+00)
INFO 2026-05-22 00:04:54,723 train_utils.py: 268: Train Epoch: [2][2400/9054] | Batch Time: 2.80 (3.14) | Data Time: 0.00 (0.10) | Mem (GB): 36.00 (33.31/37.00) | Time Elapsed: 00d 17h 27m | Losses/train_medical_loss: 5.58e+01 (4.44e+01) | Losses/train_medical_val_loss: 0.00e+00 (0.00e+00)
INFO 2026-05-22 00:07:29,963 train_utils.py: 268: Train Epoch: [2][2450/9054] | Batch Time: 2.80 (3.14) | Data Time: 0.00 (0.10) | Mem (GB): 36.00 (33.31/37.00) | Time Elapsed: 00d 17h 30m | Losses/train_medical_loss: 8.47e+01 (4.43e+01) | Losses/train_medical_val_loss: 0.00e+00 (0.00e+00)
INFO 2026-05-22 00:09:53,136 train_utils.py: 268: Train Epoch: [2][2500/9054] | Batch Time: 2.80 (3.13) | Data Time: 0.00 (0.10) | Mem (GB): 36.00 (33.31/37.00) | Time Elapsed: 00d 17h 32m | Losses/train_medical_loss: 3.85e+01 (4.44e+01) | Losses/train_medical_val_loss: 0.00e+00 (0.00e+00)
INFO 2026-05-22 00:12:33,219 train_utils.py: 268: Train Epoch: [2][2550/9054] | Batch Time: 23.56 (3.13) | Data Time: 0.00 (0.10) | Mem (GB): 36.00 (33.32/37.00) | Time Elapsed: 00d 17h 35m | Losses/train_medical_loss: 7.53e+01 (4.44e+01) | Losses/train_medical_val_loss: 0.00e+00 (0.00e+00)
INFO 2026-05-22 00:15:28,758 train_utils.py: 268: Train Epoch: [2][2600/9054] | Batch Time: 2.54 (3.14) | Data Time: 0.00 (0.10) | Mem (GB): 33.00 (33.34/37.00) | Time Elapsed: 00d 17h 38m | Losses/train_medical_loss: 4.51e+01 (4.45e+01) | Losses/train_medical_val_loss: 0.00e+00 (0.00e+00)
INFO 2026-05-22 00:17:50,723 train_utils.py: 268: Train Epoch: [2][2650/9054] | Batch Time: 2.85 (3.13) | Data Time: 0.00 (0.09) | Mem (GB): 36.00 (33.35/37.00) | Time Elapsed: 00d 17h 40m | Losses/train_medical_loss: 5.65e+01 (4.44e+01) | Losses/train_medical_val_loss: 0.00e+00 (0.00e+00)
INFO 2026-05-22 00:20:09,672 train_utils.py: 268: Train Epoch: [2][2700/9054] | Batch Time: 1.98 (3.13) | Data Time: 0.00 (0.09) | Mem (GB): 28.00 (33.34/37.00) | Time Elapsed: 00d 17h 42m | Losses/train_medical_loss: 6.97e+01 (4.43e+01) | Losses/train_medical_val_loss: 0.00e+00 (0.00e+00)
INFO 2026-05-22 00:22:28,667 train_utils.py: 268: Train Epoch: [2][2750/9054] | Batch Time: 2.01 (3.12) | Data Time: 0.00 (0.09) | Mem (GB): 28.00 (33.35/37.00) | Time Elapsed: 00d 17h 45m | Losses/train_medical_loss: 4.52e+01 (4.43e+01) | Losses/train_medical_val_loss: 0.00e+00 (0.00e+00)
INFO 2026-05-22 00:25:21,020 train_utils.py: 268: Train Epoch: [2][2800/9054] | Batch Time: 1.29 (3.13) | Data Time: 0.00 (0.09) | Mem (GB): 20.00 (33.31/37.00) | Time Elapsed: 00d 17h 48m | Losses/train_medical_loss: 5.88e+01 (4.43e+01) | Losses/train_medical_val_loss: 0.00e+00 (0.00e+00)
INFO 2026-05-22 00:27:42,715 train_utils.py: 268: Train Epoch: [2][2850/9054] | Batch Time: 1.80 (3.12) | Data Time: 0.00 (0.09) | Mem (GB): 25.00 (33.33/37.00) | Time Elapsed: 00d 17h 50m | Losses/train_medical_loss: 4.98e+01 (4.42e+01) | Losses/train_medical_val_loss: 0.00e+00 (0.00e+00)
INFO 2026-05-22 00:30:03,748 train_utils.py: 268: Train Epoch: [2][2900/9054] | Batch Time: 2.81 (3.12) | Data Time: 0.00 (0.09) | Mem (GB): 36.00 (33.34/37.00) | Time Elapsed: 00d 17h 52m | Losses/train_medical_loss: 1.39e+01 (4.42e+01) | Losses/train_medical_val_loss: 0.00e+00 (0.00e+00)
INFO 2026-05-22 00:32:33,912 train_utils.py: 268: Train Epoch: [2][2950/9054] | Batch Time: 2.80 (3.11) | Data Time: 0.00 (0.09) | Mem (GB): 36.00 (33.34/37.00) | Time Elapsed: 00d 17h 55m | Losses/train_medical_loss: 4.95e+01 (4.42e+01) | Losses/train_medical_val_loss: 0.00e+00 (0.00e+00)
INFO 2026-05-22 00:35:17,073 train_utils.py: 268: Train Epoch: [2][3000/9054] | Batch Time: 2.85 (3.12) | Data Time: 0.00 (0.08) | Mem (GB): 36.00 (33.35/37.00) | Time Elapsed: 00d 17h 57m | Losses/train_medical_loss: 5.16e+01 (4.42e+01) | Losses/train_medical_val_loss: 0.00e+00 (0.00e+00)
INFO 2026-05-22 00:37:38,113 train_utils.py: 268: Train Epoch: [2][3050/9054] | Batch Time: 2.81 (3.11) | Data Time: 0.00 (0.08) | Mem (GB): 36.00 (33.36/37.00) | Time Elapsed: 00d 18h 00m | Losses/train_medical_loss: 1.83e+01 (4.41e+01) | Losses/train_medical_val_loss: 0.00e+00 (0.00e+00)
INFO 2026-05-22 00:39:56,703 train_utils.py: 268: Train Epoch: [2][3100/9054] | Batch Time: 1.74 (3.11) | Data Time: 0.00 (0.08) | Mem (GB): 25.00 (33.37/37.00) | Time Elapsed: 00d 18h 02m | Losses/train_medical_loss: 6.00e+01 (4.41e+01) | Losses/train_medical_val_loss: 0.00e+00 (0.00e+00)
INFO 2026-05-22 00:42:52,784 train_utils.py: 268: Train Epoch: [2][3150/9054] | Batch Time: 2.82 (3.11) | Data Time: 0.00 (0.08) | Mem (GB): 36.00 (33.36/37.00) | Time Elapsed: 00d 18h 05m | Losses/train_medical_loss: 3.55e+01 (4.42e+01) | Losses/train_medical_val_loss: 0.00e+00 (0.00e+00)
INFO 2026-05-22 00:45:12,460 train_utils.py: 268: Train Epoch: [2][3200/9054] | Batch Time: 2.76 (3.11) | Data Time: 0.00 (0.08) | Mem (GB): 36.00 (33.36/37.00) | Time Elapsed: 00d 18h 07m | Losses/train_medical_loss: 4.57e+01 (4.42e+01) | Losses/train_medical_val_loss: 0.00e+00 (0.00e+00)
INFO 2026-05-22 00:47:31,356 train_utils.py: 268: Train Epoch: [2][3250/9054] | Batch Time: 2.86 (3.10) | Data Time: 0.00 (0.08) | Mem (GB): 36.00 (33.35/37.00) | Time Elapsed: 00d 18h 10m | Losses/train_medical_loss: 2.92e+01 (4.43e+01) | Losses/train_medical_val_loss: 0.00e+00 (0.00e+00)
INFO 2026-05-22 00:49:49,827 train_utils.py: 268: Train Epoch: [2][3300/9054] | Batch Time: 2.80 (3.10) | Data Time: 0.00 (0.08) | Mem (GB): 36.00 (33.34/37.00) | Time Elapsed: 00d 18h 12m | Losses/train_medical_loss: 4.26e+01 (4.42e+01) | Losses/train_medical_val_loss: 0.00e+00 (0.00e+00)
INFO 2026-05-22 00:52:33,430 train_utils.py: 268: Train Epoch: [2][3350/9054] | Batch Time: 2.79 (3.10) | Data Time: 0.00 (0.08) | Mem (GB): 36.00 (33.34/37.00) | Time Elapsed: 00d 18h 15m | Losses/train_medical_loss: 4.31e+01 (4.41e+01) | Losses/train_medical_val_loss: 0.00e+00 (0.00e+00)
INFO 2026-05-22 00:54:52,089 train_utils.py: 268: Train Epoch: [2][3400/9054] | Batch Time: 1.20 (3.10) | Data Time: 0.00 (0.08) | Mem (GB): 20.00 (33.34/37.00) | Time Elapsed: 00d 18h 17m | Losses/train_medical_loss: 6.16e+01 (4.41e+01) | Losses/train_medical_val_loss: 0.00e+00 (0.00e+00)
INFO 2026-05-22 00:57:13,489 train_utils.py: 268: Train Epoch: [2][3450/9054] | Batch Time: 2.84 (3.09) | Data Time: 0.00 (0.07) | Mem (GB): 36.00 (33.33/37.00) | Time Elapsed: 00d 18h 19m | Losses/train_medical_loss: 2.66e+01 (4.41e+01) | Losses/train_medical_val_loss: 0.00e+00 (0.00e+00)
INFO 2026-05-22 00:59:50,664 train_utils.py: 268: Train Epoch: [2][3500/9054] | Batch Time: 2.79 (3.09) | Data Time: 0.00 (0.07) | Mem (GB): 36.00 (33.31/37.00) | Time Elapsed: 00d 18h 22m | Losses/train_medical_loss: 5.50e+01 (4.41e+01) | Losses/train_medical_val_loss: 0.00e+00 (0.00e+00)
INFO 2026-05-22 01:02:28,008 train_utils.py: 268: Train Epoch: [2][3550/9054] | Batch Time: 1.28 (3.09) | Data Time: 0.00 (0.07) | Mem (GB): 20.00 (33.32/37.00) | Time Elapsed: 00d 18h 25m | Losses/train_medical_loss: 4.53e+01 (4.40e+01) | Losses/train_medical_val_loss: 0.00e+00 (0.00e+00)
INFO 2026-05-22 01:04:49,838 train_utils.py: 268: Train Epoch: [2][3600/9054] | Batch Time: 2.01 (3.09) | Data Time: 0.00 (0.07) | Mem (GB): 28.00 (33.31/37.00) | Time Elapsed: 00d 18h 27m | Losses/train_medical_loss: 8.29e+01 (4.39e+01) | Losses/train_medical_val_loss: 0.00e+00 (0.00e+00)
INFO 2026-05-22 01:07:11,103 train_utils.py: 268: Train Epoch: [2][3650/9054] | Batch Time: 2.77 (3.09) | Data Time: 0.00 (0.07) | Mem (GB): 36.00 (33.30/37.00) | Time Elapsed: 00d 18h 29m | Losses/train_medical_loss: 2.96e+01 (4.40e+01) | Losses/train_medical_val_loss: 0.00e+00 (0.00e+00)
INFO 2026-05-22 01:09:56,255 train_utils.py: 268: Train Epoch: [2][3700/9054] | Batch Time: 2.83 (3.09) | Data Time: 0.00 (0.07) | Mem (GB): 36.00 (33.30/37.00) | Time Elapsed: 00d 18h 32m | Losses/train_medical_loss: 1.72e+01 (4.40e+01) | Losses/train_medical_val_loss: 0.00e+00 (0.00e+00)
INFO 2026-05-22 01:12:16,091 train_utils.py: 268: Train Epoch: [2][3750/9054] | Batch Time: 2.85 (3.09) | Data Time: 0.00 (0.07) | Mem (GB): 36.00 (33.29/37.00) | Time Elapsed: 00d 18h 34m | Losses/train_medical_loss: 4.38e+01 (4.40e+01) | Losses/train_medical_val_loss: 0.00e+00 (0.00e+00)
INFO 2026-05-22 01:14:33,866 train_utils.py: 268: Train Epoch: [2][3800/9054] | Batch Time: 1.24 (3.08) | Data Time: 0.00 (0.07) | Mem (GB): 20.00 (33.30/37.00) | Time Elapsed: 00d 18h 37m | Losses/train_medical_loss: 3.63e+01 (4.40e+01) | Losses/train_medical_val_loss: 0.00e+00 (0.00e+00)
INFO 2026-05-22 01:17:06,478 train_utils.py: 268: Train Epoch: [2][3850/9054] | Batch Time: 2.83 (3.08) | Data Time: 0.00 (0.07) | Mem (GB): 36.00 (33.29/37.00) | Time Elapsed: 00d 18h 39m | Losses/train_medical_loss: 1.17e+01 (4.40e+01) | Losses/train_medical_val_loss: 0.00e+00 (0.00e+00)
INFO 2026-05-22 01:19:48,975 train_utils.py: 268: Train Epoch: [2][3900/9054] | Batch Time: 3.20 (3.08) | Data Time: 0.00 (0.07) | Mem (GB): 36.00 (33.29/37.00) | Time Elapsed: 00d 18h 42m | Losses/train_medical_loss: 2.56e+01 (4.40e+01) | Losses/train_medical_val_loss: 0.00e+00 (0.00e+00)
INFO 2026-05-22 01:22:19,275 train_utils.py: 268: Train Epoch: [2][3950/9054] | Batch Time: 2.79 (3.08) | Data Time: 0.00 (0.07) | Mem (GB): 36.00 (33.30/37.00) | Time Elapsed: 00d 18h 44m | Losses/train_medical_loss: 9.48e+01 (4.40e+01) | Losses/train_medical_val_loss: 0.00e+00 (0.00e+00)
INFO 2026-05-22 01:24:45,630 train_utils.py: 268: Train Epoch: [2][4000/9054] | Batch Time: 2.81 (3.08) | Data Time: 0.00 (0.07) | Mem (GB): 36.00 (33.32/37.00) | Time Elapsed: 00d 18h 47m | Losses/train_medical_loss: 4.15e+01 (4.41e+01) | Losses/train_medical_val_loss: 0.00e+00 (0.00e+00)
INFO 2026-05-22 01:27:16,231 train_utils.py: 268: Train Epoch: [2][4050/9054] | Batch Time: 2.84 (3.08) | Data Time: 0.00 (0.07) | Mem (GB): 36.00 (33.33/37.00) | Time Elapsed: 00d 18h 49m | Losses/train_medical_loss: 1.44e+01 (4.42e+01) | Losses/train_medical_val_loss: 0.00e+00 (0.00e+00)
INFO 2026-05-22 01:29:40,704 train_utils.py: 268: Train Epoch: [2][4100/9054] | Batch Time: 2.84 (3.08) | Data Time: 0.00 (0.07) | Mem (GB): 36.00 (33.32/37.00) | Time Elapsed: 00d 18h 52m | Losses/train_medical_loss: 5.19e+00 (4.41e+01) | Losses/train_medical_val_loss: 0.00e+00 (0.00e+00)
INFO 2026-05-22 01:31:59,508 train_utils.py: 268: Train Epoch: [2][4150/9054] | Batch Time: 1.27 (3.07) | Data Time: 0.00 (0.07) | Mem (GB): 20.00 (33.30/37.00) | Time Elapsed: 00d 18h 54m | Losses/train_medical_loss: 5.62e+01 (4.42e+01) | Losses/train_medical_val_loss: 0.00e+00 (0.00e+00)
INFO 2026-05-22 01:34:22,538 train_utils.py: 268: Train Epoch: [2][4200/9054] | Batch Time: 2.84 (3.07) | Data Time: 0.00 (0.06) | Mem (GB): 36.00 (33.28/37.00) | Time Elapsed: 00d 18h 57m | Losses/train_medical_loss: 8.67e+01 (4.42e+01) | Losses/train_medical_val_loss: 0.00e+00 (0.00e+00)
INFO 2026-05-22 01:37:16,409 train_utils.py: 268: Train Epoch: [2][4250/9054] | Batch Time: 2.90 (3.08) | Data Time: 0.00 (0.06) | Mem (GB): 28.00 (33.27/37.00) | Time Elapsed: 00d 18h 59m | Losses/train_medical_loss: 4.53e+01 (4.42e+01) | Losses/train_medical_val_loss: 0.00e+00 (0.00e+00)
INFO 2026-05-22 01:39:36,344 train_utils.py: 268: Train Epoch: [2][4300/9054] | Batch Time: 1.46 (3.07) | Data Time: 0.00 (0.06) | Mem (GB): 22.00 (33.25/37.00) | Time Elapsed: 00d 19h 02m | Losses/train_medical_loss: 4.63e+01 (4.42e+01) | Losses/train_medical_val_loss: 0.00e+00 (0.00e+00)
INFO 2026-05-22 01:41:56,975 train_utils.py: 268: Train Epoch: [2][4350/9054] | Batch Time: 2.86 (3.07) | Data Time: 0.00 (0.06) | Mem (GB): 36.00 (33.25/37.00) | Time Elapsed: 00d 19h 04m | Losses/train_medical_loss: 1.54e+01 (4.42e+01) | Losses/train_medical_val_loss: 0.00e+00 (0.00e+00)
INFO 2026-05-22 01:44:28,668 train_utils.py: 268: Train Epoch: [2][4400/9054] | Batch Time: 2.81 (3.07) | Data Time: 0.00 (0.06) | Mem (GB): 36.00 (33.24/37.00) | Time Elapsed: 00d 19h 07m | Losses/train_medical_loss: 7.27e+01 (4.42e+01) | Losses/train_medical_val_loss: 0.00e+00 (0.00e+00)
INFO 2026-05-22 01:47:17,645 train_utils.py: 268: Train Epoch: [2][4450/9054] | Batch Time: 4.00 (3.07) | Data Time: 0.00 (0.06) | Mem (GB): 36.00 (33.24/37.00) | Time Elapsed: 00d 19h 09m | Losses/train_medical_loss: 5.24e+01 (4.42e+01) | Losses/train_medical_val_loss: 0.00e+00 (0.00e+00)
INFO 2026-05-22 01:49:43,812 train_utils.py: 268: Train Epoch: [2][4500/9054] | Batch Time: 2.89 (3.07) | Data Time: 0.00 (0.06) | Mem (GB): 36.00 (33.25/37.00) | Time Elapsed: 00d 19h 12m | Losses/train_medical_loss: 1.29e+01 (4.41e+01) | Losses/train_medical_val_loss: 0.00e+00 (0.00e+00)
INFO 2026-05-22 01:52:10,554 train_utils.py: 268: Train Epoch: [2][4550/9054] | Batch Time: 2.34 (3.07) | Data Time: 0.00 (0.06) | Mem (GB): 30.00 (33.26/37.00) | Time Elapsed: 00d 19h 14m | Losses/train_medical_loss: 8.96e+01 (4.42e+01) | Losses/train_medical_val_loss: 0.00e+00 (0.00e+00)
INFO 2026-05-22 01:54:51,843 train_utils.py: 268: Train Epoch: [2][4600/9054] | Batch Time: 2.82 (3.07) | Data Time: 0.00 (0.06) | Mem (GB): 36.00 (33.26/37.00) | Time Elapsed: 00d 19h 17m | Losses/train_medical_loss: 5.13e+01 (4.42e+01) | Losses/train_medical_val_loss: 0.00e+00 (0.00e+00)
INFO 2026-05-22 01:57:24,626 train_utils.py: 268: Train Epoch: [2][4650/9054] | Batch Time: 3.87 (3.07) | Data Time: 0.00 (0.06) | Mem (GB): 30.00 (33.27/37.00) | Time Elapsed: 00d 19h 20m | Losses/train_medical_loss: 6.49e+01 (4.42e+01) | Losses/train_medical_val_loss: 0.00e+00 (0.00e+00)
INFO 2026-05-22 01:59:44,813 train_utils.py: 268: Train Epoch: [2][4700/9054] | Batch Time: 2.84 (3.07) | Data Time: 0.00 (0.06) | Mem (GB): 36.00 (33.27/37.00) | Time Elapsed: 00d 19h 22m | Losses/train_medical_loss: 9.33e+00 (4.41e+01) | Losses/train_medical_val_loss: 0.00e+00 (0.00e+00)
INFO 2026-05-22 02:02:04,940 train_utils.py: 268: Train Epoch: [2][4750/9054] | Batch Time: 3.15 (3.07) | Data Time: 0.00 (0.06) | Mem (GB): 36.00 (33.27/37.00) | Time Elapsed: 00d 19h 24m | Losses/train_medical_loss: 9.92e+00 (4.41e+01) | Losses/train_medical_val_loss: 0.00e+00 (0.00e+00)
INFO 2026-05-22 02:04:59,924 train_utils.py: 268: Train Epoch: [2][4800/9054] | Batch Time: 3.89 (3.07) | Data Time: 0.00 (0.06) | Mem (GB): 36.00 (33.27/37.00) | Time Elapsed: 00d 19h 27m | Losses/train_medical_loss: 4.33e+01 (4.41e+01) | Losses/train_medical_val_loss: 0.00e+00 (0.00e+00)
INFO 2026-05-22 02:07:22,588 train_utils.py: 268: Train Epoch: [2][4850/9054] | Batch Time: 2.81 (3.07) | Data Time: 0.00 (0.06) | Mem (GB): 36.00 (33.28/37.00) | Time Elapsed: 00d 19h 30m | Losses/train_medical_loss: 5.73e+01 (4.40e+01) | Losses/train_medical_val_loss: 0.00e+00 (0.00e+00)
INFO 2026-05-22 02:09:45,210 train_utils.py: 268: Train Epoch: [2][4900/9054] | Batch Time: 3.02 (3.07) | Data Time: 0.00 (0.06) | Mem (GB): 20.00 (33.28/37.00) | Time Elapsed: 00d 19h 32m | Losses/train_medical_loss: 3.54e+01 (4.40e+01) | Losses/train_medical_val_loss: 0.00e+00 (0.00e+00)
INFO 2026-05-22 02:12:18,321 train_utils.py: 268: Train Epoch: [2][4950/9054] | Batch Time: 2.86 (3.07) | Data Time: 0.00 (0.06) | Mem (GB): 36.00 (33.27/37.00) | Time Elapsed: 00d 19h 34m | Losses/train_medical_loss: 3.81e+01 (4.40e+01) | Losses/train_medical_val_loss: 0.00e+00 (0.00e+00)
INFO 2026-05-22 02:15:03,131 train_utils.py: 268: Train Epoch: [2][5000/9054] | Batch Time: 2.84 (3.07) | Data Time: 0.00 (0.06) | Mem (GB): 36.00 (33.28/37.00) | Time Elapsed: 00d 19h 37m | Losses/train_medical_loss: 2.02e+01 (4.40e+01) | Losses/train_medical_val_loss: 0.00e+00 (0.00e+00)
INFO 2026-05-22 02:17:19,485 train_utils.py: 268: Train Epoch: [2][5050/9054] | Batch Time: 2.78 (3.06) | Data Time: 0.00 (0.06) | Mem (GB): 36.00 (33.29/37.00) | Time Elapsed: 00d 19h 40m | Losses/train_medical_loss: 5.85e+01 (4.40e+01) | Losses/train_medical_val_loss: 0.00e+00 (0.00e+00)
INFO 2026-05-22 02:19:38,752 train_utils.py: 268: Train Epoch: [2][5100/9054] | Batch Time: 4.46 (3.06) | Data Time: 0.00 (0.06) | Mem (GB): 36.00 (33.28/37.00) | Time Elapsed: 00d 19h 42m | Losses/train_medical_loss: 3.84e+01 (4.40e+01) | Losses/train_medical_val_loss: 0.00e+00 (0.00e+00)
INFO 2026-05-22 02:22:19,152 train_utils.py: 268: Train Epoch: [2][5150/9054] | Batch Time: 2.83 (3.06) | Data Time: 0.00 (0.06) | Mem (GB): 36.00 (33.28/37.00) | Time Elapsed: 00d 19h 44m | Losses/train_medical_loss: 5.86e+01 (4.40e+01) | Losses/train_medical_val_loss: 0.00e+00 (0.00e+00)
INFO 2026-05-22 02:24:52,649 train_utils.py: 268: Train Epoch: [2][5200/9054] | Batch Time: 3.90 (3.06) | Data Time: 0.00 (0.05) | Mem (GB): 36.00 (33.28/37.00) | Time Elapsed: 00d 19h 47m | Losses/train_medical_loss: 4.26e+01 (4.40e+01) | Losses/train_medical_val_loss: 0.00e+00 (0.00e+00)
INFO 2026-05-22 02:27:11,026 train_utils.py: 268: Train Epoch: [2][5250/9054] | Batch Time: 2.80 (3.06) | Data Time: 0.00 (0.05) | Mem (GB): 36.00 (33.28/37.00) | Time Elapsed: 00d 19h 49m | Losses/train_medical_loss: 8.78e+01 (4.40e+01) | Losses/train_medical_val_loss: 0.00e+00 (0.00e+00)
INFO 2026-05-22 02:29:43,417 train_utils.py: 268: Train Epoch: [2][5300/9054] | Batch Time: 3.31 (3.06) | Data Time: 0.00 (0.05) | Mem (GB): 36.00 (33.28/37.00) | Time Elapsed: 00d 19h 52m | Losses/train_medical_loss: 4.33e+01 (4.40e+01) | Losses/train_medical_val_loss: 0.00e+00 (0.00e+00)
INFO 2026-05-22 02:32:26,169 train_utils.py: 268: Train Epoch: [2][5350/9054] | Batch Time: 2.82 (3.06) | Data Time: 0.00 (0.05) | Mem (GB): 36.00 (33.28/37.00) | Time Elapsed: 00d 19h 55m | Losses/train_medical_loss: 1.71e+01 (4.39e+01) | Losses/train_medical_val_loss: 0.00e+00 (0.00e+00)
INFO 2026-05-22 02:35:01,710 train_utils.py: 268: Train Epoch: [2][5400/9054] | Batch Time: 2.79 (3.06) | Data Time: 0.00 (0.05) | Mem (GB): 36.00 (33.28/37.00) | Time Elapsed: 00d 19h 57m | Losses/train_medical_loss: 3.61e+01 (4.39e+01) | Losses/train_medical_val_loss: 0.00e+00 (0.00e+00)
INFO 2026-05-22 02:37:21,718 train_utils.py: 268: Train Epoch: [2][5450/9054] | Batch Time: 2.81 (3.06) | Data Time: 0.00 (0.05) | Mem (GB): 36.00 (33.28/37.00) | Time Elapsed: 00d 20h 00m | Losses/train_medical_loss: 4.86e+01 (4.39e+01) | Losses/train_medical_val_loss: 0.00e+00 (0.00e+00)
INFO 2026-05-22 02:39:51,257 train_utils.py: 268: Train Epoch: [2][5500/9054] | Batch Time: 2.82 (3.06) | Data Time: 0.00 (0.05) | Mem (GB): 36.00 (33.28/37.00) | Time Elapsed: 00d 20h 02m | Losses/train_medical_loss: 5.91e+01 (4.39e+01) | Losses/train_medical_val_loss: 0.00e+00 (0.00e+00)
INFO 2026-05-22 02:42:31,391 train_utils.py: 268: Train Epoch: [2][5550/9054] | Batch Time: 1.22 (3.06) | Data Time: 0.00 (0.05) | Mem (GB): 20.00 (33.28/37.00) | Time Elapsed: 00d 20h 05m | Losses/train_medical_loss: 4.23e+01 (4.39e+01) | Losses/train_medical_val_loss: 0.00e+00 (0.00e+00)
INFO 2026-05-22 02:44:50,747 train_utils.py: 268: Train Epoch: [2][5600/9054] | Batch Time: 2.80 (3.06) | Data Time: 0.00 (0.05) | Mem (GB): 36.00 (33.28/37.00) | Time Elapsed: 00d 20h 07m | Losses/train_medical_loss: 4.34e+01 (4.40e+01) | Losses/train_medical_val_loss: 0.00e+00 (0.00e+00)
INFO 2026-05-22 02:47:10,019 train_utils.py: 268: Train Epoch: [2][5650/9054] | Batch Time: 2.80 (3.06) | Data Time: 0.00 (0.05) | Mem (GB): 36.00 (33.28/37.00) | Time Elapsed: 00d 20h 09m | Losses/train_medical_loss: 4.28e+01 (4.39e+01) | Losses/train_medical_val_loss: 0.00e+00 (0.00e+00)
INFO 2026-05-22 02:49:46,467 train_utils.py: 268: Train Epoch: [2][5700/9054] | Batch Time: 2.79 (3.06) | Data Time: 0.00 (0.05) | Mem (GB): 36.00 (33.28/37.00) | Time Elapsed: 00d 20h 12m | Losses/train_medical_loss: 1.42e+01 (4.39e+01) | Losses/train_medical_val_loss: 0.00e+00 (0.00e+00)
INFO 2026-05-22 02:52:23,704 train_utils.py: 268: Train Epoch: [2][5750/9054] | Batch Time: 2.82 (3.06) | Data Time: 0.00 (0.05) | Mem (GB): 36.00 (33.28/37.00) | Time Elapsed: 00d 20h 15m | Losses/train_medical_loss: 1.02e+02 (4.39e+01) | Losses/train_medical_val_loss: 0.00e+00 (0.00e+00)
INFO 2026-05-22 02:54:44,207 train_utils.py: 268: Train Epoch: [2][5800/9054] | Batch Time: 2.81 (3.05) | Data Time: 0.00 (0.05) | Mem (GB): 36.00 (33.29/37.00) | Time Elapsed: 00d 20h 17m | Losses/train_medical_loss: 2.30e+01 (4.39e+01) | Losses/train_medical_val_loss: 0.00e+00 (0.00e+00)
INFO 2026-05-22 02:57:15,136 train_utils.py: 268: Train Epoch: [2][5850/9054] | Batch Time: 2.83 (3.05) | Data Time: 0.00 (0.05) | Mem (GB): 36.00 (33.30/37.00) | Time Elapsed: 00d 20h 19m | Losses/train_medical_loss: 8.96e+01 (4.39e+01) | Losses/train_medical_val_loss: 0.00e+00 (0.00e+00)
INFO 2026-05-22 03:00:00,789 train_utils.py: 268: Train Epoch: [2][5900/9054] | Batch Time: 2.82 (3.06) | Data Time: 0.00 (0.05) | Mem (GB): 36.00 (33.30/37.00) | Time Elapsed: 00d 20h 22m | Losses/train_medical_loss: 2.01e+01 (4.39e+01) | Losses/train_medical_val_loss: 0.00e+00 (0.00e+00)
INFO 2026-05-22 03:02:19,002 train_utils.py: 268: Train Epoch: [2][5950/9054] | Batch Time: 2.04 (3.05) | Data Time: 0.00 (0.05) | Mem (GB): 28.00 (33.30/37.00) | Time Elapsed: 00d 20h 24m | Losses/train_medical_loss: 6.81e+01 (4.39e+01) | Losses/train_medical_val_loss: 0.00e+00 (0.00e+00)
INFO 2026-05-22 03:04:40,895 train_utils.py: 268: Train Epoch: [2][6000/9054] | Batch Time: 2.31 (3.05) | Data Time: 0.00 (0.05) | Mem (GB): 30.00 (33.30/37.00) | Time Elapsed: 00d 20h 27m | Losses/train_medical_loss: 4.54e+01 (4.40e+01) | Losses/train_medical_val_loss: 0.00e+00 (0.00e+00)
INFO 2026-05-22 03:07:23,995 train_utils.py: 268: Train Epoch: [2][6050/9054] | Batch Time: 2.83 (3.05) | Data Time: 0.00 (0.05) | Mem (GB): 36.00 (33.31/37.00) | Time Elapsed: 00d 20h 30m | Losses/train_medical_loss: 1.43e+01 (4.39e+01) | Losses/train_medical_val_loss: 0.00e+00 (0.00e+00)
INFO 2026-05-22 03:10:05,091 train_utils.py: 268: Train Epoch: [2][6100/9054] | Batch Time: 2.85 (3.06) | Data Time: 0.00 (0.05) | Mem (GB): 36.00 (33.30/37.00) | Time Elapsed: 00d 20h 32m | Losses/train_medical_loss: 3.82e+01 (4.39e+01) | Losses/train_medical_val_loss: 0.00e+00 (0.00e+00)
INFO 2026-05-22 03:12:24,785 train_utils.py: 268: Train Epoch: [2][6150/9054] | Batch Time: 3.76 (3.05) | Data Time: 0.00 (0.05) | Mem (GB): 36.00 (33.30/37.00) | Time Elapsed: 00d 20h 35m | Losses/train_medical_loss: 1.03e+01 (4.39e+01) | Losses/train_medical_val_loss: 0.00e+00 (0.00e+00)
INFO 2026-05-22 03:14:53,998 train_utils.py: 268: Train Epoch: [2][6200/9054] | Batch Time: 4.14 (3.05) | Data Time: 0.00 (0.05) | Mem (GB): 36.00 (33.30/37.00) | Time Elapsed: 00d 20h 37m | Losses/train_medical_loss: 3.54e+01 (4.39e+01) | Losses/train_medical_val_loss: 0.00e+00 (0.00e+00)
INFO 2026-05-22 03:17:22,984 train_utils.py: 268: Train Epoch: [2][6250/9054] | Batch Time: 2.83 (3.05) | Data Time: 0.00 (0.05) | Mem (GB): 36.00 (33.30/37.00) | Time Elapsed: 00d 20h 40m | Losses/train_medical_loss: 1.97e+01 (4.39e+01) | Losses/train_medical_val_loss: 0.00e+00 (0.00e+00)
INFO 2026-05-22 03:19:57,208 train_utils.py: 268: Train Epoch: [2][6300/9054] | Batch Time: 3.74 (3.05) | Data Time: 0.00 (0.05) | Mem (GB): 36.00 (33.29/37.00) | Time Elapsed: 00d 20h 42m | Losses/train_medical_loss: 5.83e+01 (4.39e+01) | Losses/train_medical_val_loss: 0.00e+00 (0.00e+00)
INFO 2026-05-22 03:22:17,810 train_utils.py: 268: Train Epoch: [2][6350/9054] | Batch Time: 2.88 (3.05) | Data Time: 0.00 (0.05) | Mem (GB): 36.00 (33.28/37.00) | Time Elapsed: 00d 20h 44m | Losses/train_medical_loss: 7.11e+01 (4.39e+01) | Losses/train_medical_val_loss: 0.00e+00 (0.00e+00)
INFO 2026-05-22 03:24:49,737 train_utils.py: 268: Train Epoch: [2][6400/9054] | Batch Time: 2.82 (3.05) | Data Time: 0.00 (0.05) | Mem (GB): 36.00 (33.29/37.00) | Time Elapsed: 00d 20h 47m | Losses/train_medical_loss: 2.00e+01 (4.39e+01) | Losses/train_medical_val_loss: 0.00e+00 (0.00e+00)
INFO 2026-05-22 03:27:29,974 train_utils.py: 268: Train Epoch: [2][6450/9054] | Batch Time: 2.82 (3.05) | Data Time: 0.00 (0.05) | Mem (GB): 36.00 (33.28/37.00) | Time Elapsed: 00d 20h 50m | Losses/train_medical_loss: 4.77e+01 (4.38e+01) | Losses/train_medical_val_loss: 0.00e+00 (0.00e+00)
INFO 2026-05-22 03:29:49,442 train_utils.py: 268: Train Epoch: [2][6500/9054] | Batch Time: 2.81 (3.05) | Data Time: 0.00 (0.05) | Mem (GB): 36.00 (33.28/37.00) | Time Elapsed: 00d 20h 52m | Losses/train_medical_loss: 4.75e+01 (4.38e+01) | Losses/train_medical_val_loss: 0.00e+00 (0.00e+00)
INFO 2026-05-22 03:32:14,638 train_utils.py: 268: Train Epoch: [2][6550/9054] | Batch Time: 2.79 (3.05) | Data Time: 0.00 (0.05) | Mem (GB): 36.00 (33.28/37.00) | Time Elapsed: 00d 20h 54m | Losses/train_medical_loss: 9.55e+01 (4.39e+01) | Losses/train_medical_val_loss: 0.00e+00 (0.00e+00)
INFO 2026-05-22 03:34:55,109 train_utils.py: 268: Train Epoch: [2][6600/9054] | Batch Time: 2.81 (3.05) | Data Time: 0.00 (0.04) | Mem (GB): 36.00 (33.28/37.00) | Time Elapsed: 00d 20h 57m | Losses/train_medical_loss: 7.76e+01 (4.39e+01) | Losses/train_medical_val_loss: 0.00e+00 (0.00e+00)
INFO 2026-05-22 03:37:36,894 train_utils.py: 268: Train Epoch: [2][6650/9054] | Batch Time: 2.81 (3.05) | Data Time: 0.00 (0.04) | Mem (GB): 36.00 (33.28/37.00) | Time Elapsed: 00d 21h 00m | Losses/train_medical_loss: 2.60e+01 (4.39e+01) | Losses/train_medical_val_loss: 0.00e+00 (0.00e+00)
INFO 2026-05-22 03:39:57,378 train_utils.py: 268: Train Epoch: [2][6700/9054] | Batch Time: 2.83 (3.05) | Data Time: 0.00 (0.04) | Mem (GB): 36.00 (33.29/37.00) | Time Elapsed: 00d 21h 02m | Losses/train_medical_loss: 7.81e+01 (4.39e+01) | Losses/train_medical_val_loss: 0.00e+00 (0.00e+00)
INFO 2026-05-22 03:42:24,556 train_utils.py: 268: Train Epoch: [2][6750/9054] | Batch Time: 2.83 (3.05) | Data Time: 0.00 (0.04) | Mem (GB): 36.00 (33.29/37.00) | Time Elapsed: 00d 21h 05m | Losses/train_medical_loss: 4.71e+01 (4.39e+01) | Losses/train_medical_val_loss: 0.00e+00 (0.00e+00)
INFO 2026-05-22 03:44:56,181 train_utils.py: 268: Train Epoch: [2][6800/9054] | Batch Time: 2.82 (3.05) | Data Time: 0.00 (0.04) | Mem (GB): 36.00 (33.29/37.00) | Time Elapsed: 00d 21h 07m | Losses/train_medical_loss: 8.12e+01 (4.39e+01) | Losses/train_medical_val_loss: 0.00e+00 (0.00e+00)
INFO 2026-05-22 03:47:27,396 train_utils.py: 268: Train Epoch: [2][6850/9054] | Batch Time: 2.83 (3.05) | Data Time: 0.00 (0.04) | Mem (GB): 36.00 (33.29/37.00) | Time Elapsed: 00d 21h 10m | Losses/train_medical_loss: 1.46e+01 (4.39e+01) | Losses/train_medical_val_loss: 0.00e+00 (0.00e+00)
INFO 2026-05-22 03:49:46,176 train_utils.py: 268: Train Epoch: [2][6900/9054] | Batch Time: 2.80 (3.05) | Data Time: 0.00 (0.04) | Mem (GB): 36.00 (33.30/37.00) | Time Elapsed: 00d 21h 12m | Losses/train_medical_loss: 1.26e+01 (4.39e+01) | Losses/train_medical_val_loss: 0.00e+00 (0.00e+00)
INFO 2026-05-22 03:52:15,915 train_utils.py: 268: Train Epoch: [2][6950/9054] | Batch Time: 2.82 (3.05) | Data Time: 0.00 (0.04) | Mem (GB): 36.00 (33.30/37.00) | Time Elapsed: 00d 21h 14m | Losses/train_medical_loss: 1.03e+02 (4.39e+01) | Losses/train_medical_val_loss: 0.00e+00 (0.00e+00)
INFO 2026-05-22 03:54:57,959 train_utils.py: 268: Train Epoch: [2][7000/9054] | Batch Time: 2.82 (3.05) | Data Time: 0.00 (0.04) | Mem (GB): 36.00 (33.30/37.00) | Time Elapsed: 00d 21h 17m | Losses/train_medical_loss: 9.29e+00 (4.39e+01) | Losses/train_medical_val_loss: 0.00e+00 (0.00e+00)
INFO 2026-05-22 03:57:15,708 train_utils.py: 268: Train Epoch: [2][7050/9054] | Batch Time: 2.85 (3.05) | Data Time: 0.00 (0.04) | Mem (GB): 36.00 (33.30/37.00) | Time Elapsed: 00d 21h 19m | Losses/train_medical_loss: 2.31e+01 (4.39e+01) | Losses/train_medical_val_loss: 0.00e+00 (0.00e+00)
INFO 2026-05-22 03:59:33,944 train_utils.py: 268: Train Epoch: [2][7100/9054] | Batch Time: 2.80 (3.04) | Data Time: 0.00 (0.04) | Mem (GB): 36.00 (33.31/37.00) | Time Elapsed: 00d 21h 22m | Losses/train_medical_loss: 2.80e+01 (4.38e+01) | Losses/train_medical_val_loss: 0.00e+00 (0.00e+00)
INFO 2026-05-22 04:02:15,075 train_utils.py: 268: Train Epoch: [2][7150/9054] | Batch Time: 2.88 (3.04) | Data Time: 0.00 (0.04) | Mem (GB): 36.00 (33.31/37.00) | Time Elapsed: 00d 21h 24m | Losses/train_medical_loss: 4.32e+01 (4.39e+01) | Losses/train_medical_val_loss: 0.00e+00 (0.00e+00)
INFO 2026-05-22 04:04:48,752 train_utils.py: 268: Train Epoch: [2][7200/9054] | Batch Time: 2.29 (3.04) | Data Time: 0.00 (0.04) | Mem (GB): 30.00 (33.31/37.00) | Time Elapsed: 00d 21h 27m | Losses/train_medical_loss: 4.48e+01 (4.38e+01) | Losses/train_medical_val_loss: 0.00e+00 (0.00e+00)
INFO 2026-05-22 04:07:08,187 train_utils.py: 268: Train Epoch: [2][7250/9054] | Batch Time: 2.16 (3.04) | Data Time: 0.00 (0.04) | Mem (GB): 25.00 (33.30/37.00) | Time Elapsed: 00d 21h 29m | Losses/train_medical_loss: 1.16e+02 (4.39e+01) | Losses/train_medical_val_loss: 0.00e+00 (0.00e+00)
INFO 2026-05-22 04:09:39,978 train_utils.py: 268: Train Epoch: [2][7300/9054] | Batch Time: 2.83 (3.04) | Data Time: 0.00 (0.04) | Mem (GB): 36.00 (33.30/37.00) | Time Elapsed: 00d 21h 32m | Losses/train_medical_loss: 7.99e+00 (4.39e+01) | Losses/train_medical_val_loss: 0.00e+00 (0.00e+00)
INFO 2026-05-22 04:12:10,807 train_utils.py: 268: Train Epoch: [2][7350/9054] | Batch Time: 2.84 (3.04) | Data Time: 0.00 (0.04) | Mem (GB): 36.00 (33.30/37.00) | Time Elapsed: 00d 21h 34m | Losses/train_medical_loss: 1.38e+01 (4.39e+01) | Losses/train_medical_val_loss: 0.00e+00 (0.00e+00)
INFO 2026-05-22 04:14:41,760 train_utils.py: 268: Train Epoch: [2][7400/9054] | Batch Time: 4.72 (3.04) | Data Time: 0.00 (0.04) | Mem (GB): 36.00 (33.29/37.00) | Time Elapsed: 00d 21h 37m | Losses/train_medical_loss: 6.83e+01 (4.39e+01) | Losses/train_medical_val_loss: 0.00e+00 (0.00e+00)
INFO 2026-05-22 04:17:00,868 train_utils.py: 268: Train Epoch: [2][7450/9054] | Batch Time: 2.83 (3.04) | Data Time: 0.00 (0.04) | Mem (GB): 36.00 (33.29/37.00) | Time Elapsed: 00d 21h 39m | Losses/train_medical_loss: 2.29e+01 (4.39e+01) | Losses/train_medical_val_loss: 0.00e+00 (0.00e+00)
INFO 2026-05-22 04:19:31,786 train_utils.py: 268: Train Epoch: [2][7500/9054] | Batch Time: 3.81 (3.04) | Data Time: 0.00 (0.04) | Mem (GB): 36.00 (33.29/37.00) | Time Elapsed: 00d 21h 42m | Losses/train_medical_loss: 5.99e+01 (4.39e+01) | Losses/train_medical_val_loss: 0.00e+00 (0.00e+00)
INFO 2026-05-22 04:22:16,846 train_utils.py: 268: Train Epoch: [2][7550/9054] | Batch Time: 12.89 (3.04) | Data Time: 0.00 (0.04) | Mem (GB): 36.00 (33.29/37.00) | Time Elapsed: 00d 21h 44m | Losses/train_medical_loss: 2.48e+01 (4.39e+01) | Losses/train_medical_val_loss: 0.00e+00 (0.00e+00)
INFO 2026-05-22 04:24:36,484 train_utils.py: 268: Train Epoch: [2][7600/9054] | Batch Time: 2.80 (3.04) | Data Time: 0.00 (0.04) | Mem (GB): 36.00 (33.29/37.00) | Time Elapsed: 00d 21h 47m | Losses/train_medical_loss: 2.03e+01 (4.39e+01) | Losses/train_medical_val_loss: 0.00e+00 (0.00e+00)
INFO 2026-05-22 04:26:53,315 train_utils.py: 268: Train Epoch: [2][7650/9054] | Batch Time: 2.85 (3.04) | Data Time: 0.00 (0.04) | Mem (GB): 36.00 (33.28/37.00) | Time Elapsed: 00d 21h 49m | Losses/train_medical_loss: 3.67e+01 (4.39e+01) | Losses/train_medical_val_loss: 0.00e+00 (0.00e+00)
INFO 2026-05-22 04:29:29,844 train_utils.py: 268: Train Epoch: [2][7700/9054] | Batch Time: 2.80 (3.04) | Data Time: 0.00 (0.04) | Mem (GB): 36.00 (33.28/37.00) | Time Elapsed: 00d 21h 52m | Losses/train_medical_loss: 8.90e+00 (4.39e+01) | Losses/train_medical_val_loss: 0.00e+00 (0.00e+00)
INFO 2026-05-22 04:32:06,918 train_utils.py: 268: Train Epoch: [2][7750/9054] | Batch Time: 2.82 (3.04) | Data Time: 0.00 (0.04) | Mem (GB): 36.00 (33.28/37.00) | Time Elapsed: 00d 21h 54m | Losses/train_medical_loss: 2.27e+01 (4.39e+01) | Losses/train_medical_val_loss: 0.00e+00 (0.00e+00)
INFO 2026-05-22 04:34:24,620 train_utils.py: 268: Train Epoch: [2][7800/9054] | Batch Time: 1.72 (3.04) | Data Time: 0.00 (0.04) | Mem (GB): 25.00 (33.28/37.00) | Time Elapsed: 00d 21h 57m | Losses/train_medical_loss: 2.84e+01 (4.39e+01) | Losses/train_medical_val_loss: 0.00e+00 (0.00e+00)
INFO 2026-05-22 04:36:58,098 train_utils.py: 268: Train Epoch: [2][7850/9054] | Batch Time: 2.83 (3.04) | Data Time: 0.00 (0.04) | Mem (GB): 36.00 (33.29/37.00) | Time Elapsed: 00d 21h 59m | Losses/train_medical_loss: 4.23e+01 (4.39e+01) | Losses/train_medical_val_loss: 0.00e+00 (0.00e+00)
INFO 2026-05-22 04:39:28,267 train_utils.py: 268: Train Epoch: [2][7900/9054] | Batch Time: 3.69 (3.04) | Data Time: 0.00 (0.04) | Mem (GB): 36.00 (33.28/37.00) | Time Elapsed: 00d 22h 02m | Losses/train_medical_loss: 5.74e+01 (4.40e+01) | Losses/train_medical_val_loss: 0.00e+00 (0.00e+00)
INFO 2026-05-22 04:41:58,848 train_utils.py: 268: Train Epoch: [2][7950/9054] | Batch Time: 4.14 (3.04) | Data Time: 0.00 (0.04) | Mem (GB): 36.00 (33.28/37.00) | Time Elapsed: 00d 22h 04m | Losses/train_medical_loss: 2.91e+01 (4.40e+01) | Losses/train_medical_val_loss: 0.00e+00 (0.00e+00)
INFO 2026-05-22 04:44:23,003 train_utils.py: 268: Train Epoch: [2][8000/9054] | Batch Time: 2.83 (3.04) | Data Time: 0.00 (0.04) | Mem (GB): 36.00 (33.28/37.00) | Time Elapsed: 00d 22h 07m | Losses/train_medical_loss: 7.34e+00 (4.40e+01) | Losses/train_medical_val_loss: 0.00e+00 (0.00e+00)
INFO 2026-05-22 04:46:48,785 train_utils.py: 268: Train Epoch: [2][8050/9054] | Batch Time: 1.50 (3.04) | Data Time: 0.00 (0.04) | Mem (GB): 22.00 (33.28/37.00) | Time Elapsed: 00d 22h 09m | Losses/train_medical_loss: 7.31e+01 (4.39e+01) | Losses/train_medical_val_loss: 0.00e+00 (0.00e+00)
INFO 2026-05-22 04:49:38,623 train_utils.py: 268: Train Epoch: [2][8100/9054] | Batch Time: 2.11 (3.04) | Data Time: 0.00 (0.04) | Mem (GB): 25.00 (33.28/37.00) | Time Elapsed: 00d 22h 12m | Losses/train_medical_loss: 2.33e+01 (4.39e+01) | Losses/train_medical_val_loss: 0.00e+00 (0.00e+00)
INFO 2026-05-22 04:51:56,958 train_utils.py: 268: Train Epoch: [2][8150/9054] | Batch Time: 2.84 (3.04) | Data Time: 0.00 (0.04) | Mem (GB): 36.00 (33.29/37.00) | Time Elapsed: 00d 22h 14m | Losses/train_medical_loss: 2.98e+01 (4.39e+01) | Losses/train_medical_val_loss: 0.00e+00 (0.00e+00)
INFO 2026-05-22 04:54:15,343 train_utils.py: 268: Train Epoch: [2][8200/9054] | Batch Time: 2.84 (3.04) | Data Time: 0.00 (0.04) | Mem (GB): 36.00 (33.29/37.00) | Time Elapsed: 00d 22h 16m | Losses/train_medical_loss: 9.14e+00 (4.39e+01) | Losses/train_medical_val_loss: 0.00e+00 (0.00e+00)
INFO 2026-05-22 04:56:51,883 train_utils.py: 268: Train Epoch: [2][8250/9054] | Batch Time: 2.81 (3.04) | Data Time: 0.00 (0.04) | Mem (GB): 36.00 (33.28/37.00) | Time Elapsed: 00d 22h 19m | Losses/train_medical_loss: 2.62e+01 (4.39e+01) | Losses/train_medical_val_loss: 0.00e+00 (0.00e+00)
INFO 2026-05-22 04:59:29,588 train_utils.py: 268: Train Epoch: [2][8300/9054] | Batch Time: 1.54 (3.04) | Data Time: 0.00 (0.04) | Mem (GB): 22.00 (33.29/37.00) | Time Elapsed: 00d 22h 22m | Losses/train_medical_loss: 6.88e+01 (4.39e+01) | Losses/train_medical_val_loss: 0.00e+00 (0.00e+00)
INFO 2026-05-22 05:03:02,965 train_utils.py: 268: Train Epoch: [2][8350/9054] | Batch Time: 2.84 (3.04) | Data Time: 0.00 (0.04) | Mem (GB): 36.00 (33.30/37.00) | Time Elapsed: 00d 22h 25m | Losses/train_medical_loss: 6.38e+01 (4.39e+01) | Losses/train_medical_val_loss: 0.00e+00 (0.00e+00)
INFO 2026-05-22 05:05:33,676 train_utils.py: 268: Train Epoch: [2][8400/9054] | Batch Time: 2.81 (3.04) | Data Time: 0.00 (0.04) | Mem (GB): 36.00 (33.31/37.00) | Time Elapsed: 00d 22h 28m | Losses/train_medical_loss: 5.14e+01 (4.39e+01) | Losses/train_medical_val_loss: 0.00e+00 (0.00e+00)
INFO 2026-05-22 05:08:05,607 train_utils.py: 268: Train Epoch: [2][8450/9054] | Batch Time: 2.81 (3.04) | Data Time: 0.00 (0.04) | Mem (GB): 36.00 (33.30/37.00) | Time Elapsed: 00d 22h 30m | Losses/train_medical_loss: 1.22e+01 (4.39e+01) | Losses/train_medical_val_loss: 0.00e+00 (0.00e+00)
INFO 2026-05-22 05:10:35,755 train_utils.py: 268: Train Epoch: [2][8500/9054] | Batch Time: 2.85 (3.04) | Data Time: 0.00 (0.04) | Mem (GB): 36.00 (33.30/37.00) | Time Elapsed: 00d 22h 33m | Losses/train_medical_loss: 2.51e+01 (4.39e+01) | Losses/train_medical_val_loss: 0.00e+00 (0.00e+00)
INFO 2026-05-22 05:12:52,976 train_utils.py: 268: Train Epoch: [2][8550/9054] | Batch Time: 2.01 (3.04) | Data Time: 0.00 (0.04) | Mem (GB): 28.00 (33.29/37.00) | Time Elapsed: 00d 22h 35m | Losses/train_medical_loss: 3.05e+01 (4.39e+01) | Losses/train_medical_val_loss: 0.00e+00 (0.00e+00)
INFO 2026-05-22 05:15:34,273 train_utils.py: 268: Train Epoch: [2][8600/9054] | Batch Time: 14.53 (3.04) | Data Time: 0.00 (0.04) | Mem (GB): 36.00 (33.29/37.00) | Time Elapsed: 00d 22h 38m | Losses/train_medical_loss: 4.92e+01 (4.39e+01) | Losses/train_medical_val_loss: 0.00e+00 (0.00e+00)
INFO 2026-05-22 05:18:02,910 train_utils.py: 268: Train Epoch: [2][8650/9054] | Batch Time: 1.99 (3.04) | Data Time: 0.00 (0.04) | Mem (GB): 28.00 (33.29/37.00) | Time Elapsed: 00d 22h 40m | Losses/train_medical_loss: 3.06e+01 (4.39e+01) | Losses/train_medical_val_loss: 0.00e+00 (0.00e+00)
INFO 2026-05-22 05:20:21,679 train_utils.py: 268: Train Epoch: [2][8700/9054] | Batch Time: 2.02 (3.04) | Data Time: 0.00 (0.04) | Mem (GB): 28.00 (33.30/37.00) | Time Elapsed: 00d 22h 43m | Losses/train_medical_loss: 4.42e+01 (4.39e+01) | Losses/train_medical_val_loss: 0.00e+00 (0.00e+00)
INFO 2026-05-22 05:22:40,140 train_utils.py: 268: Train Epoch: [2][8750/9054] | Batch Time: 2.79 (3.04) | Data Time: 0.00 (0.04) | Mem (GB): 36.00 (33.30/37.00) | Time Elapsed: 00d 22h 45m | Losses/train_medical_loss: 8.63e+00 (4.39e+01) | Losses/train_medical_val_loss: 0.00e+00 (0.00e+00)
INFO 2026-05-22 05:25:13,518 train_utils.py: 268: Train Epoch: [2][8800/9054] | Batch Time: 2.80 (3.04) | Data Time: 0.00 (0.04) | Mem (GB): 36.00 (33.30/37.00) | Time Elapsed: 00d 22h 47m | Losses/train_medical_loss: 3.15e+01 (4.38e+01) | Losses/train_medical_val_loss: 0.00e+00 (0.00e+00)
INFO 2026-05-22 05:27:51,501 train_utils.py: 268: Train Epoch: [2][8850/9054] | Batch Time: 2.83 (3.04) | Data Time: 0.00 (0.04) | Mem (GB): 36.00 (33.30/37.00) | Time Elapsed: 00d 22h 50m | Losses/train_medical_loss: 1.29e+01 (4.39e+01) | Losses/train_medical_val_loss: 0.00e+00 (0.00e+00)
INFO 2026-05-22 05:30:10,719 train_utils.py: 268: Train Epoch: [2][8900/9054] | Batch Time: 4.27 (3.04) | Data Time: 0.00 (0.04) | Mem (GB): 36.00 (33.30/37.00) | Time Elapsed: 00d 22h 52m | Losses/train_medical_loss: 6.45e+01 (4.38e+01) | Losses/train_medical_val_loss: 0.00e+00 (0.00e+00)
INFO 2026-05-22 05:32:40,835 train_utils.py: 268: Train Epoch: [2][8950/9054] | Batch Time: 2.82 (3.04) | Data Time: 0.00 (0.04) | Mem (GB): 36.00 (33.30/37.00) | Time Elapsed: 00d 22h 55m | Losses/train_medical_loss: 1.88e+01 (4.38e+01) | Losses/train_medical_val_loss: 0.00e+00 (0.00e+00)
INFO 2026-05-22 05:35:17,582 train_utils.py: 268: Train Epoch: [2][9000/9054] | Batch Time: 2.83 (3.04) | Data Time: 0.00 (0.04) | Mem (GB): 36.00 (33.31/37.00) | Time Elapsed: 00d 22h 57m | Losses/train_medical_loss: 2.03e+01 (4.38e+01) | Losses/train_medical_val_loss: 0.00e+00 (0.00e+00)
INFO 2026-05-22 05:37:47,069 train_utils.py: 268: Train Epoch: [2][9050/9054] | Batch Time: 4.70 (3.04) | Data Time: 0.00 (0.04) | Mem (GB): 36.00 (33.31/37.00) | Time Elapsed: 00d 23h 00m | Losses/train_medical_loss: 4.11e+01 (4.38e+01) | Losses/train_medical_val_loss: 0.00e+00 (0.00e+00)
INFO 2026-05-22 05:37:58,705 trainer.py:1107: Estimated time remaining: 02d 05h 29m
Warning expected instance segmentation size to be [512, 512] but found [1103, 512]
INFO 2026-05-22 05:38:10,783 trainer.py:1049: Synchronizing meters
INFO 2026-05-22 05:38:10,784 trainer.py: 966: Losses and meters: {'Losses/train_medical_loss': 43.79452019798499, 'Losses/train_medical_val_loss': 0, 'Losses/train_medical_loss_bbox': 0.7580216145931234, 'Losses/train_medical_loss_giou': 4.0759264930636006, 'Losses/train_medical_loss_bbox_o2m': 1.3290214885293037, 'Losses/train_medical_loss_giou_o2m': 9.291057535179363, 'Losses/train_medical_loss_ce': 0.6229904504258377, 'Losses/train_medical_ce_f1': 0.8946120490436515, 'Losses/train_medical_presence_loss': 0.00461951557499687, 'Losses/train_medical_presence_dec_acc': 1.0, 'Losses/train_medical_loss_ce_o2m': 1.5422774172464973, 'Losses/train_medical_ce_f1_o2m': 1.3551051788263038, 'Losses/train_medical_presence_loss_o2m': 0.0, 'Losses/train_medical_presence_dec_acc_o2m': 0.0, 'Losses/train_medical_loss_bbox_aux_0': 0.27845134067358435, 'Losses/train_medical_loss_giou_aux_0': 2.044754405051849, 'Losses/train_medical_loss_bbox_aux_0_o2m': 0.5562767897146476, 'Losses/train_medical_loss_giou_aux_0_o2m': 4.0609475810201365, 'Losses/train_medical_loss_ce_aux_0': 0.22414685983235086, 'Losses/train_medical_ce_f1_aux_0': 0.6667322764209047, 'Losses/train_medical_presence_loss_aux_0': 2.2783445928697333e-09, 'Losses/train_medical_presence_dec_acc_aux_0': 1.0, 'Losses/train_medical_loss_ce_aux_0_o2m': 0.4506074696405502, 'Losses/train_medical_ce_f1_aux_0_o2m': 1.3275423127982358, 'Losses/train_medical_presence_loss_aux_0_o2m': 0.0, 'Losses/train_medical_presence_dec_acc_aux_0_o2m': 0.0, 'Losses/train_medical_loss_bbox_aux_1': 0.22873833051814849, 'Losses/train_medical_loss_giou_aux_1': 1.643071570120811, 'Losses/train_medical_loss_bbox_aux_1_o2m': 0.4537937046829284, 'Losses/train_medical_loss_giou_aux_1_o2m': 3.2613888347024265, 'Losses/train_medical_loss_ce_aux_1': 0.19660890133310807, 'Losses/train_medical_ce_f1_aux_1': 0.7755844465465467, 'Losses/train_medical_presence_loss_aux_1': 5.312235417432141e-09, 'Losses/train_medical_presence_dec_acc_aux_1': 1.0, 'Losses/train_medical_loss_ce_aux_1_o2m': 0.39837167990869743, 'Losses/train_medical_ce_f1_aux_1_o2m': 1.523195629222674, 'Losses/train_medical_presence_loss_aux_1_o2m': 0.0, 'Losses/train_medical_presence_dec_acc_aux_1_o2m': 0.0, 'Losses/train_medical_loss_bbox_aux_2': 0.22076198690411966, 'Losses/train_medical_loss_giou_aux_2': 1.5932566195807103, 'Losses/train_medical_loss_bbox_aux_2_o2m': 0.44053144447416553, 'Losses/train_medical_loss_giou_aux_2_o2m': 3.15398761319985, 'Losses/train_medical_loss_ce_aux_2': 0.1922887818495971, 'Losses/train_medical_ce_f1_aux_2': 0.7882340243967215, 'Losses/train_medical_presence_loss_aux_2': 2.5158741753547745e-09, 'Losses/train_medical_presence_dec_acc_aux_2': 1.0, 'Losses/train_medical_loss_ce_aux_2_o2m': 0.39376428445413664, 'Losses/train_medical_ce_f1_aux_2_o2m': 1.538121642606336, 'Losses/train_medical_presence_loss_aux_2_o2m': 0.0, 'Losses/train_medical_presence_dec_acc_aux_2_o2m': 0.0, 'Losses/train_medical_loss_bbox_aux_3': 0.21788767027395733, 'Losses/train_medical_loss_giou_aux_3': 1.5749306356310768, 'Losses/train_medical_loss_bbox_aux_3_o2m': 0.4342508620697426, 'Losses/train_medical_loss_giou_aux_3_o2m': 3.1170980097409955, 'Losses/train_medical_loss_ce_aux_3': 0.19095281653564836, 'Losses/train_medical_ce_f1_aux_3': 0.7908757447553318, 'Losses/train_medical_presence_loss_aux_3': 2.5001553646368323e-09, 'Losses/train_medical_presence_dec_acc_aux_3': 1.0, 'Losses/train_medical_loss_ce_aux_3_o2m': 0.3928328823293348, 'Losses/train_medical_ce_f1_aux_3_o2m': 1.5404174212999346, 'Losses/train_medical_presence_loss_aux_3_o2m': 0.0, 'Losses/train_medical_presence_dec_acc_aux_3_o2m': 0.0, 'Losses/train_medical_loss_bbox_aux_4': 0.21388771617812224, 'Losses/train_medical_loss_giou_aux_4': 1.553985779872956, 'Losses/train_medical_loss_bbox_aux_4_o2m': 0.426289061888915, 'Losses/train_medical_loss_giou_aux_4_o2m': 3.069798262909267, 'Losses/train_medical_loss_ce_aux_4': 0.19031479559371556, 'Losses/train_medical_ce_f1_aux_4': 0.7899864490361799, 'Losses/train_medical_presence_loss_aux_4': 4.730759042429815e-09, 'Losses/train_medical_presence_dec_acc_aux_4': 1.0, 'Losses/train_medical_loss_ce_aux_4_o2m': 0.3939578017413433, 'Losses/train_medical_ce_f1_aux_4_o2m': 1.534982977857308, 'Losses/train_medical_presence_loss_aux_4_o2m': 0.0, 'Losses/train_medical_presence_dec_acc_aux_4_o2m': 0.0, 'Losses/train_medical_core_loss': 43.79452019798499, 'Losses/train_medical_loss_semantic_presence': 0.1367191458722022, 'Losses/train_medical_presence_acc': 1.0, 'Losses/train_medical_loss_semantic_seg': 0.14996610531699087, 'Losses/train_medical_loss_semantic_dice': 3.669754267515072, 'Losses/train_medical_miou_semantic_seg': 0.6685083937990497, 'Confidence/train_mean_obj_confidence': 0.9909254902330209, 'Trainer/where': 0.2999889551579412, 'Trainer/epoch': 2, 'Trainer/steps_train': 27162}
INFO 2026-05-22 05:40:36,554 train_utils.py: 268: Train Epoch: [3][   0/9054] | Batch Time: 118.46 (118.46) | Data Time: 116.66 (116.66) | Mem (GB): 25.00 (25.00/25.00) | Time Elapsed: 00d 23h 03m | Losses/train_medical_loss: 5.63e+01 (5.63e+01) | Losses/train_medical_val_loss: 0.00e+00 (0.00e+00)
INFO 2026-05-22 05:42:57,384 train_utils.py: 268: Train Epoch: [3][  50/9054] | Batch Time: 2.26 (5.08) | Data Time: 0.00 (2.38) | Mem (GB): 30.00 (33.71/36.00) | Time Elapsed: 00d 23h 05m | Losses/train_medical_loss: 6.42e+01 (5.20e+01) | Losses/train_medical_val_loss: 0.00e+00 (0.00e+00)
INFO 2026-05-22 05:45:22,779 train_utils.py: 268: Train Epoch: [3][ 100/9054] | Batch Time: 2.80 (4.01) | Data Time: 0.00 (1.20) | Mem (GB): 36.00 (33.03/36.00) | Time Elapsed: 00d 23h 08m | Losses/train_medical_loss: 9.16e+01 (5.07e+01) | Losses/train_medical_val_loss: 0.00e+00 (0.00e+00)
INFO 2026-05-22 05:47:39,813 train_utils.py: 268: Train Epoch: [3][ 150/9054] | Batch Time: 2.51 (3.59) | Data Time: 0.00 (0.81) | Mem (GB): 33.00 (33.03/36.00) | Time Elapsed: 00d 23h 10m | Losses/train_medical_loss: 4.95e+01 (4.76e+01) | Losses/train_medical_val_loss: 0.00e+00 (0.00e+00)
INFO 2026-05-22 05:50:22,590 train_utils.py: 268: Train Epoch: [3][ 200/9054] | Batch Time: 2.77 (3.50) | Data Time: 0.00 (0.61) | Mem (GB): 36.00 (33.05/36.00) | Time Elapsed: 00d 23h 13m | Losses/train_medical_loss: 8.83e+01 (4.78e+01) | Losses/train_medical_val_loss: 0.00e+00 (0.00e+00)
INFO 2026-05-22 05:52:44,640 train_utils.py: 268: Train Epoch: [3][ 250/9054] | Batch Time: 4.15 (3.37) | Data Time: 0.00 (0.48) | Mem (GB): 36.00 (32.69/36.00) | Time Elapsed: 00d 23h 15m | Losses/train_medical_loss: 2.78e+01 (4.66e+01) | Losses/train_medical_val_loss: 0.00e+00 (0.00e+00)
INFO 2026-05-22 05:55:03,678 train_utils.py: 268: Train Epoch: [3][ 300/9054] | Batch Time: 2.83 (3.27) | Data Time: 0.00 (0.40) | Mem (GB): 36.00 (32.62/37.00) | Time Elapsed: 00d 23h 17m | Losses/train_medical_loss: 4.51e+01 (4.60e+01) | Losses/train_medical_val_loss: 0.00e+00 (0.00e+00)
INFO 2026-05-22 05:57:21,815 train_utils.py: 268: Train Epoch: [3][ 350/9054] | Batch Time: 2.78 (3.20) | Data Time: 0.00 (0.35) | Mem (GB): 36.00 (32.90/37.00) | Time Elapsed: 00d 23h 20m | Losses/train_medical_loss: 1.03e+01 (4.53e+01) | Losses/train_medical_val_loss: 0.00e+00 (0.00e+00)
INFO 2026-05-22 06:00:04,152 train_utils.py: 268: Train Epoch: [3][ 400/9054] | Batch Time: 2.83 (3.21) | Data Time: 0.00 (0.30) | Mem (GB): 36.00 (33.06/37.00) | Time Elapsed: 00d 23h 22m | Losses/train_medical_loss: 2.79e+01 (4.42e+01) | Losses/train_medical_val_loss: 0.00e+00 (0.00e+00)
INFO 2026-05-22 06:02:22,636 train_utils.py: 268: Train Epoch: [3][ 450/9054] | Batch Time: 2.82 (3.16) | Data Time: 0.00 (0.27) | Mem (GB): 36.00 (33.08/37.00) | Time Elapsed: 00d 23h 25m | Losses/train_medical_loss: 4.99e+01 (4.39e+01) | Losses/train_medical_val_loss: 0.00e+00 (0.00e+00)
INFO 2026-05-22 06:04:40,679 train_utils.py: 268: Train Epoch: [3][ 500/9054] | Batch Time: 2.80 (3.12) | Data Time: 0.00 (0.24) | Mem (GB): 36.00 (32.99/37.00) | Time Elapsed: 00d 23h 27m | Losses/train_medical_loss: 3.49e+01 (4.36e+01) | Losses/train_medical_val_loss: 0.00e+00 (0.00e+00)
INFO 2026-05-22 06:06:58,284 train_utils.py: 268: Train Epoch: [3][ 550/9054] | Batch Time: 2.81 (3.09) | Data Time: 0.00 (0.22) | Mem (GB): 36.00 (32.98/37.00) | Time Elapsed: 00d 23h 29m | Losses/train_medical_loss: 5.02e+01 (4.38e+01) | Losses/train_medical_val_loss: 0.00e+00 (0.00e+00)
INFO 2026-05-22 06:09:47,810 train_utils.py: 268: Train Epoch: [3][ 600/9054] | Batch Time: 3.17 (3.11) | Data Time: 0.00 (0.20) | Mem (GB): 28.00 (32.85/37.00) | Time Elapsed: 00d 23h 32m | Losses/train_medical_loss: 9.37e+01 (4.35e+01) | Losses/train_medical_val_loss: 0.00e+00 (0.00e+00)
INFO 2026-05-22 06:12:10,772 train_utils.py: 268: Train Epoch: [3][ 650/9054] | Batch Time: 3.67 (3.09) | Data Time: 0.00 (0.19) | Mem (GB): 36.00 (32.83/37.00) | Time Elapsed: 00d 23h 34m | Losses/train_medical_loss: 2.76e+01 (4.35e+01) | Losses/train_medical_val_loss: 0.00e+00 (0.00e+00)
INFO 2026-05-22 06:14:31,056 train_utils.py: 268: Train Epoch: [3][ 700/9054] | Batch Time: 1.49 (3.07) | Data Time: 0.00 (0.17) | Mem (GB): 22.00 (32.93/37.00) | Time Elapsed: 00d 23h 37m | Losses/train_medical_loss: 4.74e+01 (4.32e+01) | Losses/train_medical_val_loss: 0.00e+00 (0.00e+00)
INFO 2026-05-22 06:17:25,398 train_utils.py: 268: Train Epoch: [3][ 750/9054] | Batch Time: 2.84 (3.10) | Data Time: 0.00 (0.16) | Mem (GB): 36.00 (32.96/37.00) | Time Elapsed: 00d 23h 40m | Losses/train_medical_loss: 1.31e+01 (4.33e+01) | Losses/train_medical_val_loss: 0.00e+00 (0.00e+00)
INFO 2026-05-22 06:19:48,438 train_utils.py: 268: Train Epoch: [3][ 800/9054] | Batch Time: 2.84 (3.08) | Data Time: 0.00 (0.15) | Mem (GB): 36.00 (33.04/37.00) | Time Elapsed: 00d 23h 42m | Losses/train_medical_loss: 3.09e+01 (4.34e+01) | Losses/train_medical_val_loss: 0.00e+00 (0.00e+00)
INFO 2026-05-22 06:22:06,564 train_utils.py: 268: Train Epoch: [3][ 850/9054] | Batch Time: 2.81 (3.07) | Data Time: 0.00 (0.14) | Mem (GB): 36.00 (33.05/37.00) | Time Elapsed: 00d 23h 44m | Losses/train_medical_loss: 4.20e+01 (4.35e+01) | Losses/train_medical_val_loss: 0.00e+00 (0.00e+00)
INFO 2026-05-22 06:24:24,404 train_utils.py: 268: Train Epoch: [3][ 900/9054] | Batch Time: 3.66 (3.05) | Data Time: 0.00 (0.14) | Mem (GB): 36.00 (33.11/37.00) | Time Elapsed: 00d 23h 47m | Losses/train_medical_loss: 5.78e+01 (4.36e+01) | Losses/train_medical_val_loss: 0.00e+00 (0.00e+00)
INFO 2026-05-22 06:27:18,648 train_utils.py: 268: Train Epoch: [3][ 950/9054] | Batch Time: 2.84 (3.07) | Data Time: 0.00 (0.13) | Mem (GB): 36.00 (33.14/37.00) | Time Elapsed: 00d 23h 49m | Losses/train_medical_loss: 2.75e+01 (4.37e+01) | Losses/train_medical_val_loss: 0.00e+00 (0.00e+00)
INFO 2026-05-22 06:29:41,601 train_utils.py: 268: Train Epoch: [3][1000/9054] | Batch Time: 2.83 (3.06) | Data Time: 0.00 (0.12) | Mem (GB): 36.00 (33.21/37.00) | Time Elapsed: 00d 23h 52m | Losses/train_medical_loss: 4.81e+01 (4.37e+01) | Losses/train_medical_val_loss: 0.00e+00 (0.00e+00)
INFO 2026-05-22 06:32:04,421 train_utils.py: 268: Train Epoch: [3][1050/9054] | Batch Time: 2.55 (3.05) | Data Time: 0.00 (0.12) | Mem (GB): 33.00 (33.27/37.00) | Time Elapsed: 00d 23h 54m | Losses/train_medical_loss: 5.70e+01 (4.35e+01) | Losses/train_medical_val_loss: 0.00e+00 (0.00e+00)
INFO 2026-05-22 06:34:29,630 train_utils.py: 268: Train Epoch: [3][1100/9054] | Batch Time: 1.25 (3.04) | Data Time: 0.00 (0.11) | Mem (GB): 20.00 (33.28/37.00) | Time Elapsed: 00d 23h 57m | Losses/train_medical_loss: 1.07e+02 (4.35e+01) | Losses/train_medical_val_loss: 0.00e+00 (0.00e+00)
INFO 2026-05-22 06:37:14,508 train_utils.py: 268: Train Epoch: [3][1150/9054] | Batch Time: 2.81 (3.06) | Data Time: 0.00 (0.11) | Mem (GB): 36.00 (33.31/37.00) | Time Elapsed: 00d 23h 59m | Losses/train_medical_loss: 1.61e+01 (4.34e+01) | Losses/train_medical_val_loss: 0.00e+00 (0.00e+00)
INFO 2026-05-22 06:39:32,065 train_utils.py: 268: Train Epoch: [3][1200/9054] | Batch Time: 2.80 (3.04) | Data Time: 0.00 (0.10) | Mem (GB): 36.00 (33.34/37.00) | Time Elapsed: 01d 00h 02m | Losses/train_medical_loss: 8.53e+01 (4.32e+01) | Losses/train_medical_val_loss: 0.00e+00 (0.00e+00)
INFO 2026-05-22 06:41:50,937 train_utils.py: 268: Train Epoch: [3][1250/9054] | Batch Time: 2.86 (3.03) | Data Time: 0.00 (0.10) | Mem (GB): 36.00 (33.28/37.00) | Time Elapsed: 01d 00h 04m | Losses/train_medical_loss: 2.66e+01 (4.31e+01) | Losses/train_medical_val_loss: 0.00e+00 (0.00e+00)
INFO 2026-05-22 06:44:32,671 train_utils.py: 268: Train Epoch: [3][1300/9054] | Batch Time: 1.76 (3.04) | Data Time: 0.00 (0.09) | Mem (GB): 25.00 (33.29/37.00) | Time Elapsed: 01d 00h 07m | Losses/train_medical_loss: 2.59e+01 (4.29e+01) | Losses/train_medical_val_loss: 0.00e+00 (0.00e+00)
INFO 2026-05-22 06:46:53,138 train_utils.py: 268: Train Epoch: [3][1350/9054] | Batch Time: 2.81 (3.03) | Data Time: 0.00 (0.09) | Mem (GB): 36.00 (33.29/37.00) | Time Elapsed: 01d 00h 09m | Losses/train_medical_loss: 4.88e+01 (4.31e+01) | Losses/train_medical_val_loss: 0.00e+00 (0.00e+00)
INFO 2026-05-22 06:49:13,731 train_utils.py: 268: Train Epoch: [3][1400/9054] | Batch Time: 2.80 (3.02) | Data Time: 0.00 (0.09) | Mem (GB): 36.00 (33.29/37.00) | Time Elapsed: 01d 00h 11m | Losses/train_medical_loss: 3.69e+01 (4.28e+01) | Losses/train_medical_val_loss: 0.00e+00 (0.00e+00)
INFO 2026-05-22 06:51:31,708 train_utils.py: 268: Train Epoch: [3][1450/9054] | Batch Time: 2.81 (3.01) | Data Time: 0.00 (0.09) | Mem (GB): 36.00 (33.29/37.00) | Time Elapsed: 01d 00h 14m | Losses/train_medical_loss: 3.30e+01 (4.26e+01) | Losses/train_medical_val_loss: 0.00e+00 (0.00e+00)
INFO 2026-05-22 06:54:22,273 train_utils.py: 268: Train Epoch: [3][1500/9054] | Batch Time: 2.83 (3.03) | Data Time: 0.00 (0.09) | Mem (GB): 36.00 (33.31/37.00) | Time Elapsed: 01d 00h 17m | Losses/train_medical_loss: 6.76e+00 (4.25e+01) | Losses/train_medical_val_loss: 0.00e+00 (0.00e+00)
INFO 2026-05-22 06:56:37,722 train_utils.py: 268: Train Epoch: [3][1550/9054] | Batch Time: 2.80 (3.02) | Data Time: 0.00 (0.08) | Mem (GB): 36.00 (33.30/37.00) | Time Elapsed: 01d 00h 19m | Losses/train_medical_loss: 3.31e+01 (4.24e+01) | Losses/train_medical_val_loss: 0.00e+00 (0.00e+00)
INFO 2026-05-22 06:58:54,911 train_utils.py: 268: Train Epoch: [3][1600/9054] | Batch Time: 1.22 (3.01) | Data Time: 0.00 (0.08) | Mem (GB): 20.00 (33.26/37.00) | Time Elapsed: 01d 00h 21m | Losses/train_medical_loss: 1.13e+02 (4.22e+01) | Losses/train_medical_val_loss: 0.00e+00 (0.00e+00)
INFO 2026-05-22 07:01:33,667 train_utils.py: 268: Train Epoch: [3][1650/9054] | Batch Time: 2.78 (3.01) | Data Time: 0.00 (0.08) | Mem (GB): 36.00 (33.27/37.00) | Time Elapsed: 01d 00h 24m | Losses/train_medical_loss: 1.95e+01 (4.20e+01) | Losses/train_medical_val_loss: 0.00e+00 (0.00e+00)
INFO 2026-05-22 07:04:12,968 train_utils.py: 268: Train Epoch: [3][1700/9054] | Batch Time: 1.48 (3.02) | Data Time: 0.00 (0.08) | Mem (GB): 22.00 (33.29/37.00) | Time Elapsed: 01d 00h 26m | Losses/train_medical_loss: 3.88e+01 (4.20e+01) | Losses/train_medical_val_loss: 0.00e+00 (0.00e+00)
INFO 2026-05-22 07:06:30,393 train_utils.py: 268: Train Epoch: [3][1750/9054] | Batch Time: 2.55 (3.01) | Data Time: 0.00 (0.07) | Mem (GB): 33.00 (33.27/37.00) | Time Elapsed: 01d 00h 29m | Losses/train_medical_loss: 1.09e+02 (4.20e+01) | Losses/train_medical_val_loss: 0.00e+00 (0.00e+00)
INFO 2026-05-22 07:08:48,085 train_utils.py: 268: Train Epoch: [3][1800/9054] | Batch Time: 2.85 (3.00) | Data Time: 0.00 (0.07) | Mem (GB): 36.00 (33.27/37.00) | Time Elapsed: 01d 00h 31m | Losses/train_medical_loss: 1.92e+01 (4.21e+01) | Losses/train_medical_val_loss: 0.00e+00 (0.00e+00)
INFO 2026-05-22 07:11:42,295 train_utils.py: 268: Train Epoch: [3][1850/9054] | Batch Time: 2.78 (3.02) | Data Time: 0.00 (0.07) | Mem (GB): 36.00 (33.32/37.00) | Time Elapsed: 01d 00h 34m | Losses/train_medical_loss: 9.16e+01 (4.20e+01) | Losses/train_medical_val_loss: 0.00e+00 (0.00e+00)
INFO 2026-05-22 07:14:00,510 train_utils.py: 268: Train Epoch: [3][1900/9054] | Batch Time: 1.76 (3.01) | Data Time: 0.00 (0.07) | Mem (GB): 25.00 (33.33/37.00) | Time Elapsed: 01d 00h 36m | Losses/train_medical_loss: 4.57e+01 (4.22e+01) | Losses/train_medical_val_loss: 0.00e+00 (0.00e+00)
INFO 2026-05-22 07:16:20,771 train_utils.py: 268: Train Epoch: [3][1950/9054] | Batch Time: 2.82 (3.00) | Data Time: 0.00 (0.07) | Mem (GB): 36.00 (33.34/37.00) | Time Elapsed: 01d 00h 39m | Losses/train_medical_loss: 1.44e+01 (4.25e+01) | Losses/train_medical_val_loss: 0.00e+00 (0.00e+00)
INFO 2026-05-22 07:18:49,682 train_utils.py: 268: Train Epoch: [3][2000/9054] | Batch Time: 0.88 (3.00) | Data Time: 0.00 (0.06) | Mem (GB): 19.00 (33.35/37.00) | Time Elapsed: 01d 00h 41m | Losses/train_medical_loss: 1.26e+01 (4.24e+01) | Losses/train_medical_val_loss: 0.00e+00 (0.00e+00)
INFO 2026-05-22 07:21:32,409 train_utils.py: 268: Train Epoch: [3][2050/9054] | Batch Time: 1.48 (3.01) | Data Time: 0.00 (0.07) | Mem (GB): 22.00 (33.35/37.00) | Time Elapsed: 01d 00h 44m | Losses/train_medical_loss: 8.73e+01 (4.25e+01) | Losses/train_medical_val_loss: 0.00e+00 (0.00e+00)
INFO 2026-05-22 07:23:51,275 train_utils.py: 268: Train Epoch: [3][2100/9054] | Batch Time: 4.04 (3.00) | Data Time: 0.00 (0.06) | Mem (GB): 36.00 (33.34/37.00) | Time Elapsed: 01d 00h 46m | Losses/train_medical_loss: 3.48e+01 (4.26e+01) | Losses/train_medical_val_loss: 0.00e+00 (0.00e+00)
INFO 2026-05-22 07:26:09,477 train_utils.py: 268: Train Epoch: [3][2150/9054] | Batch Time: 2.86 (3.00) | Data Time: 0.00 (0.06) | Mem (GB): 36.00 (33.33/37.00) | Time Elapsed: 01d 00h 48m | Losses/train_medical_loss: 5.34e+01 (4.26e+01) | Losses/train_medical_val_loss: 0.00e+00 (0.00e+00)
INFO 2026-05-22 07:28:40,535 train_utils.py: 268: Train Epoch: [3][2200/9054] | Batch Time: 2.28 (3.00) | Data Time: 0.00 (0.06) | Mem (GB): 30.00 (33.32/37.00) | Time Elapsed: 01d 00h 51m | Losses/train_medical_loss: 3.27e+01 (4.25e+01) | Losses/train_medical_val_loss: 0.00e+00 (0.00e+00)
INFO 2026-05-22 07:31:30,663 train_utils.py: 268: Train Epoch: [3][2250/9054] | Batch Time: 2.84 (3.01) | Data Time: 0.00 (0.06) | Mem (GB): 36.00 (33.34/37.00) | Time Elapsed: 01d 00h 54m | Losses/train_medical_loss: 2.63e+01 (4.24e+01) | Losses/train_medical_val_loss: 0.00e+00 (0.00e+00)
INFO 2026-05-22 07:33:47,178 train_utils.py: 268: Train Epoch: [3][2300/9054] | Batch Time: 2.85 (3.00) | Data Time: 0.00 (0.06) | Mem (GB): 36.00 (33.35/37.00) | Time Elapsed: 01d 00h 56m | Losses/train_medical_loss: 4.69e+01 (4.24e+01) | Losses/train_medical_val_loss: 0.00e+00 (0.00e+00)
INFO 2026-05-22 07:36:05,891 train_utils.py: 268: Train Epoch: [3][2350/9054] | Batch Time: 3.94 (3.00) | Data Time: 0.00 (0.06) | Mem (GB): 36.00 (33.33/37.00) | Time Elapsed: 01d 00h 58m | Losses/train_medical_loss: 4.03e+01 (4.23e+01) | Losses/train_medical_val_loss: 0.00e+00 (0.00e+00)
INFO 2026-05-22 07:38:49,348 train_utils.py: 268: Train Epoch: [3][2400/9054] | Batch Time: 2.83 (3.00) | Data Time: 0.00 (0.06) | Mem (GB): 36.00 (33.34/37.00) | Time Elapsed: 01d 01h 01m | Losses/train_medical_loss: 1.97e+01 (4.23e+01) | Losses/train_medical_val_loss: 0.00e+00 (0.00e+00)
INFO 2026-05-22 07:41:19,243 train_utils.py: 268: Train Epoch: [3][2450/9054] | Batch Time: 2.80 (3.00) | Data Time: 0.00 (0.06) | Mem (GB): 36.00 (33.35/37.00) | Time Elapsed: 01d 01h 03m | Losses/train_medical_loss: 1.29e+01 (4.22e+01) | Losses/train_medical_val_loss: 0.00e+00 (0.00e+00)
INFO 2026-05-22 07:43:36,608 train_utils.py: 268: Train Epoch: [3][2500/9054] | Batch Time: 2.82 (3.00) | Data Time: 0.00 (0.06) | Mem (GB): 36.00 (33.32/37.00) | Time Elapsed: 01d 01h 06m | Losses/train_medical_loss: 6.29e+00 (4.22e+01) | Losses/train_medical_val_loss: 0.00e+00 (0.00e+00)
INFO 2026-05-22 07:46:04,068 train_utils.py: 268: Train Epoch: [3][2550/9054] | Batch Time: 14.42 (3.00) | Data Time: 0.00 (0.06) | Mem (GB): 36.00 (33.30/37.00) | Time Elapsed: 01d 01h 08m | Losses/train_medical_loss: 4.47e+01 (4.24e+01) | Losses/train_medical_val_loss: 0.00e+00 (0.00e+00)
INFO 2026-05-22 07:48:44,757 train_utils.py: 268: Train Epoch: [3][2600/9054] | Batch Time: 1.48 (3.00) | Data Time: 0.00 (0.05) | Mem (GB): 22.00 (33.32/37.00) | Time Elapsed: 01d 01h 11m | Losses/train_medical_loss: 5.60e+01 (4.23e+01) | Losses/train_medical_val_loss: 0.00e+00 (0.00e+00)
INFO 2026-05-22 07:51:12,241 train_utils.py: 268: Train Epoch: [3][2650/9054] | Batch Time: 3.59 (3.00) | Data Time: 0.00 (0.05) | Mem (GB): 36.00 (33.30/37.00) | Time Elapsed: 01d 01h 13m | Losses/train_medical_loss: 6.41e+01 (4.22e+01) | Losses/train_medical_val_loss: 0.00e+00 (0.00e+00)
INFO 2026-05-22 07:53:31,258 train_utils.py: 268: Train Epoch: [3][2700/9054] | Batch Time: 3.36 (3.00) | Data Time: 0.00 (0.05) | Mem (GB): 36.00 (33.26/37.00) | Time Elapsed: 01d 01h 16m | Losses/train_medical_loss: 3.61e+01 (4.23e+01) | Losses/train_medical_val_loss: 0.00e+00 (0.00e+00)
INFO 2026-05-22 07:56:11,696 train_utils.py: 268: Train Epoch: [3][2750/9054] | Batch Time: 2.83 (3.00) | Data Time: 0.00 (0.05) | Mem (GB): 36.00 (33.28/37.00) | Time Elapsed: 01d 01h 18m | Losses/train_medical_loss: 7.15e+01 (4.23e+01) | Losses/train_medical_val_loss: 0.00e+00 (0.00e+00)
INFO 2026-05-22 07:58:41,145 train_utils.py: 268: Train Epoch: [3][2800/9054] | Batch Time: 2.30 (3.00) | Data Time: 0.00 (0.05) | Mem (GB): 30.00 (33.28/37.00) | Time Elapsed: 01d 01h 21m | Losses/train_medical_loss: 6.70e+01 (4.23e+01) | Losses/train_medical_val_loss: 0.00e+00 (0.00e+00)
INFO 2026-05-22 08:01:07,838 train_utils.py: 268: Train Epoch: [3][2850/9054] | Batch Time: 1.50 (3.00) | Data Time: 0.00 (0.05) | Mem (GB): 22.00 (33.29/37.00) | Time Elapsed: 01d 01h 23m | Losses/train_medical_loss: 5.08e+01 (4.22e+01) | Losses/train_medical_val_loss: 0.00e+00 (0.00e+00)
INFO 2026-05-22 08:03:27,774 train_utils.py: 268: Train Epoch: [3][2900/9054] | Batch Time: 2.80 (3.00) | Data Time: 0.00 (0.05) | Mem (GB): 36.00 (33.29/37.00) | Time Elapsed: 01d 01h 26m | Losses/train_medical_loss: 4.99e+01 (4.21e+01) | Losses/train_medical_val_loss: 0.00e+00 (0.00e+00)
INFO 2026-05-22 08:06:10,217 train_utils.py: 268: Train Epoch: [3][2950/9054] | Batch Time: 2.79 (3.00) | Data Time: 0.00 (0.05) | Mem (GB): 36.00 (33.29/37.00) | Time Elapsed: 01d 01h 28m | Losses/train_medical_loss: 2.00e+01 (4.21e+01) | Losses/train_medical_val_loss: 0.00e+00 (0.00e+00)
INFO 2026-05-22 08:08:39,127 train_utils.py: 268: Train Epoch: [3][3000/9054] | Batch Time: 2.84 (3.00) | Data Time: 0.00 (0.05) | Mem (GB): 36.00 (33.29/37.00) | Time Elapsed: 01d 01h 31m | Losses/train_medical_loss: 2.01e+01 (4.23e+01) | Losses/train_medical_val_loss: 0.00e+00 (0.00e+00)
INFO 2026-05-22 08:10:56,197 train_utils.py: 268: Train Epoch: [3][3050/9054] | Batch Time: 2.80 (3.00) | Data Time: 0.00 (0.05) | Mem (GB): 36.00 (33.30/37.00) | Time Elapsed: 01d 01h 33m | Losses/train_medical_loss: 2.08e+01 (4.23e+01) | Losses/train_medical_val_loss: 0.00e+00 (0.00e+00)
INFO 2026-05-22 08:13:37,998 train_utils.py: 268: Train Epoch: [3][3100/9054] | Batch Time: 2.82 (3.00) | Data Time: 0.00 (0.05) | Mem (GB): 36.00 (33.29/37.00) | Time Elapsed: 01d 01h 36m | Losses/train_medical_loss: 2.28e+01 (4.23e+01) | Losses/train_medical_val_loss: 0.00e+00 (0.00e+00)
INFO 2026-05-22 08:16:08,575 train_utils.py: 268: Train Epoch: [3][3150/9054] | Batch Time: 2.81 (3.00) | Data Time: 0.00 (0.05) | Mem (GB): 36.00 (33.27/37.00) | Time Elapsed: 01d 01h 38m | Losses/train_medical_loss: 4.14e+01 (4.23e+01) | Losses/train_medical_val_loss: 0.00e+00 (0.00e+00)
INFO 2026-05-22 08:18:26,899 train_utils.py: 268: Train Epoch: [3][3200/9054] | Batch Time: 2.56 (3.00) | Data Time: 0.00 (0.05) | Mem (GB): 33.00 (33.28/37.00) | Time Elapsed: 01d 01h 41m | Losses/train_medical_loss: 3.91e+01 (4.24e+01) | Losses/train_medical_val_loss: 0.00e+00 (0.00e+00)
INFO 2026-05-22 08:20:44,364 train_utils.py: 268: Train Epoch: [3][3250/9054] | Batch Time: 2.29 (2.99) | Data Time: 0.00 (0.04) | Mem (GB): 30.00 (33.27/37.00) | Time Elapsed: 01d 01h 43m | Losses/train_medical_loss: 3.61e+01 (4.24e+01) | Losses/train_medical_val_loss: 0.00e+00 (0.00e+00)
INFO 2026-05-22 08:23:27,370 train_utils.py: 268: Train Epoch: [3][3300/9054] | Batch Time: 2.82 (3.00) | Data Time: 0.00 (0.04) | Mem (GB): 36.00 (33.27/37.00) | Time Elapsed: 01d 01h 46m | Losses/train_medical_loss: 8.08e+01 (4.24e+01) | Losses/train_medical_val_loss: 0.00e+00 (0.00e+00)
INFO 2026-05-22 08:25:57,921 train_utils.py: 268: Train Epoch: [3][3350/9054] | Batch Time: 2.81 (3.00) | Data Time: 0.00 (0.04) | Mem (GB): 36.00 (33.27/37.00) | Time Elapsed: 01d 01h 48m | Losses/train_medical_loss: 3.23e+01 (4.24e+01) | Losses/train_medical_val_loss: 0.00e+00 (0.00e+00)
INFO 2026-05-22 08:28:18,181 train_utils.py: 268: Train Epoch: [3][3400/9054] | Batch Time: 2.82 (2.99) | Data Time: 0.00 (0.04) | Mem (GB): 36.00 (33.26/37.00) | Time Elapsed: 01d 01h 50m | Losses/train_medical_loss: 1.54e+01 (4.25e+01) | Losses/train_medical_val_loss: 0.00e+00 (0.00e+00)
INFO 2026-05-22 08:30:33,911 train_utils.py: 268: Train Epoch: [3][3450/9054] | Batch Time: 1.52 (2.99) | Data Time: 0.00 (0.04) | Mem (GB): 22.00 (33.27/37.00) | Time Elapsed: 01d 01h 53m | Losses/train_medical_loss: 5.10e+01 (4.25e+01) | Losses/train_medical_val_loss: 0.00e+00 (0.00e+00)
INFO 2026-05-22 08:33:16,194 train_utils.py: 268: Train Epoch: [3][3500/9054] | Batch Time: 3.60 (2.99) | Data Time: 0.00 (0.04) | Mem (GB): 36.00 (33.26/37.00) | Time Elapsed: 01d 01h 55m | Losses/train_medical_loss: 3.31e+01 (4.25e+01) | Losses/train_medical_val_loss: 0.00e+00 (0.00e+00)
INFO 2026-05-22 08:35:45,899 train_utils.py: 268: Train Epoch: [3][3550/9054] | Batch Time: 4.12 (2.99) | Data Time: 0.00 (0.04) | Mem (GB): 36.00 (33.28/37.00) | Time Elapsed: 01d 01h 58m | Losses/train_medical_loss: 5.62e+00 (4.25e+01) | Losses/train_medical_val_loss: 0.00e+00 (0.00e+00)
INFO 2026-05-22 08:38:05,296 train_utils.py: 268: Train Epoch: [3][3600/9054] | Batch Time: 2.81 (2.99) | Data Time: 0.00 (0.04) | Mem (GB): 36.00 (33.28/37.00) | Time Elapsed: 01d 02h 00m | Losses/train_medical_loss: 2.73e+01 (4.25e+01) | Losses/train_medical_val_loss: 0.00e+00 (0.00e+00)
INFO 2026-05-22 08:40:39,237 train_utils.py: 268: Train Epoch: [3][3650/9054] | Batch Time: 2.81 (2.99) | Data Time: 0.00 (0.04) | Mem (GB): 36.00 (33.28/37.00) | Time Elapsed: 01d 02h 03m | Losses/train_medical_loss: 3.23e+01 (4.25e+01) | Losses/train_medical_val_loss: 0.00e+00 (0.00e+00)
INFO 2026-05-22 08:43:21,049 train_utils.py: 268: Train Epoch: [3][3700/9054] | Batch Time: 3.04 (2.99) | Data Time: 0.00 (0.04) | Mem (GB): 36.00 (33.27/37.00) | Time Elapsed: 01d 02h 06m | Losses/train_medical_loss: 2.35e+01 (4.25e+01) | Losses/train_medical_val_loss: 0.00e+00 (0.00e+00)
INFO 2026-05-22 08:45:37,726 train_utils.py: 268: Train Epoch: [3][3750/9054] | Batch Time: 2.70 (2.99) | Data Time: 0.00 (0.04) | Mem (GB): 22.00 (33.26/37.00) | Time Elapsed: 01d 02h 08m | Losses/train_medical_loss: 5.08e+01 (4.25e+01) | Losses/train_medical_val_loss: 0.00e+00 (0.00e+00)
INFO 2026-05-22 08:47:57,539 train_utils.py: 268: Train Epoch: [3][3800/9054] | Batch Time: 3.94 (2.99) | Data Time: 0.00 (0.04) | Mem (GB): 36.00 (33.26/37.00) | Time Elapsed: 01d 02h 10m | Losses/train_medical_loss: 4.49e+01 (4.25e+01) | Losses/train_medical_val_loss: 0.00e+00 (0.00e+00)
INFO 2026-05-22 08:50:39,414 train_utils.py: 268: Train Epoch: [3][3850/9054] | Batch Time: 2.83 (2.99) | Data Time: 0.00 (0.04) | Mem (GB): 36.00 (33.24/37.00) | Time Elapsed: 01d 02h 13m | Losses/train_medical_loss: 4.51e+01 (4.26e+01) | Losses/train_medical_val_loss: 0.00e+00 (0.00e+00)
INFO 2026-05-22 08:53:07,407 train_utils.py: 268: Train Epoch: [3][3900/9054] | Batch Time: 2.81 (2.99) | Data Time: 0.00 (0.04) | Mem (GB): 36.00 (33.24/37.00) | Time Elapsed: 01d 02h 15m | Losses/train_medical_loss: 1.90e+01 (4.26e+01) | Losses/train_medical_val_loss: 0.00e+00 (0.00e+00)
INFO 2026-05-22 08:55:25,809 train_utils.py: 268: Train Epoch: [3][3950/9054] | Batch Time: 2.84 (2.99) | Data Time: 0.00 (0.04) | Mem (GB): 36.00 (33.25/37.00) | Time Elapsed: 01d 02h 18m | Losses/train_medical_loss: 1.03e+01 (4.25e+01) | Losses/train_medical_val_loss: 0.00e+00 (0.00e+00)
INFO 2026-05-22 08:57:44,570 train_utils.py: 268: Train Epoch: [3][4000/9054] | Batch Time: 3.21 (2.99) | Data Time: 0.00 (0.04) | Mem (GB): 36.00 (33.25/37.00) | Time Elapsed: 01d 02h 20m | Losses/train_medical_loss: 1.25e+01 (4.26e+01) | Losses/train_medical_val_loss: 0.00e+00 (0.00e+00)
INFO 2026-05-22 09:00:37,484 train_utils.py: 268: Train Epoch: [3][4050/9054] | Batch Time: 2.80 (2.99) | Data Time: 0.00 (0.04) | Mem (GB): 36.00 (33.25/37.00) | Time Elapsed: 01d 02h 23m | Losses/train_medical_loss: 4.64e+01 (4.27e+01) | Losses/train_medical_val_loss: 0.00e+00 (0.00e+00)
INFO 2026-05-22 09:02:52,996 train_utils.py: 268: Train Epoch: [3][4100/9054] | Batch Time: 3.40 (2.99) | Data Time: 0.00 (0.04) | Mem (GB): 36.00 (33.26/37.00) | Time Elapsed: 01d 02h 25m | Losses/train_medical_loss: 3.07e+01 (4.26e+01) | Losses/train_medical_val_loss: 0.00e+00 (0.00e+00)
INFO 2026-05-22 09:05:16,885 train_utils.py: 268: Train Epoch: [3][4150/9054] | Batch Time: 1.71 (2.99) | Data Time: 0.00 (0.04) | Mem (GB): 19.00 (33.26/37.00) | Time Elapsed: 01d 02h 27m | Losses/train_medical_loss: 4.73e+01 (4.27e+01) | Losses/train_medical_val_loss: 0.00e+00 (0.00e+00)
INFO 2026-05-22 09:08:01,870 train_utils.py: 268: Train Epoch: [3][4200/9054] | Batch Time: 2.84 (2.99) | Data Time: 0.00 (0.04) | Mem (GB): 36.00 (33.26/37.00) | Time Elapsed: 01d 02h 30m | Losses/train_medical_loss: 3.54e+01 (4.27e+01) | Losses/train_medical_val_loss: 0.00e+00 (0.00e+00)
INFO 2026-05-22 09:10:28,853 train_utils.py: 268: Train Epoch: [3][4250/9054] | Batch Time: 1.48 (2.99) | Data Time: 0.00 (0.04) | Mem (GB): 22.00 (33.26/37.00) | Time Elapsed: 01d 02h 33m | Losses/train_medical_loss: 4.59e+01 (4.27e+01) | Losses/train_medical_val_loss: 0.00e+00 (0.00e+00)
INFO 2026-05-22 09:12:48,074 train_utils.py: 268: Train Epoch: [3][4300/9054] | Batch Time: 2.84 (2.99) | Data Time: 0.00 (0.04) | Mem (GB): 36.00 (33.26/37.00) | Time Elapsed: 01d 02h 35m | Losses/train_medical_loss: 2.47e+01 (4.26e+01) | Losses/train_medical_val_loss: 0.00e+00 (0.00e+00)
INFO 2026-05-22 09:15:05,042 train_utils.py: 268: Train Epoch: [3][4350/9054] | Batch Time: 2.14 (2.98) | Data Time: 0.00 (0.03) | Mem (GB): 28.00 (33.25/37.00) | Time Elapsed: 01d 02h 37m | Losses/train_medical_loss: 6.72e+01 (4.26e+01) | Losses/train_medical_val_loss: 0.00e+00 (0.00e+00)
INFO 2026-05-22 09:17:47,024 train_utils.py: 268: Train Epoch: [3][4400/9054] | Batch Time: 2.80 (2.99) | Data Time: 0.00 (0.03) | Mem (GB): 36.00 (33.25/37.00) | Time Elapsed: 01d 02h 40m | Losses/train_medical_loss: 4.41e+01 (4.26e+01) | Losses/train_medical_val_loss: 0.00e+00 (0.00e+00)
INFO 2026-05-22 09:20:16,339 train_utils.py: 268: Train Epoch: [3][4450/9054] | Batch Time: 2.83 (2.99) | Data Time: 0.00 (0.04) | Mem (GB): 36.00 (33.25/37.00) | Time Elapsed: 01d 02h 42m | Losses/train_medical_loss: 4.88e+01 (4.26e+01) | Losses/train_medical_val_loss: 0.00e+00 (0.00e+00)
INFO 2026-05-22 09:22:34,529 train_utils.py: 268: Train Epoch: [3][4500/9054] | Batch Time: 2.80 (2.99) | Data Time: 0.00 (0.03) | Mem (GB): 36.00 (33.25/37.00) | Time Elapsed: 01d 02h 45m | Losses/train_medical_loss: 1.83e+01 (4.26e+01) | Losses/train_medical_val_loss: 0.00e+00 (0.00e+00)
INFO 2026-05-22 09:24:53,276 train_utils.py: 268: Train Epoch: [3][4550/9054] | Batch Time: 4.30 (2.98) | Data Time: 0.00 (0.03) | Mem (GB): 36.00 (33.24/37.00) | Time Elapsed: 01d 02h 47m | Losses/train_medical_loss: 3.27e+01 (4.25e+01) | Losses/train_medical_val_loss: 0.00e+00 (0.00e+00)
INFO 2026-05-22 09:27:46,047 train_utils.py: 268: Train Epoch: [3][4600/9054] | Batch Time: 2.83 (2.99) | Data Time: 0.00 (0.03) | Mem (GB): 36.00 (33.25/37.00) | Time Elapsed: 01d 02h 50m | Losses/train_medical_loss: 6.79e+01 (4.26e+01) | Losses/train_medical_val_loss: 0.00e+00 (0.00e+00)
INFO 2026-05-22 09:30:05,180 train_utils.py: 268: Train Epoch: [3][4650/9054] | Batch Time: 3.33 (2.99) | Data Time: 0.00 (0.03) | Mem (GB): 36.00 (33.24/37.00) | Time Elapsed: 01d 02h 52m | Losses/train_medical_loss: 1.13e+02 (4.27e+01) | Losses/train_medical_val_loss: 0.00e+00 (0.00e+00)
INFO 2026-05-22 09:32:23,803 train_utils.py: 268: Train Epoch: [3][4700/9054] | Batch Time: 2.79 (2.98) | Data Time: 0.00 (0.03) | Mem (GB): 36.00 (33.25/37.00) | Time Elapsed: 01d 02h 55m | Losses/train_medical_loss: 8.28e+01 (4.27e+01) | Losses/train_medical_val_loss: 0.00e+00 (0.00e+00)
INFO 2026-05-22 09:35:05,451 train_utils.py: 268: Train Epoch: [3][4750/9054] | Batch Time: 3.71 (2.99) | Data Time: 0.00 (0.03) | Mem (GB): 36.00 (33.26/37.00) | Time Elapsed: 01d 02h 57m | Losses/train_medical_loss: 4.12e+01 (4.26e+01) | Losses/train_medical_val_loss: 0.00e+00 (0.00e+00)
INFO 2026-05-22 09:37:33,350 train_utils.py: 268: Train Epoch: [3][4800/9054] | Batch Time: 1.49 (2.99) | Data Time: 0.00 (0.03) | Mem (GB): 22.00 (33.25/37.00) | Time Elapsed: 01d 03h 00m | Losses/train_medical_loss: 6.09e+01 (4.26e+01) | Losses/train_medical_val_loss: 0.00e+00 (0.00e+00)
INFO 2026-05-22 09:39:52,458 train_utils.py: 268: Train Epoch: [3][4850/9054] | Batch Time: 2.83 (2.98) | Data Time: 0.00 (0.03) | Mem (GB): 36.00 (33.26/37.00) | Time Elapsed: 01d 03h 02m | Losses/train_medical_loss: 2.99e+01 (4.25e+01) | Losses/train_medical_val_loss: 0.00e+00 (0.00e+00)
INFO 2026-05-22 09:42:10,286 train_utils.py: 268: Train Epoch: [3][4900/9054] | Batch Time: 2.84 (2.98) | Data Time: 0.00 (0.03) | Mem (GB): 36.00 (33.26/37.00) | Time Elapsed: 01d 03h 04m | Losses/train_medical_loss: 2.46e+01 (4.26e+01) | Losses/train_medical_val_loss: 0.00e+00 (0.00e+00)
INFO 2026-05-22 09:44:49,348 train_utils.py: 268: Train Epoch: [3][4950/9054] | Batch Time: 1.23 (2.98) | Data Time: 0.00 (0.03) | Mem (GB): 20.00 (33.26/37.00) | Time Elapsed: 01d 03h 07m | Losses/train_medical_loss: 1.76e+01 (4.26e+01) | Losses/train_medical_val_loss: 0.00e+00 (0.00e+00)
INFO 2026-05-22 09:47:17,743 train_utils.py: 268: Train Epoch: [3][5000/9054] | Batch Time: 1.99 (2.98) | Data Time: 0.00 (0.03) | Mem (GB): 28.00 (33.25/37.00) | Time Elapsed: 01d 03h 09m | Losses/train_medical_loss: 5.30e+01 (4.26e+01) | Losses/train_medical_val_loss: 0.00e+00 (0.00e+00)
INFO 2026-05-22 09:49:35,688 train_utils.py: 268: Train Epoch: [3][5050/9054] | Batch Time: 2.79 (2.98) | Data Time: 0.00 (0.03) | Mem (GB): 36.00 (33.25/37.00) | Time Elapsed: 01d 03h 12m | Losses/train_medical_loss: 6.51e+01 (4.26e+01) | Losses/train_medical_val_loss: 0.00e+00 (0.00e+00)
INFO 2026-05-22 09:51:59,062 train_utils.py: 268: Train Epoch: [3][5100/9054] | Batch Time: 1.21 (2.98) | Data Time: 0.00 (0.03) | Mem (GB): 20.00 (33.24/37.00) | Time Elapsed: 01d 03h 14m | Losses/train_medical_loss: 5.73e+01 (4.25e+01) | Losses/train_medical_val_loss: 0.00e+00 (0.00e+00)
INFO 2026-05-22 09:54:52,920 train_utils.py: 268: Train Epoch: [3][5150/9054] | Batch Time: 2.82 (2.98) | Data Time: 0.00 (0.03) | Mem (GB): 36.00 (33.25/37.00) | Time Elapsed: 01d 03h 17m | Losses/train_medical_loss: 5.35e+01 (4.25e+01) | Losses/train_medical_val_loss: 0.00e+00 (0.00e+00)
INFO 2026-05-22 09:57:11,417 train_utils.py: 268: Train Epoch: [3][5200/9054] | Batch Time: 2.82 (2.98) | Data Time: 0.00 (0.03) | Mem (GB): 36.00 (33.24/37.00) | Time Elapsed: 01d 03h 19m | Losses/train_medical_loss: 6.45e+01 (4.25e+01) | Losses/train_medical_val_loss: 0.00e+00 (0.00e+00)
INFO 2026-05-22 09:59:29,887 train_utils.py: 268: Train Epoch: [3][5250/9054] | Batch Time: 2.81 (2.98) | Data Time: 0.00 (0.03) | Mem (GB): 36.00 (33.25/37.00) | Time Elapsed: 01d 03h 22m | Losses/train_medical_loss: 2.76e+01 (4.26e+01) | Losses/train_medical_val_loss: 0.00e+00 (0.00e+00)
INFO 2026-05-22 10:02:19,538 train_utils.py: 268: Train Epoch: [3][5300/9054] | Batch Time: 2.25 (2.98) | Data Time: 0.00 (0.03) | Mem (GB): 30.00 (33.26/37.00) | Time Elapsed: 01d 03h 25m | Losses/train_medical_loss: 4.75e+01 (4.26e+01) | Losses/train_medical_val_loss: 0.00e+00 (0.00e+00)
INFO 2026-05-22 10:04:40,838 train_utils.py: 268: Train Epoch: [3][5350/9054] | Batch Time: 1.49 (2.98) | Data Time: 0.00 (0.03) | Mem (GB): 22.00 (33.25/37.00) | Time Elapsed: 01d 03h 27m | Losses/train_medical_loss: 3.85e+01 (4.26e+01) | Losses/train_medical_val_loss: 0.00e+00 (0.00e+00)
INFO 2026-05-22 10:06:59,213 train_utils.py: 268: Train Epoch: [3][5400/9054] | Batch Time: 2.05 (2.98) | Data Time: 0.00 (0.03) | Mem (GB): 28.00 (33.26/37.00) | Time Elapsed: 01d 03h 29m | Losses/train_medical_loss: 5.32e+01 (4.26e+01) | Losses/train_medical_val_loss: 0.00e+00 (0.00e+00)
INFO 2026-05-22 10:09:19,430 train_utils.py: 268: Train Epoch: [3][5450/9054] | Batch Time: 2.82 (2.98) | Data Time: 0.00 (0.03) | Mem (GB): 36.00 (33.27/37.00) | Time Elapsed: 01d 03h 32m | Losses/train_medical_loss: 2.47e+01 (4.26e+01) | Losses/train_medical_val_loss: 0.00e+00 (0.00e+00)
INFO 2026-05-22 10:12:10,195 train_utils.py: 268: Train Epoch: [3][5500/9054] | Batch Time: 4.25 (2.98) | Data Time: 0.00 (0.03) | Mem (GB): 36.00 (33.27/37.00) | Time Elapsed: 01d 03h 34m | Losses/train_medical_loss: 4.28e+01 (4.26e+01) | Losses/train_medical_val_loss: 0.00e+00 (0.00e+00)
INFO 2026-05-22 10:14:32,623 train_utils.py: 268: Train Epoch: [3][5550/9054] | Batch Time: 2.85 (2.98) | Data Time: 0.00 (0.03) | Mem (GB): 36.00 (33.28/37.00) | Time Elapsed: 01d 03h 37m | Losses/train_medical_loss: 4.87e+01 (4.26e+01) | Losses/train_medical_val_loss: 0.00e+00 (0.00e+00)
INFO 2026-05-22 10:17:43,913 train_utils.py: 268: Train Epoch: [3][5600/9054] | Batch Time: 2.80 (2.99) | Data Time: 0.00 (0.03) | Mem (GB): 36.00 (33.29/37.00) | Time Elapsed: 01d 03h 40m | Losses/train_medical_loss: 1.09e+02 (4.26e+01) | Losses/train_medical_val_loss: 0.00e+00 (0.00e+00)
INFO 2026-05-22 10:20:14,969 train_utils.py: 268: Train Epoch: [3][5650/9054] | Batch Time: 14.60 (2.99) | Data Time: 0.00 (0.03) | Mem (GB): 36.00 (33.29/37.00) | Time Elapsed: 01d 03h 42m | Losses/train_medical_loss: 3.11e+01 (4.26e+01) | Losses/train_medical_val_loss: 0.00e+00 (0.00e+00)
INFO 2026-05-22 10:22:56,707 train_utils.py: 268: Train Epoch: [3][5700/9054] | Batch Time: 2.81 (2.99) | Data Time: 0.00 (0.03) | Mem (GB): 36.00 (33.30/37.00) | Time Elapsed: 01d 03h 45m | Losses/train_medical_loss: 4.97e+01 (4.26e+01) | Losses/train_medical_val_loss: 0.00e+00 (0.00e+00)
INFO 2026-05-22 10:25:14,384 train_utils.py: 268: Train Epoch: [3][5750/9054] | Batch Time: 2.85 (2.99) | Data Time: 0.00 (0.03) | Mem (GB): 36.00 (33.30/37.00) | Time Elapsed: 01d 03h 47m | Losses/train_medical_loss: 2.54e+01 (4.26e+01) | Losses/train_medical_val_loss: 0.00e+00 (0.00e+00)
INFO 2026-05-22 10:27:33,440 train_utils.py: 268: Train Epoch: [3][5800/9054] | Batch Time: 2.79 (2.99) | Data Time: 0.00 (0.03) | Mem (GB): 36.00 (33.29/37.00) | Time Elapsed: 01d 03h 50m | Losses/train_medical_loss: 6.78e+01 (4.26e+01) | Losses/train_medical_val_loss: 0.00e+00 (0.00e+00)
INFO 2026-05-22 10:30:14,529 train_utils.py: 268: Train Epoch: [3][5850/9054] | Batch Time: 2.78 (2.99) | Data Time: 0.00 (0.03) | Mem (GB): 36.00 (33.30/37.00) | Time Elapsed: 01d 03h 52m | Losses/train_medical_loss: 4.48e+01 (4.25e+01) | Losses/train_medical_val_loss: 0.00e+00 (0.00e+00)
INFO 2026-05-22 10:32:44,386 train_utils.py: 268: Train Epoch: [3][5900/9054] | Batch Time: 2.81 (2.99) | Data Time: 0.00 (0.03) | Mem (GB): 36.00 (33.30/37.00) | Time Elapsed: 01d 03h 55m | Losses/train_medical_loss: 8.66e+01 (4.25e+01) | Losses/train_medical_val_loss: 0.00e+00 (0.00e+00)
INFO 2026-05-22 10:35:02,251 train_utils.py: 268: Train Epoch: [3][5950/9054] | Batch Time: 2.96 (2.99) | Data Time: 0.00 (0.03) | Mem (GB): 36.00 (33.30/37.00) | Time Elapsed: 01d 03h 57m | Losses/train_medical_loss: 4.48e+01 (4.25e+01) | Losses/train_medical_val_loss: 0.00e+00 (0.00e+00)
INFO 2026-05-22 10:37:20,738 train_utils.py: 268: Train Epoch: [3][6000/9054] | Batch Time: 3.95 (2.99) | Data Time: 0.00 (0.03) | Mem (GB): 36.00 (33.29/37.00) | Time Elapsed: 01d 04h 00m | Losses/train_medical_loss: 4.99e+01 (4.25e+01) | Losses/train_medical_val_loss: 0.00e+00 (0.00e+00)
INFO 2026-05-22 10:40:12,223 train_utils.py: 268: Train Epoch: [3][6050/9054] | Batch Time: 3.97 (2.99) | Data Time: 0.00 (0.03) | Mem (GB): 36.00 (33.29/37.00) | Time Elapsed: 01d 04h 02m | Losses/train_medical_loss: 2.70e+01 (4.24e+01) | Losses/train_medical_val_loss: 0.00e+00 (0.00e+00)
INFO 2026-05-22 10:42:31,576 train_utils.py: 268: Train Epoch: [3][6100/9054] | Batch Time: 2.77 (2.99) | Data Time: 0.00 (0.03) | Mem (GB): 36.00 (33.29/37.00) | Time Elapsed: 01d 04h 05m | Losses/train_medical_loss: 5.06e+01 (4.25e+01) | Losses/train_medical_val_loss: 0.00e+00 (0.00e+00)
INFO 2026-05-22 10:44:50,077 train_utils.py: 268: Train Epoch: [3][6150/9054] | Batch Time: 2.80 (2.99) | Data Time: 0.00 (0.03) | Mem (GB): 36.00 (33.29/37.00) | Time Elapsed: 01d 04h 07m | Losses/train_medical_loss: 6.86e+01 (4.25e+01) | Losses/train_medical_val_loss: 0.00e+00 (0.00e+00)
INFO 2026-05-22 10:47:31,314 train_utils.py: 268: Train Epoch: [3][6200/9054] | Batch Time: 2.82 (2.99) | Data Time: 0.00 (0.03) | Mem (GB): 36.00 (33.30/37.00) | Time Elapsed: 01d 04h 10m | Losses/train_medical_loss: 2.17e+01 (4.25e+01) | Losses/train_medical_val_loss: 0.00e+00 (0.00e+00)
INFO 2026-05-22 10:50:02,451 train_utils.py: 268: Train Epoch: [3][6250/9054] | Batch Time: 2.81 (2.99) | Data Time: 0.00 (0.03) | Mem (GB): 36.00 (33.30/37.00) | Time Elapsed: 01d 04h 12m | Losses/train_medical_loss: 7.09e+00 (4.25e+01) | Losses/train_medical_val_loss: 0.00e+00 (0.00e+00)
INFO 2026-05-22 10:52:26,094 train_utils.py: 268: Train Epoch: [3][6300/9054] | Batch Time: 1.49 (2.99) | Data Time: 0.00 (0.02) | Mem (GB): 22.00 (33.30/37.00) | Time Elapsed: 01d 04h 15m | Losses/train_medical_loss: 5.15e+01 (4.25e+01) | Losses/train_medical_val_loss: 0.00e+00 (0.00e+00)
INFO 2026-05-22 10:54:43,978 train_utils.py: 268: Train Epoch: [3][6350/9054] | Batch Time: 2.44 (2.99) | Data Time: 0.00 (0.02) | Mem (GB): 30.00 (33.30/37.00) | Time Elapsed: 01d 04h 17m | Losses/train_medical_loss: 2.71e+01 (4.25e+01) | Losses/train_medical_val_loss: 0.00e+00 (0.00e+00)
INFO 2026-05-22 10:57:25,673 train_utils.py: 268: Train Epoch: [3][6400/9054] | Batch Time: 2.82 (2.99) | Data Time: 0.00 (0.02) | Mem (GB): 36.00 (33.30/37.00) | Time Elapsed: 01d 04h 20m | Losses/train_medical_loss: 7.61e+01 (4.25e+01) | Losses/train_medical_val_loss: 0.00e+00 (0.00e+00)
INFO 2026-05-22 10:59:56,665 train_utils.py: 268: Train Epoch: [3][6450/9054] | Batch Time: 3.31 (2.99) | Data Time: 0.00 (0.02) | Mem (GB): 36.00 (33.29/37.00) | Time Elapsed: 01d 04h 22m | Losses/train_medical_loss: 3.05e+01 (4.24e+01) | Losses/train_medical_val_loss: 0.00e+00 (0.00e+00)
INFO 2026-05-22 11:02:15,260 train_utils.py: 268: Train Epoch: [3][6500/9054] | Batch Time: 2.81 (2.99) | Data Time: 0.00 (0.02) | Mem (GB): 36.00 (33.29/37.00) | Time Elapsed: 01d 04h 24m | Losses/train_medical_loss: 1.08e+02 (4.25e+01) | Losses/train_medical_val_loss: 0.00e+00 (0.00e+00)
INFO 2026-05-22 11:04:40,047 train_utils.py: 268: Train Epoch: [3][6550/9054] | Batch Time: 2.78 (2.99) | Data Time: 0.00 (0.02) | Mem (GB): 36.00 (33.30/37.00) | Time Elapsed: 01d 04h 27m | Losses/train_medical_loss: 1.31e+01 (4.25e+01) | Losses/train_medical_val_loss: 0.00e+00 (0.00e+00)
INFO 2026-05-22 11:07:33,095 train_utils.py: 268: Train Epoch: [3][6600/9054] | Batch Time: 2.79 (2.99) | Data Time: 0.00 (0.02) | Mem (GB): 36.00 (33.29/37.00) | Time Elapsed: 01d 04h 30m | Losses/train_medical_loss: 1.46e+01 (4.25e+01) | Losses/train_medical_val_loss: 0.00e+00 (0.00e+00)
INFO 2026-05-22 11:09:51,454 train_utils.py: 268: Train Epoch: [3][6650/9054] | Batch Time: 2.83 (2.99) | Data Time: 0.00 (0.02) | Mem (GB): 36.00 (33.28/37.00) | Time Elapsed: 01d 04h 32m | Losses/train_medical_loss: 1.08e+02 (4.25e+01) | Losses/train_medical_val_loss: 0.00e+00 (0.00e+00)
INFO 2026-05-22 11:12:06,493 train_utils.py: 268: Train Epoch: [3][6700/9054] | Batch Time: 4.38 (2.99) | Data Time: 0.00 (0.02) | Mem (GB): 36.00 (33.28/37.00) | Time Elapsed: 01d 04h 34m | Losses/train_medical_loss: 3.16e+01 (4.25e+01) | Losses/train_medical_val_loss: 0.00e+00 (0.00e+00)
INFO 2026-05-22 11:14:44,786 train_utils.py: 268: Train Epoch: [3][6750/9054] | Batch Time: 2.81 (2.99) | Data Time: 0.00 (0.02) | Mem (GB): 36.00 (33.28/37.00) | Time Elapsed: 01d 04h 37m | Losses/train_medical_loss: 1.54e+01 (4.25e+01) | Losses/train_medical_val_loss: 0.00e+00 (0.00e+00)
INFO 2026-05-22 11:17:16,121 train_utils.py: 268: Train Epoch: [3][6800/9054] | Batch Time: 2.79 (2.99) | Data Time: 0.00 (0.02) | Mem (GB): 36.00 (33.29/37.00) | Time Elapsed: 01d 04h 39m | Losses/train_medical_loss: 2.09e+01 (4.25e+01) | Losses/train_medical_val_loss: 0.00e+00 (0.00e+00)
INFO 2026-05-22 11:19:37,685 train_utils.py: 268: Train Epoch: [3][6850/9054] | Batch Time: 2.80 (2.99) | Data Time: 0.00 (0.02) | Mem (GB): 36.00 (33.29/37.00) | Time Elapsed: 01d 04h 42m | Losses/train_medical_loss: 9.34e+01 (4.25e+01) | Losses/train_medical_val_loss: 0.00e+00 (0.00e+00)
INFO 2026-05-22 11:21:59,274 train_utils.py: 268: Train Epoch: [3][6900/9054] | Batch Time: 2.82 (2.99) | Data Time: 0.00 (0.02) | Mem (GB): 36.00 (33.29/37.00) | Time Elapsed: 01d 04h 44m | Losses/train_medical_loss: 5.49e+01 (4.26e+01) | Losses/train_medical_val_loss: 0.00e+00 (0.00e+00)
INFO 2026-05-22 11:24:50,533 train_utils.py: 268: Train Epoch: [3][6950/9054] | Batch Time: 2.78 (2.99) | Data Time: 0.00 (0.02) | Mem (GB): 36.00 (33.29/37.00) | Time Elapsed: 01d 04h 47m | Losses/train_medical_loss: 7.27e+01 (4.25e+01) | Losses/train_medical_val_loss: 0.00e+00 (0.00e+00)
INFO 2026-05-22 11:27:08,999 train_utils.py: 268: Train Epoch: [3][7000/9054] | Batch Time: 2.82 (2.99) | Data Time: 0.00 (0.02) | Mem (GB): 36.00 (33.29/37.00) | Time Elapsed: 01d 04h 49m | Losses/train_medical_loss: 2.96e+01 (4.25e+01) | Losses/train_medical_val_loss: 0.00e+00 (0.00e+00)
INFO 2026-05-22 11:29:26,737 train_utils.py: 268: Train Epoch: [3][7050/9054] | Batch Time: 4.12 (2.99) | Data Time: 0.00 (0.02) | Mem (GB): 36.00 (33.28/37.00) | Time Elapsed: 01d 04h 52m | Losses/train_medical_loss: 1.51e+01 (4.25e+01) | Losses/train_medical_val_loss: 0.00e+00 (0.00e+00)
INFO 2026-05-22 11:31:45,814 train_utils.py: 268: Train Epoch: [3][7100/9054] | Batch Time: 2.80 (2.98) | Data Time: 0.00 (0.02) | Mem (GB): 36.00 (33.28/37.00) | Time Elapsed: 01d 04h 54m | Losses/train_medical_loss: 3.53e+01 (4.25e+01) | Losses/train_medical_val_loss: 0.00e+00 (0.00e+00)
INFO 2026-05-22 11:34:37,634 train_utils.py: 268: Train Epoch: [3][7150/9054] | Batch Time: 2.83 (2.99) | Data Time: 0.00 (0.02) | Mem (GB): 36.00 (33.27/37.00) | Time Elapsed: 01d 04h 57m | Losses/train_medical_loss: 2.98e+01 (4.25e+01) | Losses/train_medical_val_loss: 0.00e+00 (0.00e+00)
INFO 2026-05-22 11:36:54,957 train_utils.py: 268: Train Epoch: [3][7200/9054] | Batch Time: 1.51 (2.99) | Data Time: 0.00 (0.02) | Mem (GB): 22.00 (33.27/37.00) | Time Elapsed: 01d 04h 59m | Losses/train_medical_loss: 4.20e+01 (4.26e+01) | Losses/train_medical_val_loss: 0.00e+00 (0.00e+00)
INFO 2026-05-22 11:39:14,064 train_utils.py: 268: Train Epoch: [3][7250/9054] | Batch Time: 2.80 (2.98) | Data Time: 0.00 (0.02) | Mem (GB): 36.00 (33.27/37.00) | Time Elapsed: 01d 05h 01m | Losses/train_medical_loss: 2.49e+01 (4.25e+01) | Losses/train_medical_val_loss: 0.00e+00 (0.00e+00)
INFO 2026-05-22 11:41:54,990 train_utils.py: 268: Train Epoch: [3][7300/9054] | Batch Time: 2.79 (2.99) | Data Time: 0.00 (0.02) | Mem (GB): 36.00 (33.28/37.00) | Time Elapsed: 01d 05h 04m | Losses/train_medical_loss: 5.07e+01 (4.25e+01) | Losses/train_medical_val_loss: 0.00e+00 (0.00e+00)
INFO 2026-05-22 11:44:24,381 train_utils.py: 268: Train Epoch: [3][7350/9054] | Batch Time: 3.33 (2.99) | Data Time: 0.00 (0.02) | Mem (GB): 36.00 (33.27/37.00) | Time Elapsed: 01d 05h 07m | Losses/train_medical_loss: 4.55e+01 (4.25e+01) | Losses/train_medical_val_loss: 0.00e+00 (0.00e+00)
INFO 2026-05-22 11:46:44,773 train_utils.py: 268: Train Epoch: [3][7400/9054] | Batch Time: 2.82 (2.98) | Data Time: 0.00 (0.02) | Mem (GB): 36.00 (33.28/37.00) | Time Elapsed: 01d 05h 09m | Losses/train_medical_loss: 6.21e+01 (4.25e+01) | Losses/train_medical_val_loss: 0.00e+00 (0.00e+00)
INFO 2026-05-22 11:49:08,353 train_utils.py: 268: Train Epoch: [3][7450/9054] | Batch Time: 2.84 (2.98) | Data Time: 0.00 (0.02) | Mem (GB): 36.00 (33.29/37.00) | Time Elapsed: 01d 05h 11m | Losses/train_medical_loss: 2.28e+01 (4.25e+01) | Losses/train_medical_val_loss: 0.00e+00 (0.00e+00)
INFO 2026-05-22 11:51:50,892 train_utils.py: 268: Train Epoch: [3][7500/9054] | Batch Time: 3.16 (2.99) | Data Time: 0.00 (0.02) | Mem (GB): 36.00 (33.28/37.00) | Time Elapsed: 01d 05h 14m | Losses/train_medical_loss: 3.29e+01 (4.25e+01) | Losses/train_medical_val_loss: 0.00e+00 (0.00e+00)
INFO 2026-05-22 11:54:08,576 train_utils.py: 268: Train Epoch: [3][7550/9054] | Batch Time: 2.02 (2.98) | Data Time: 0.00 (0.02) | Mem (GB): 28.00 (33.27/37.00) | Time Elapsed: 01d 05h 16m | Losses/train_medical_loss: 3.93e+01 (4.25e+01) | Losses/train_medical_val_loss: 0.00e+00 (0.00e+00)
INFO 2026-05-22 11:56:33,595 train_utils.py: 268: Train Epoch: [3][7600/9054] | Batch Time: 2.80 (2.98) | Data Time: 0.00 (0.02) | Mem (GB): 36.00 (33.27/37.00) | Time Elapsed: 01d 05h 19m | Losses/train_medical_loss: 1.14e+02 (4.25e+01) | Losses/train_medical_val_loss: 0.00e+00 (0.00e+00)
INFO 2026-05-22 11:58:52,150 train_utils.py: 268: Train Epoch: [3][7650/9054] | Batch Time: 2.82 (2.98) | Data Time: 0.00 (0.02) | Mem (GB): 36.00 (33.27/37.00) | Time Elapsed: 01d 05h 21m | Losses/train_medical_loss: 4.22e+01 (4.25e+01) | Losses/train_medical_val_loss: 0.00e+00 (0.00e+00)
INFO 2026-05-22 12:01:44,320 train_utils.py: 268: Train Epoch: [3][7700/9054] | Batch Time: 4.24 (2.98) | Data Time: 0.00 (0.02) | Mem (GB): 36.00 (33.28/37.00) | Time Elapsed: 01d 05h 24m | Losses/train_medical_loss: 2.23e+01 (4.25e+01) | Losses/train_medical_val_loss: 0.00e+00 (0.00e+00)
INFO 2026-05-22 12:04:00,941 train_utils.py: 268: Train Epoch: [3][7750/9054] | Batch Time: 2.80 (2.98) | Data Time: 0.00 (0.02) | Mem (GB): 36.00 (33.27/37.00) | Time Elapsed: 01d 05h 26m | Losses/train_medical_loss: 3.97e+01 (4.26e+01) | Losses/train_medical_val_loss: 0.00e+00 (0.00e+00)
INFO 2026-05-22 12:06:16,843 train_utils.py: 268: Train Epoch: [3][7800/9054] | Batch Time: 1.75 (2.98) | Data Time: 0.00 (0.02) | Mem (GB): 25.00 (33.27/37.00) | Time Elapsed: 01d 05h 28m | Losses/train_medical_loss: 5.17e+01 (4.26e+01) | Losses/train_medical_val_loss: 0.00e+00 (0.00e+00)
INFO 2026-05-22 12:08:58,762 train_utils.py: 268: Train Epoch: [3][7850/9054] | Batch Time: 2.78 (2.98) | Data Time: 0.00 (0.02) | Mem (GB): 36.00 (33.27/37.00) | Time Elapsed: 01d 05h 31m | Losses/train_medical_loss: 3.63e+01 (4.26e+01) | Losses/train_medical_val_loss: 0.00e+00 (0.00e+00)
INFO 2026-05-22 12:11:28,457 train_utils.py: 268: Train Epoch: [3][7900/9054] | Batch Time: 2.83 (2.98) | Data Time: 0.00 (0.02) | Mem (GB): 36.00 (33.26/37.00) | Time Elapsed: 01d 05h 34m | Losses/train_medical_loss: 1.69e+01 (4.26e+01) | Losses/train_medical_val_loss: 0.00e+00 (0.00e+00)
INFO 2026-05-22 12:13:46,750 train_utils.py: 268: Train Epoch: [3][7950/9054] | Batch Time: 2.81 (2.98) | Data Time: 0.00 (0.02) | Mem (GB): 36.00 (33.26/37.00) | Time Elapsed: 01d 05h 36m | Losses/train_medical_loss: 1.46e+01 (4.26e+01) | Losses/train_medical_val_loss: 0.00e+00 (0.00e+00)
INFO 2026-05-22 12:16:03,662 train_utils.py: 268: Train Epoch: [3][8000/9054] | Batch Time: 3.66 (2.98) | Data Time: 0.00 (0.02) | Mem (GB): 36.00 (33.25/37.00) | Time Elapsed: 01d 05h 38m | Losses/train_medical_loss: 6.80e+01 (4.26e+01) | Losses/train_medical_val_loss: 0.00e+00 (0.00e+00)
INFO 2026-05-22 12:18:54,420 train_utils.py: 268: Train Epoch: [3][8050/9054] | Batch Time: 3.16 (2.98) | Data Time: 0.00 (0.02) | Mem (GB): 28.00 (33.24/37.00) | Time Elapsed: 01d 05h 41m | Losses/train_medical_loss: 5.33e+01 (4.26e+01) | Losses/train_medical_val_loss: 0.00e+00 (0.00e+00)
INFO 2026-05-22 12:21:11,723 train_utils.py: 268: Train Epoch: [3][8100/9054] | Batch Time: 2.81 (2.98) | Data Time: 0.00 (0.02) | Mem (GB): 36.00 (33.25/37.00) | Time Elapsed: 01d 05h 43m | Losses/train_medical_loss: 1.86e+01 (4.26e+01) | Losses/train_medical_val_loss: 0.00e+00 (0.00e+00)
INFO 2026-05-22 12:23:29,226 train_utils.py: 268: Train Epoch: [3][8150/9054] | Batch Time: 2.82 (2.98) | Data Time: 0.00 (0.02) | Mem (GB): 36.00 (33.25/37.00) | Time Elapsed: 01d 05h 46m | Losses/train_medical_loss: 3.87e+01 (4.26e+01) | Losses/train_medical_val_loss: 0.00e+00 (0.00e+00)
INFO 2026-05-22 12:25:47,775 train_utils.py: 268: Train Epoch: [3][8200/9054] | Batch Time: 2.79 (2.98) | Data Time: 0.00 (0.02) | Mem (GB): 36.00 (33.25/37.00) | Time Elapsed: 01d 05h 48m | Losses/train_medical_loss: 9.76e+01 (4.26e+01) | Losses/train_medical_val_loss: 0.00e+00 (0.00e+00)
INFO 2026-05-22 12:28:38,077 train_utils.py: 268: Train Epoch: [3][8250/9054] | Batch Time: 2.85 (2.98) | Data Time: 0.00 (0.02) | Mem (GB): 36.00 (33.25/37.00) | Time Elapsed: 01d 05h 51m | Losses/train_medical_loss: 5.12e+01 (4.26e+01) | Losses/train_medical_val_loss: 0.00e+00 (0.00e+00)
INFO 2026-05-22 12:30:56,781 train_utils.py: 268: Train Epoch: [3][8300/9054] | Batch Time: 2.78 (2.98) | Data Time: 0.00 (0.02) | Mem (GB): 36.00 (33.26/37.00) | Time Elapsed: 01d 05h 53m | Losses/train_medical_loss: 1.70e+01 (4.26e+01) | Losses/train_medical_val_loss: 0.00e+00 (0.00e+00)
INFO 2026-05-22 12:33:15,172 train_utils.py: 268: Train Epoch: [3][8350/9054] | Batch Time: 2.78 (2.98) | Data Time: 0.00 (0.02) | Mem (GB): 36.00 (33.25/37.00) | Time Elapsed: 01d 05h 55m | Losses/train_medical_loss: 6.50e+01 (4.26e+01) | Losses/train_medical_val_loss: 0.00e+00 (0.00e+00)
INFO 2026-05-22 12:35:45,385 train_utils.py: 268: Train Epoch: [3][8400/9054] | Batch Time: 2.81 (2.98) | Data Time: 0.00 (0.02) | Mem (GB): 36.00 (33.24/37.00) | Time Elapsed: 01d 05h 58m | Losses/train_medical_loss: 2.00e+01 (4.26e+01) | Losses/train_medical_val_loss: 0.00e+00 (0.00e+00)
INFO 2026-05-22 12:38:25,273 train_utils.py: 268: Train Epoch: [3][8450/9054] | Batch Time: 2.55 (2.98) | Data Time: 0.00 (0.02) | Mem (GB): 20.00 (33.24/37.00) | Time Elapsed: 01d 06h 01m | Losses/train_medical_loss: 4.49e+01 (4.26e+01) | Losses/train_medical_val_loss: 0.00e+00 (0.00e+00)
INFO 2026-05-22 12:40:44,335 train_utils.py: 268: Train Epoch: [3][8500/9054] | Batch Time: 3.86 (2.98) | Data Time: 0.00 (0.02) | Mem (GB): 36.00 (33.24/37.00) | Time Elapsed: 01d 06h 03m | Losses/train_medical_loss: 2.63e+01 (4.26e+01) | Losses/train_medical_val_loss: 0.00e+00 (0.00e+00)
INFO 2026-05-22 12:43:03,224 train_utils.py: 268: Train Epoch: [3][8550/9054] | Batch Time: 2.79 (2.98) | Data Time: 0.00 (0.02) | Mem (GB): 36.00 (33.24/37.00) | Time Elapsed: 01d 06h 05m | Losses/train_medical_loss: 4.04e+01 (4.26e+01) | Losses/train_medical_val_loss: 0.00e+00 (0.00e+00)
INFO 2026-05-22 12:46:01,458 train_utils.py: 268: Train Epoch: [3][8600/9054] | Batch Time: 1.47 (2.98) | Data Time: 0.00 (0.02) | Mem (GB): 22.00 (33.24/37.00) | Time Elapsed: 01d 06h 08m | Losses/train_medical_loss: 5.48e+01 (4.26e+01) | Losses/train_medical_val_loss: 0.00e+00 (0.00e+00)
INFO 2026-05-22 12:48:12,382 train_utils.py: 268: Train Epoch: [3][8650/9054] | Batch Time: 3.56 (2.98) | Data Time: 0.00 (0.02) | Mem (GB): 36.00 (33.24/37.00) | Time Elapsed: 01d 06h 10m | Losses/train_medical_loss: 6.41e+01 (4.26e+01) | Losses/train_medical_val_loss: 0.00e+00 (0.00e+00)
INFO 2026-05-22 12:50:29,717 train_utils.py: 268: Train Epoch: [3][8700/9054] | Batch Time: 2.80 (2.98) | Data Time: 0.00 (0.02) | Mem (GB): 36.00 (33.24/37.00) | Time Elapsed: 01d 06h 13m | Losses/train_medical_loss: 5.79e+01 (4.26e+01) | Losses/train_medical_val_loss: 0.00e+00 (0.00e+00)
INFO 2026-05-22 12:52:46,949 train_utils.py: 268: Train Epoch: [3][8750/9054] | Batch Time: 2.81 (2.98) | Data Time: 0.00 (0.02) | Mem (GB): 36.00 (33.24/37.00) | Time Elapsed: 01d 06h 15m | Losses/train_medical_loss: 3.85e+01 (4.26e+01) | Losses/train_medical_val_loss: 0.00e+00 (0.00e+00)
INFO 2026-05-22 12:55:45,560 train_utils.py: 268: Train Epoch: [3][8800/9054] | Batch Time: 1.99 (2.98) | Data Time: 0.00 (0.02) | Mem (GB): 28.00 (33.24/37.00) | Time Elapsed: 01d 06h 18m | Losses/train_medical_loss: 4.81e+01 (4.26e+01) | Losses/train_medical_val_loss: 0.00e+00 (0.00e+00)
INFO 2026-05-22 12:57:58,320 train_utils.py: 268: Train Epoch: [3][8850/9054] | Batch Time: 2.81 (2.98) | Data Time: 0.00 (0.02) | Mem (GB): 36.00 (33.24/37.00) | Time Elapsed: 01d 06h 20m | Losses/train_medical_loss: 8.37e+01 (4.26e+01) | Losses/train_medical_val_loss: 0.00e+00 (0.00e+00)
INFO 2026-05-22 13:00:29,488 train_utils.py: 268: Train Epoch: [3][8900/9054] | Batch Time: 3.30 (2.98) | Data Time: 0.00 (0.02) | Mem (GB): 25.00 (33.23/37.00) | Time Elapsed: 01d 06h 23m | Losses/train_medical_loss: 4.81e+01 (4.26e+01) | Losses/train_medical_val_loss: 0.00e+00 (0.00e+00)
INFO 2026-05-22 13:03:25,865 train_utils.py: 268: Train Epoch: [3][8950/9054] | Batch Time: 2.84 (2.98) | Data Time: 0.00 (0.02) | Mem (GB): 36.00 (33.24/37.00) | Time Elapsed: 01d 06h 26m | Losses/train_medical_loss: 1.91e+01 (4.25e+01) | Losses/train_medical_val_loss: 0.00e+00 (0.00e+00)
INFO 2026-05-22 13:05:44,992 train_utils.py: 268: Train Epoch: [3][9000/9054] | Batch Time: 3.45 (2.98) | Data Time: 0.00 (0.02) | Mem (GB): 36.00 (33.23/37.00) | Time Elapsed: 01d 06h 28m | Losses/train_medical_loss: 9.38e+01 (4.25e+01) | Losses/train_medical_val_loss: 0.00e+00 (0.00e+00)
INFO 2026-05-22 13:08:02,848 train_utils.py: 268: Train Epoch: [3][9050/9054] | Batch Time: 2.81 (2.98) | Data Time: 0.00 (0.02) | Mem (GB): 36.00 (33.24/37.00) | Time Elapsed: 01d 06h 30m | Losses/train_medical_loss: 6.42e+00 (4.25e+01) | Losses/train_medical_val_loss: 0.00e+00 (0.00e+00)
INFO 2026-05-22 13:08:16,130 trainer.py:1107: Estimated time remaining: 01d 20h 57m
Warning expected instance segmentation size to be [512, 512] but found [1103, 512]
INFO 2026-05-22 13:08:27,006 trainer.py:1049: Synchronizing meters
INFO 2026-05-22 13:08:27,006 trainer.py: 966: Losses and meters: {'Losses/train_medical_loss': 42.464739200843304, 'Losses/train_medical_val_loss': 0, 'Losses/train_medical_loss_bbox': 0.7098721483247032, 'Losses/train_medical_loss_giou': 3.9113777634544293, 'Losses/train_medical_loss_bbox_o2m': 1.2762257734662246, 'Losses/train_medical_loss_giou_o2m': 9.01619610786438, 'Losses/train_medical_loss_ce': 0.6001553792446584, 'Losses/train_medical_ce_f1': 0.90169566963883, 'Losses/train_medical_presence_loss': 0.0046067205362638605, 'Losses/train_medical_presence_dec_acc': 0.9999684094215264, 'Losses/train_medical_loss_ce_o2m': 1.5084033546519446, 'Losses/train_medical_ce_f1_o2m': 1.3772456244917568, 'Losses/train_medical_presence_loss_o2m': 0.0, 'Losses/train_medical_presence_dec_acc_o2m': 0.0, 'Losses/train_medical_loss_bbox_aux_0': 0.2668595712280065, 'Losses/train_medical_loss_giou_aux_0': 1.9954021526595613, 'Losses/train_medical_loss_bbox_aux_0_o2m': 0.5331772081377557, 'Losses/train_medical_loss_giou_aux_0_o2m': 3.9569240133243797, 'Losses/train_medical_loss_ce_aux_0': 0.22012675768642667, 'Losses/train_medical_ce_f1_aux_0': 0.6804122632964587, 'Losses/train_medical_presence_loss_aux_0': 1.8018773767285872e-09, 'Losses/train_medical_presence_dec_acc_aux_0': 1.0, 'Losses/train_medical_loss_ce_aux_0_o2m': 0.44199906007924117, 'Losses/train_medical_ce_f1_aux_0_o2m': 1.3586079201710919, 'Losses/train_medical_presence_loss_aux_0_o2m': 0.0, 'Losses/train_medical_presence_dec_acc_aux_0_o2m': 0.0, 'Losses/train_medical_loss_bbox_aux_1': 0.2199984638541222, 'Losses/train_medical_loss_giou_aux_1': 1.5971020153095665, 'Losses/train_medical_loss_bbox_aux_1_o2m': 0.43765478866007707, 'Losses/train_medical_loss_giou_aux_1_o2m': 3.170443791779009, 'Losses/train_medical_loss_ce_aux_1': 0.19230028973622246, 'Losses/train_medical_ce_f1_aux_1': 0.7881172069425625, 'Losses/train_medical_presence_loss_aux_1': 4.984199502066955e-09, 'Losses/train_medical_presence_dec_acc_aux_1': 1.0, 'Losses/train_medical_loss_ce_aux_1_o2m': 0.38926569844528863, 'Losses/train_medical_ce_f1_aux_1_o2m': 1.5490239400629033, 'Losses/train_medical_presence_loss_aux_1_o2m': 0.0, 'Losses/train_medical_presence_dec_acc_aux_1_o2m': 0.0, 'Losses/train_medical_loss_bbox_aux_2': 0.21361707667197902, 'Losses/train_medical_loss_giou_aux_2': 1.5542348606188026, 'Losses/train_medical_loss_bbox_aux_2_o2m': 0.42491688216852397, 'Losses/train_medical_loss_giou_aux_2_o2m': 3.0701578245477794, 'Losses/train_medical_loss_ce_aux_2': 0.18793669316323058, 'Losses/train_medical_ce_f1_aux_2': 0.8039251353299236, 'Losses/train_medical_presence_loss_aux_2': 3.6330645098459805e-09, 'Losses/train_medical_presence_dec_acc_aux_2': 1.0, 'Losses/train_medical_loss_ce_aux_2_o2m': 0.3847404959518183, 'Losses/train_medical_ce_f1_aux_2_o2m': 1.5643669609538828, 'Losses/train_medical_presence_loss_aux_2_o2m': 0.0, 'Losses/train_medical_presence_dec_acc_aux_2_o2m': 0.0, 'Losses/train_medical_loss_bbox_aux_3': 0.20955176360976074, 'Losses/train_medical_loss_giou_aux_3': 1.5311281699410098, 'Losses/train_medical_loss_bbox_aux_3_o2m': 0.4192473118060759, 'Losses/train_medical_loss_giou_aux_3_o2m': 3.032769549648036, 'Losses/train_medical_loss_ce_aux_3': 0.18679314574717773, 'Losses/train_medical_ce_f1_aux_3': 0.8034363840172508, 'Losses/train_medical_presence_loss_aux_3': 4.515862791741085e-09, 'Losses/train_medical_presence_dec_acc_aux_3': 1.0, 'Losses/train_medical_loss_ce_aux_3_o2m': 0.38412979534138575, 'Losses/train_medical_ce_f1_aux_3_o2m': 1.562235123187873, 'Losses/train_medical_presence_loss_aux_3_o2m': 0.0, 'Losses/train_medical_presence_dec_acc_aux_3_o2m': 0.0, 'Losses/train_medical_loss_bbox_aux_4': 0.20633148493141829, 'Losses/train_medical_loss_giou_aux_4': 1.5127054625524576, 'Losses/train_medical_loss_bbox_aux_4_o2m': 0.41345164629730335, 'Losses/train_medical_loss_giou_aux_4_o2m': 2.993302910579473, 'Losses/train_medical_loss_ce_aux_4': 0.18620317888749482, 'Losses/train_medical_ce_f1_aux_4': 0.8045417534838524, 'Losses/train_medical_presence_loss_aux_4': 6.3199953216083455e-09, 'Losses/train_medical_presence_dec_acc_aux_4': 1.0, 'Losses/train_medical_loss_ce_aux_4_o2m': 0.3850996090013306, 'Losses/train_medical_ce_f1_aux_4_o2m': 1.5585059298542208, 'Losses/train_medical_presence_loss_aux_4_o2m': 0.0, 'Losses/train_medical_presence_dec_acc_aux_4_o2m': 0.0, 'Losses/train_medical_core_loss': 42.464739200843304, 'Losses/train_medical_loss_semantic_presence': 0.13531086069989723, 'Losses/train_medical_presence_acc': 0.9999684094215264, 'Losses/train_medical_loss_semantic_seg': 0.1390139823529445, 'Losses/train_medical_loss_semantic_dice': 3.505805970431157, 'Losses/train_medical_miou_semantic_seg': 0.6798780562047846, 'Confidence/train_mean_obj_confidence': 0.991225945446808, 'Trainer/where': 0.39998895515794125, 'Trainer/epoch': 3, 'Trainer/steps_train': 36216}
INFO 2026-05-22 13:10:50,014 train_utils.py: 268: Train Epoch: [4][   0/9054] | Batch Time: 119.28 (119.28) | Data Time: 116.35 (116.35) | Mem (GB): 36.00 (36.00/36.00) | Time Elapsed: 01d 06h 33m | Losses/train_medical_loss: 4.64e+01 (4.64e+01) | Losses/train_medical_val_loss: 0.00e+00 (0.00e+00)
INFO 2026-05-22 13:13:02,083 train_utils.py: 268: Train Epoch: [4][  50/9054] | Batch Time: 2.82 (4.93) | Data Time: 0.00 (2.38) | Mem (GB): 36.00 (33.31/37.00) | Time Elapsed: 01d 06h 35m | Losses/train_medical_loss: 1.51e+01 (4.66e+01) | Losses/train_medical_val_loss: 0.00e+00 (0.00e+00)
INFO 2026-05-22 13:15:20,342 train_utils.py: 268: Train Epoch: [4][ 100/9054] | Batch Time: 2.00 (3.86) | Data Time: 0.00 (1.20) | Mem (GB): 28.00 (33.50/37.00) | Time Elapsed: 01d 06h 38m | Losses/train_medical_loss: 5.31e+01 (4.58e+01) | Losses/train_medical_val_loss: 0.00e+00 (0.00e+00)
INFO 2026-05-22 13:17:38,780 train_utils.py: 268: Train Epoch: [4][ 150/9054] | Batch Time: 3.05 (3.50) | Data Time: 0.00 (0.80) | Mem (GB): 37.00 (33.39/37.00) | Time Elapsed: 01d 06h 40m | Losses/train_medical_loss: 1.22e+01 (4.50e+01) | Losses/train_medical_val_loss: 0.00e+00 (0.00e+00)
INFO 2026-05-22 13:20:19,529 train_utils.py: 268: Train Epoch: [4][ 200/9054] | Batch Time: 2.80 (3.43) | Data Time: 0.00 (0.60) | Mem (GB): 36.00 (33.36/37.00) | Time Elapsed: 01d 06h 43m | Losses/train_medical_loss: 8.25e+01 (4.49e+01) | Losses/train_medical_val_loss: 0.00e+00 (0.00e+00)
INFO 2026-05-22 13:22:37,683 train_utils.py: 268: Train Epoch: [4][ 250/9054] | Batch Time: 2.80 (3.29) | Data Time: 0.00 (0.48) | Mem (GB): 36.00 (33.46/37.00) | Time Elapsed: 01d 06h 45m | Losses/train_medical_loss: 7.45e+00 (4.35e+01) | Losses/train_medical_val_loss: 0.00e+00 (0.00e+00)
INFO 2026-05-22 13:24:56,038 train_utils.py: 268: Train Epoch: [4][ 300/9054] | Batch Time: 3.60 (3.21) | Data Time: 0.00 (0.40) | Mem (GB): 36.00 (33.34/37.00) | Time Elapsed: 01d 06h 47m | Losses/train_medical_loss: 2.95e+01 (4.25e+01) | Losses/train_medical_val_loss: 0.00e+00 (0.00e+00)
INFO 2026-05-22 13:27:13,989 train_utils.py: 268: Train Epoch: [4][ 350/9054] | Batch Time: 3.45 (3.14) | Data Time: 0.00 (0.35) | Mem (GB): 30.00 (33.26/37.00) | Time Elapsed: 01d 06h 49m | Losses/train_medical_loss: 7.07e+01 (4.23e+01) | Losses/train_medical_val_loss: 0.00e+00 (0.00e+00)
INFO 2026-05-22 13:30:06,685 train_utils.py: 268: Train Epoch: [4][ 400/9054] | Batch Time: 2.90 (3.18) | Data Time: 0.00 (0.30) | Mem (GB): 36.00 (33.38/37.00) | Time Elapsed: 01d 06h 52m | Losses/train_medical_loss: 3.28e+01 (4.17e+01) | Losses/train_medical_val_loss: 0.00e+00 (0.00e+00)
INFO 2026-05-22 13:32:25,762 train_utils.py: 268: Train Epoch: [4][ 450/9054] | Batch Time: 2.84 (3.14) | Data Time: 0.00 (0.27) | Mem (GB): 36.00 (33.32/37.00) | Time Elapsed: 01d 06h 55m | Losses/train_medical_loss: 2.50e+01 (4.16e+01) | Losses/train_medical_val_loss: 0.00e+00 (0.00e+00)
INFO 2026-05-22 13:34:42,194 train_utils.py: 268: Train Epoch: [4][ 500/9054] | Batch Time: 3.37 (3.10) | Data Time: 0.00 (0.24) | Mem (GB): 36.00 (33.21/37.00) | Time Elapsed: 01d 06h 57m | Losses/train_medical_loss: 5.86e+01 (4.14e+01) | Losses/train_medical_val_loss: 0.00e+00 (0.00e+00)
INFO 2026-05-22 13:37:23,430 train_utils.py: 268: Train Epoch: [4][ 550/9054] | Batch Time: 3.32 (3.11) | Data Time: 0.00 (0.22) | Mem (GB): 36.00 (33.29/37.00) | Time Elapsed: 01d 07h 00m | Losses/train_medical_loss: 7.26e+01 (4.15e+01) | Losses/train_medical_val_loss: 0.00e+00 (0.00e+00)
INFO 2026-05-22 13:39:51,698 train_utils.py: 268: Train Epoch: [4][ 600/9054] | Batch Time: 2.81 (3.10) | Data Time: 0.00 (0.20) | Mem (GB): 36.00 (33.33/37.00) | Time Elapsed: 01d 07h 02m | Losses/train_medical_loss: 1.39e+01 (4.15e+01) | Losses/train_medical_val_loss: 0.00e+00 (0.00e+00)
INFO 2026-05-22 13:42:09,158 train_utils.py: 268: Train Epoch: [4][ 650/9054] | Batch Time: 3.12 (3.07) | Data Time: 0.00 (0.19) | Mem (GB): 36.00 (33.38/37.00) | Time Elapsed: 01d 07h 04m | Losses/train_medical_loss: 1.23e+01 (4.15e+01) | Losses/train_medical_val_loss: 0.00e+00 (0.00e+00)
INFO 2026-05-22 13:44:26,759 train_utils.py: 268: Train Epoch: [4][ 700/9054] | Batch Time: 2.85 (3.05) | Data Time: 0.00 (0.17) | Mem (GB): 36.00 (33.36/37.00) | Time Elapsed: 01d 07h 07m | Losses/train_medical_loss: 2.91e+01 (4.15e+01) | Losses/train_medical_val_loss: 0.00e+00 (0.00e+00)
INFO 2026-05-22 13:47:17,863 train_utils.py: 268: Train Epoch: [4][ 750/9054] | Batch Time: 2.03 (3.07) | Data Time: 0.00 (0.16) | Mem (GB): 28.00 (33.31/37.00) | Time Elapsed: 01d 07h 09m | Losses/train_medical_loss: 4.70e+01 (4.17e+01) | Losses/train_medical_val_loss: 0.00e+00 (0.00e+00)
INFO 2026-05-22 13:49:36,836 train_utils.py: 268: Train Epoch: [4][ 800/9054] | Batch Time: 2.83 (3.05) | Data Time: 0.00 (0.15) | Mem (GB): 36.00 (33.31/37.00) | Time Elapsed: 01d 07h 12m | Losses/train_medical_loss: 2.68e+01 (4.15e+01) | Losses/train_medical_val_loss: 0.00e+00 (0.00e+00)
INFO 2026-05-22 13:51:54,568 train_utils.py: 268: Train Epoch: [4][ 850/9054] | Batch Time: 2.27 (3.04) | Data Time: 0.00 (0.14) | Mem (GB): 30.00 (33.31/37.00) | Time Elapsed: 01d 07h 14m | Losses/train_medical_loss: 4.40e+01 (4.15e+01) | Losses/train_medical_val_loss: 0.00e+00 (0.00e+00)
INFO 2026-05-22 13:54:12,022 train_utils.py: 268: Train Epoch: [4][ 900/9054] | Batch Time: 2.80 (3.02) | Data Time: 0.00 (0.13) | Mem (GB): 36.00 (33.32/37.00) | Time Elapsed: 01d 07h 16m | Losses/train_medical_loss: 6.01e+01 (4.14e+01) | Losses/train_medical_val_loss: 0.00e+00 (0.00e+00)
INFO 2026-05-22 13:57:04,386 train_utils.py: 268: Train Epoch: [4][ 950/9054] | Batch Time: 2.82 (3.04) | Data Time: 0.00 (0.13) | Mem (GB): 36.00 (33.32/37.00) | Time Elapsed: 01d 07h 19m | Losses/train_medical_loss: 1.68e+01 (4.11e+01) | Losses/train_medical_val_loss: 0.00e+00 (0.00e+00)
INFO 2026-05-22 13:59:19,452 train_utils.py: 268: Train Epoch: [4][1000/9054] | Batch Time: 0.86 (3.03) | Data Time: 0.00 (0.12) | Mem (GB): 19.00 (33.26/37.00) | Time Elapsed: 01d 07h 22m | Losses/train_medical_loss: 1.12e+01 (4.09e+01) | Losses/train_medical_val_loss: 0.00e+00 (0.00e+00)
INFO 2026-05-22 14:01:37,630 train_utils.py: 268: Train Epoch: [4][1050/9054] | Batch Time: 2.07 (3.01) | Data Time: 0.00 (0.12) | Mem (GB): 22.00 (33.23/37.00) | Time Elapsed: 01d 07h 24m | Losses/train_medical_loss: 9.40e+01 (4.10e+01) | Losses/train_medical_val_loss: 0.00e+00 (0.00e+00)
INFO 2026-05-22 14:04:25,398 train_utils.py: 268: Train Epoch: [4][1100/9054] | Batch Time: 14.48 (3.03) | Data Time: 0.00 (0.11) | Mem (GB): 36.00 (33.14/37.00) | Time Elapsed: 01d 07h 27m | Losses/train_medical_loss: 4.23e+01 (4.13e+01) | Losses/train_medical_val_loss: 0.00e+00 (0.00e+00)
INFO 2026-05-22 14:06:53,400 train_utils.py: 268: Train Epoch: [4][1150/9054] | Batch Time: 2.81 (3.03) | Data Time: 0.00 (0.11) | Mem (GB): 36.00 (33.16/37.00) | Time Elapsed: 01d 07h 29m | Losses/train_medical_loss: 4.83e+01 (4.15e+01) | Losses/train_medical_val_loss: 0.00e+00 (0.00e+00)
INFO 2026-05-22 14:09:10,857 train_utils.py: 268: Train Epoch: [4][1200/9054] | Batch Time: 2.83 (3.01) | Data Time: 0.00 (0.10) | Mem (GB): 36.00 (33.16/37.00) | Time Elapsed: 01d 07h 31m | Losses/train_medical_loss: 1.33e+01 (4.12e+01) | Losses/train_medical_val_loss: 0.00e+00 (0.00e+00)
INFO 2026-05-22 14:11:26,731 train_utils.py: 268: Train Epoch: [4][1250/9054] | Batch Time: 3.23 (3.00) | Data Time: 0.00 (0.10) | Mem (GB): 36.00 (33.20/37.00) | Time Elapsed: 01d 07h 34m | Losses/train_medical_loss: 9.25e+01 (4.14e+01) | Losses/train_medical_val_loss: 0.00e+00 (0.00e+00)
INFO 2026-05-22 14:14:09,244 train_utils.py: 268: Train Epoch: [4][1300/9054] | Batch Time: 2.85 (3.01) | Data Time: 0.00 (0.09) | Mem (GB): 36.00 (33.21/37.00) | Time Elapsed: 01d 07h 36m | Losses/train_medical_loss: 2.17e+01 (4.12e+01) | Losses/train_medical_val_loss: 0.00e+00 (0.00e+00)
INFO 2026-05-22 14:16:37,282 train_utils.py: 268: Train Epoch: [4][1350/9054] | Batch Time: 2.82 (3.01) | Data Time: 0.00 (0.09) | Mem (GB): 36.00 (33.21/37.00) | Time Elapsed: 01d 07h 39m | Losses/train_medical_loss: 3.24e+01 (4.14e+01) | Losses/train_medical_val_loss: 0.00e+00 (0.00e+00)
INFO 2026-05-22 14:18:54,652 train_utils.py: 268: Train Epoch: [4][1400/9054] | Batch Time: 2.80 (3.00) | Data Time: 0.00 (0.09) | Mem (GB): 36.00 (33.23/37.00) | Time Elapsed: 01d 07h 41m | Losses/train_medical_loss: 3.41e+01 (4.14e+01) | Losses/train_medical_val_loss: 0.00e+00 (0.00e+00)
INFO 2026-05-22 14:21:18,524 train_utils.py: 268: Train Epoch: [4][1450/9054] | Batch Time: 2.82 (3.00) | Data Time: 0.00 (0.08) | Mem (GB): 36.00 (33.23/37.00) | Time Elapsed: 01d 07h 43m | Losses/train_medical_loss: 5.78e+01 (4.14e+01) | Losses/train_medical_val_loss: 0.00e+00 (0.00e+00)
INFO 2026-05-22 14:24:07,077 train_utils.py: 268: Train Epoch: [4][1500/9054] | Batch Time: 2.86 (3.01) | Data Time: 0.00 (0.08) | Mem (GB): 36.00 (33.22/37.00) | Time Elapsed: 01d 07h 46m | Losses/train_medical_loss: 8.16e+01 (4.12e+01) | Losses/train_medical_val_loss: 0.00e+00 (0.00e+00)
INFO 2026-05-22 14:26:28,160 train_utils.py: 268: Train Epoch: [4][1550/9054] | Batch Time: 2.97 (3.00) | Data Time: 0.00 (0.08) | Mem (GB): 36.00 (33.22/37.00) | Time Elapsed: 01d 07h 49m | Losses/train_medical_loss: 3.27e+01 (4.13e+01) | Losses/train_medical_val_loss: 0.00e+00 (0.00e+00)
INFO 2026-05-22 14:28:50,363 train_utils.py: 268: Train Epoch: [4][1600/9054] | Batch Time: 2.00 (3.00) | Data Time: 0.00 (0.08) | Mem (GB): 28.00 (33.27/37.00) | Time Elapsed: 01d 07h 51m | Losses/train_medical_loss: 7.33e+01 (4.14e+01) | Losses/train_medical_val_loss: 0.00e+00 (0.00e+00)
INFO 2026-05-22 14:31:27,065 train_utils.py: 268: Train Epoch: [4][1650/9054] | Batch Time: 1.23 (3.00) | Data Time: 0.00 (0.07) | Mem (GB): 20.00 (33.26/37.00) | Time Elapsed: 01d 07h 54m | Losses/train_medical_loss: 4.22e+01 (4.13e+01) | Losses/train_medical_val_loss: 0.00e+00 (0.00e+00)
INFO 2026-05-22 14:34:55,445 train_utils.py: 268: Train Epoch: [4][1700/9054] | Batch Time: 2.84 (3.04) | Data Time: 0.00 (0.07) | Mem (GB): 36.00 (33.28/37.00) | Time Elapsed: 01d 07h 57m | Losses/train_medical_loss: 4.30e+01 (4.13e+01) | Losses/train_medical_val_loss: 0.00e+00 (0.00e+00)
INFO 2026-05-22 14:37:13,731 train_utils.py: 268: Train Epoch: [4][1750/9054] | Batch Time: 3.06 (3.03) | Data Time: 0.00 (0.07) | Mem (GB): 36.00 (33.26/37.00) | Time Elapsed: 01d 07h 59m | Losses/train_medical_loss: 5.61e+01 (4.13e+01) | Losses/train_medical_val_loss: 0.00e+00 (0.00e+00)
INFO 2026-05-22 14:39:38,024 train_utils.py: 268: Train Epoch: [4][1800/9054] | Batch Time: 2.85 (3.02) | Data Time: 0.00 (0.07) | Mem (GB): 36.00 (33.29/37.00) | Time Elapsed: 01d 08h 02m | Losses/train_medical_loss: 5.06e+01 (4.14e+01) | Losses/train_medical_val_loss: 0.00e+00 (0.00e+00)
INFO 2026-05-22 14:42:28,526 train_utils.py: 268: Train Epoch: [4][1850/9054] | Batch Time: 2.81 (3.03) | Data Time: 0.00 (0.07) | Mem (GB): 36.00 (33.26/37.00) | Time Elapsed: 01d 08h 05m | Losses/train_medical_loss: 6.78e+01 (4.15e+01) | Losses/train_medical_val_loss: 0.00e+00 (0.00e+00)
INFO 2026-05-22 14:44:46,450 train_utils.py: 268: Train Epoch: [4][1900/9054] | Batch Time: 2.80 (3.03) | Data Time: 0.00 (0.06) | Mem (GB): 36.00 (33.29/37.00) | Time Elapsed: 01d 08h 07m | Losses/train_medical_loss: 5.05e+01 (4.14e+01) | Losses/train_medical_val_loss: 0.00e+00 (0.00e+00)
INFO 2026-05-22 14:47:05,355 train_utils.py: 268: Train Epoch: [4][1950/9054] | Batch Time: 3.34 (3.02) | Data Time: 0.00 (0.06) | Mem (GB): 36.00 (33.27/37.00) | Time Elapsed: 01d 08h 09m | Losses/train_medical_loss: 4.53e+01 (4.13e+01) | Losses/train_medical_val_loss: 0.00e+00 (0.00e+00)
INFO 2026-05-22 14:49:21,702 train_utils.py: 268: Train Epoch: [4][2000/9054] | Batch Time: 3.82 (3.01) | Data Time: 0.00 (0.06) | Mem (GB): 36.00 (33.29/37.00) | Time Elapsed: 01d 08h 12m | Losses/train_medical_loss: 1.74e+01 (4.15e+01) | Losses/train_medical_val_loss: 0.00e+00 (0.00e+00)
INFO 2026-05-22 14:52:03,415 train_utils.py: 268: Train Epoch: [4][2050/9054] | Batch Time: 2.81 (3.02) | Data Time: 0.00 (0.06) | Mem (GB): 36.00 (33.30/37.00) | Time Elapsed: 01d 08h 14m | Losses/train_medical_loss: 4.93e+01 (4.15e+01) | Losses/train_medical_val_loss: 0.00e+00 (0.00e+00)
INFO 2026-05-22 14:54:21,783 train_utils.py: 268: Train Epoch: [4][2100/9054] | Batch Time: 2.80 (3.01) | Data Time: 0.00 (0.06) | Mem (GB): 36.00 (33.31/37.00) | Time Elapsed: 01d 08h 17m | Losses/train_medical_loss: 2.42e+01 (4.16e+01) | Losses/train_medical_val_loss: 0.00e+00 (0.00e+00)
INFO 2026-05-22 14:56:40,553 train_utils.py: 268: Train Epoch: [4][2150/9054] | Batch Time: 2.85 (3.01) | Data Time: 0.00 (0.06) | Mem (GB): 36.00 (33.32/37.00) | Time Elapsed: 01d 08h 19m | Losses/train_medical_loss: 5.76e+01 (4.15e+01) | Losses/train_medical_val_loss: 0.00e+00 (0.00e+00)
INFO 2026-05-22 14:59:28,999 train_utils.py: 268: Train Epoch: [4][2200/9054] | Batch Time: 14.41 (3.02) | Data Time: 0.00 (0.06) | Mem (GB): 36.00 (33.32/37.00) | Time Elapsed: 01d 08h 22m | Losses/train_medical_loss: 6.90e+01 (4.17e+01) | Losses/train_medical_val_loss: 0.00e+00 (0.00e+00)
INFO 2026-05-22 15:01:58,939 train_utils.py: 268: Train Epoch: [4][2250/9054] | Batch Time: 2.80 (3.02) | Data Time: 0.00 (0.05) | Mem (GB): 36.00 (33.33/37.00) | Time Elapsed: 01d 08h 24m | Losses/train_medical_loss: 1.62e+01 (4.16e+01) | Losses/train_medical_val_loss: 0.00e+00 (0.00e+00)
INFO 2026-05-22 15:04:17,925 train_utils.py: 268: Train Epoch: [4][2300/9054] | Batch Time: 2.84 (3.01) | Data Time: 0.00 (0.05) | Mem (GB): 36.00 (33.36/37.00) | Time Elapsed: 01d 08h 26m | Losses/train_medical_loss: 2.76e+01 (4.14e+01) | Losses/train_medical_val_loss: 0.00e+00 (0.00e+00)
INFO 2026-05-22 15:06:35,653 train_utils.py: 268: Train Epoch: [4][2350/9054] | Batch Time: 2.83 (3.01) | Data Time: 0.00 (0.05) | Mem (GB): 36.00 (33.39/37.00) | Time Elapsed: 01d 08h 29m | Losses/train_medical_loss: 7.71e+00 (4.13e+01) | Losses/train_medical_val_loss: 0.00e+00 (0.00e+00)
INFO 2026-05-22 15:09:26,261 train_utils.py: 268: Train Epoch: [4][2400/9054] | Batch Time: 2.42 (3.01) | Data Time: 0.00 (0.05) | Mem (GB): 22.00 (33.39/37.00) | Time Elapsed: 01d 08h 32m | Losses/train_medical_loss: 5.03e+01 (4.14e+01) | Losses/train_medical_val_loss: 0.00e+00 (0.00e+00)
INFO 2026-05-22 15:11:45,645 train_utils.py: 268: Train Epoch: [4][2450/9054] | Batch Time: 2.83 (3.01) | Data Time: 0.00 (0.05) | Mem (GB): 36.00 (33.41/37.00) | Time Elapsed: 01d 08h 34m | Losses/train_medical_loss: 4.92e+01 (4.14e+01) | Losses/train_medical_val_loss: 0.00e+00 (0.00e+00)
INFO 2026-05-22 15:14:03,068 train_utils.py: 268: Train Epoch: [4][2500/9054] | Batch Time: 1.23 (3.00) | Data Time: 0.00 (0.05) | Mem (GB): 20.00 (33.41/37.00) | Time Elapsed: 01d 08h 36m | Losses/train_medical_loss: 7.19e+01 (4.13e+01) | Losses/train_medical_val_loss: 0.00e+00 (0.00e+00)
INFO 2026-05-22 15:16:32,867 train_utils.py: 268: Train Epoch: [4][2550/9054] | Batch Time: 2.82 (3.00) | Data Time: 0.00 (0.05) | Mem (GB): 36.00 (33.42/37.00) | Time Elapsed: 01d 08h 39m | Losses/train_medical_loss: 4.89e+01 (4.13e+01) | Losses/train_medical_val_loss: 0.00e+00 (0.00e+00)
INFO 2026-05-22 15:19:16,611 train_utils.py: 268: Train Epoch: [4][2600/9054] | Batch Time: 4.64 (3.01) | Data Time: 0.00 (0.05) | Mem (GB): 36.00 (33.41/37.00) | Time Elapsed: 01d 08h 41m | Losses/train_medical_loss: 1.53e+01 (4.13e+01) | Losses/train_medical_val_loss: 0.00e+00 (0.00e+00)
INFO 2026-05-22 15:21:35,165 train_utils.py: 268: Train Epoch: [4][2650/9054] | Batch Time: 3.95 (3.00) | Data Time: 0.00 (0.05) | Mem (GB): 36.00 (33.41/37.00) | Time Elapsed: 01d 08h 44m | Losses/train_medical_loss: 1.93e+01 (4.13e+01) | Losses/train_medical_val_loss: 0.00e+00 (0.00e+00)
INFO 2026-05-22 15:23:53,914 train_utils.py: 268: Train Epoch: [4][2700/9054] | Batch Time: 2.52 (3.00) | Data Time: 0.00 (0.05) | Mem (GB): 33.00 (33.40/37.00) | Time Elapsed: 01d 08h 46m | Losses/train_medical_loss: 3.51e+01 (4.12e+01) | Losses/train_medical_val_loss: 0.00e+00 (0.00e+00)
INFO 2026-05-22 15:26:34,616 train_utils.py: 268: Train Epoch: [4][2750/9054] | Batch Time: 2.56 (3.00) | Data Time: 0.00 (0.04) | Mem (GB): 25.00 (33.40/37.00) | Time Elapsed: 01d 08h 49m | Losses/train_medical_loss: 9.34e+01 (4.11e+01) | Losses/train_medical_val_loss: 0.00e+00 (0.00e+00)
INFO 2026-05-22 15:29:05,823 train_utils.py: 268: Train Epoch: [4][2800/9054] | Batch Time: 2.80 (3.00) | Data Time: 0.00 (0.04) | Mem (GB): 36.00 (33.43/37.00) | Time Elapsed: 01d 08h 51m | Losses/train_medical_loss: 3.18e+01 (4.11e+01) | Losses/train_medical_val_loss: 0.00e+00 (0.00e+00)
INFO 2026-05-22 15:31:23,582 train_utils.py: 268: Train Epoch: [4][2850/9054] | Batch Time: 2.79 (3.00) | Data Time: 0.00 (0.04) | Mem (GB): 36.00 (33.43/37.00) | Time Elapsed: 01d 08h 54m | Losses/train_medical_loss: 1.46e+01 (4.10e+01) | Losses/train_medical_val_loss: 0.00e+00 (0.00e+00)
INFO 2026-05-22 15:33:52,412 train_utils.py: 268: Train Epoch: [4][2900/9054] | Batch Time: 1.46 (3.00) | Data Time: 0.00 (0.04) | Mem (GB): 22.00 (33.42/37.00) | Time Elapsed: 01d 08h 56m | Losses/train_medical_loss: 5.32e+01 (4.10e+01) | Losses/train_medical_val_loss: 0.00e+00 (0.00e+00)
INFO 2026-05-22 15:36:34,153 train_utils.py: 268: Train Epoch: [4][2950/9054] | Batch Time: 1.76 (3.00) | Data Time: 0.00 (0.04) | Mem (GB): 25.00 (33.39/37.00) | Time Elapsed: 01d 08h 59m | Losses/train_medical_loss: 4.59e+01 (4.09e+01) | Losses/train_medical_val_loss: 0.00e+00 (0.00e+00)
INFO 2026-05-22 15:38:54,091 train_utils.py: 268: Train Epoch: [4][3000/9054] | Batch Time: 2.85 (3.00) | Data Time: 0.00 (0.04) | Mem (GB): 36.00 (33.38/37.00) | Time Elapsed: 01d 09h 01m | Losses/train_medical_loss: 2.92e+01 (4.10e+01) | Losses/train_medical_val_loss: 0.00e+00 (0.00e+00)
INFO 2026-05-22 15:41:12,690 train_utils.py: 268: Train Epoch: [4][3050/9054] | Batch Time: 2.86 (3.00) | Data Time: 0.00 (0.04) | Mem (GB): 36.00 (33.39/37.00) | Time Elapsed: 01d 09h 03m | Losses/train_medical_loss: 5.36e+01 (4.11e+01) | Losses/train_medical_val_loss: 0.00e+00 (0.00e+00)
INFO 2026-05-22 15:43:42,395 train_utils.py: 268: Train Epoch: [4][3100/9054] | Batch Time: 2.30 (3.00) | Data Time: 0.00 (0.04) | Mem (GB): 20.00 (33.39/37.00) | Time Elapsed: 01d 09h 06m | Losses/train_medical_loss: 8.05e+01 (4.12e+01) | Losses/train_medical_val_loss: 0.00e+00 (0.00e+00)
INFO 2026-05-22 15:46:24,922 train_utils.py: 268: Train Epoch: [4][3150/9054] | Batch Time: 2.84 (3.00) | Data Time: 0.00 (0.04) | Mem (GB): 36.00 (33.39/37.00) | Time Elapsed: 01d 09h 09m | Losses/train_medical_loss: 2.97e+01 (4.13e+01) | Losses/train_medical_val_loss: 0.00e+00 (0.00e+00)
INFO 2026-05-22 15:48:43,417 train_utils.py: 268: Train Epoch: [4][3200/9054] | Batch Time: 2.79 (3.00) | Data Time: 0.00 (0.04) | Mem (GB): 36.00 (33.41/37.00) | Time Elapsed: 01d 09h 11m | Losses/train_medical_loss: 4.14e+01 (4.13e+01) | Losses/train_medical_val_loss: 0.00e+00 (0.00e+00)
INFO 2026-05-22 15:51:10,294 train_utils.py: 268: Train Epoch: [4][3250/9054] | Batch Time: 2.78 (3.00) | Data Time: 0.00 (0.04) | Mem (GB): 36.00 (33.41/37.00) | Time Elapsed: 01d 09h 13m | Losses/train_medical_loss: 3.13e+01 (4.13e+01) | Losses/train_medical_val_loss: 0.00e+00 (0.00e+00)
INFO 2026-05-22 15:54:01,269 train_utils.py: 268: Train Epoch: [4][3300/9054] | Batch Time: 1.76 (3.00) | Data Time: 0.00 (0.04) | Mem (GB): 25.00 (33.41/37.00) | Time Elapsed: 01d 09h 16m | Losses/train_medical_loss: 4.31e+01 (4.13e+01) | Losses/train_medical_val_loss: 0.00e+00 (0.00e+00)
INFO 2026-05-22 15:56:20,212 train_utils.py: 268: Train Epoch: [4][3350/9054] | Batch Time: 2.81 (3.00) | Data Time: 0.00 (0.04) | Mem (GB): 36.00 (33.41/37.00) | Time Elapsed: 01d 09h 19m | Losses/train_medical_loss: 2.31e+01 (4.12e+01) | Losses/train_medical_val_loss: 0.00e+00 (0.00e+00)
INFO 2026-05-22 15:58:40,552 train_utils.py: 268: Train Epoch: [4][3400/9054] | Batch Time: 2.81 (3.00) | Data Time: 0.00 (0.04) | Mem (GB): 36.00 (33.42/37.00) | Time Elapsed: 01d 09h 21m | Losses/train_medical_loss: 5.50e+01 (4.11e+01) | Losses/train_medical_val_loss: 0.00e+00 (0.00e+00)
INFO 2026-05-22 16:01:09,840 train_utils.py: 268: Train Epoch: [4][3450/9054] | Batch Time: 2.80 (3.00) | Data Time: 0.00 (0.04) | Mem (GB): 36.00 (33.39/37.00) | Time Elapsed: 01d 09h 23m | Losses/train_medical_loss: 7.17e+01 (4.11e+01) | Losses/train_medical_val_loss: 0.00e+00 (0.00e+00)
INFO 2026-05-22 16:03:49,536 train_utils.py: 268: Train Epoch: [4][3500/9054] | Batch Time: 2.02 (3.00) | Data Time: 0.00 (0.04) | Mem (GB): 28.00 (33.38/37.00) | Time Elapsed: 01d 09h 26m | Losses/train_medical_loss: 3.85e+01 (4.11e+01) | Losses/train_medical_val_loss: 0.00e+00 (0.00e+00)
INFO 2026-05-22 16:06:07,847 train_utils.py: 268: Train Epoch: [4][3550/9054] | Batch Time: 2.83 (3.00) | Data Time: 0.00 (0.04) | Mem (GB): 36.00 (33.38/37.00) | Time Elapsed: 01d 09h 28m | Losses/train_medical_loss: 1.47e+01 (4.11e+01) | Losses/train_medical_val_loss: 0.00e+00 (0.00e+00)
INFO 2026-05-22 16:08:24,240 train_utils.py: 268: Train Epoch: [4][3600/9054] | Batch Time: 2.34 (2.99) | Data Time: 0.00 (0.04) | Mem (GB): 20.00 (33.37/37.00) | Time Elapsed: 01d 09h 31m | Losses/train_medical_loss: 4.75e+01 (4.11e+01) | Losses/train_medical_val_loss: 0.00e+00 (0.00e+00)
INFO 2026-05-22 16:10:56,526 train_utils.py: 268: Train Epoch: [4][3650/9054] | Batch Time: 4.11 (2.99) | Data Time: 0.00 (0.04) | Mem (GB): 36.00 (33.38/37.00) | Time Elapsed: 01d 09h 33m | Losses/train_medical_loss: 5.29e+01 (4.11e+01) | Losses/train_medical_val_loss: 0.00e+00 (0.00e+00)
INFO 2026-05-22 16:13:37,352 train_utils.py: 268: Train Epoch: [4][3700/9054] | Batch Time: 2.80 (3.00) | Data Time: 0.00 (0.04) | Mem (GB): 36.00 (33.38/37.00) | Time Elapsed: 01d 09h 36m | Losses/train_medical_loss: 3.88e+01 (4.12e+01) | Losses/train_medical_val_loss: 0.00e+00 (0.00e+00)
INFO 2026-05-22 16:15:56,262 train_utils.py: 268: Train Epoch: [4][3750/9054] | Batch Time: 2.53 (2.99) | Data Time: 0.00 (0.04) | Mem (GB): 33.00 (33.39/37.00) | Time Elapsed: 01d 09h 38m | Losses/train_medical_loss: 1.84e+01 (4.12e+01) | Losses/train_medical_val_loss: 0.00e+00 (0.00e+00)
INFO 2026-05-22 16:18:14,459 train_utils.py: 268: Train Epoch: [4][3800/9054] | Batch Time: 2.83 (2.99) | Data Time: 0.00 (0.03) | Mem (GB): 36.00 (33.38/37.00) | Time Elapsed: 01d 09h 40m | Losses/train_medical_loss: 3.12e+01 (4.12e+01) | Losses/train_medical_val_loss: 0.00e+00 (0.00e+00)
INFO 2026-05-22 16:21:05,141 train_utils.py: 268: Train Epoch: [4][3850/9054] | Batch Time: 1.26 (3.00) | Data Time: 0.00 (0.03) | Mem (GB): 20.00 (33.38/37.00) | Time Elapsed: 01d 09h 43m | Losses/train_medical_loss: 5.59e+01 (4.12e+01) | Losses/train_medical_val_loss: 0.00e+00 (0.00e+00)
INFO 2026-05-22 16:23:31,985 train_utils.py: 268: Train Epoch: [4][3900/9054] | Batch Time: 2.26 (2.99) | Data Time: 0.00 (0.04) | Mem (GB): 30.00 (33.37/37.00) | Time Elapsed: 01d 09h 46m | Losses/train_medical_loss: 4.41e+01 (4.12e+01) | Losses/train_medical_val_loss: 0.00e+00 (0.00e+00)
INFO 2026-05-22 16:25:41,989 train_utils.py: 268: Train Epoch: [4][3950/9054] | Batch Time: 1.76 (2.99) | Data Time: 0.00 (0.04) | Mem (GB): 25.00 (33.35/37.00) | Time Elapsed: 01d 09h 48m | Losses/train_medical_loss: 4.20e+01 (4.11e+01) | Losses/train_medical_val_loss: 0.00e+00 (0.00e+00)
INFO 2026-05-22 16:28:17,545 train_utils.py: 268: Train Epoch: [4][4000/9054] | Batch Time: 2.80 (2.99) | Data Time: 0.00 (0.04) | Mem (GB): 36.00 (33.35/37.00) | Time Elapsed: 01d 09h 50m | Losses/train_medical_loss: 3.87e+01 (4.12e+01) | Losses/train_medical_val_loss: 0.00e+00 (0.00e+00)
INFO 2026-05-22 16:30:58,421 train_utils.py: 268: Train Epoch: [4][4050/9054] | Batch Time: 2.81 (2.99) | Data Time: 0.00 (0.04) | Mem (GB): 36.00 (33.36/37.00) | Time Elapsed: 01d 09h 53m | Losses/train_medical_loss: 4.98e+01 (4.12e+01) | Losses/train_medical_val_loss: 0.00e+00 (0.00e+00)
INFO 2026-05-22 16:33:16,250 train_utils.py: 268: Train Epoch: [4][4100/9054] | Batch Time: 2.30 (2.99) | Data Time: 0.00 (0.04) | Mem (GB): 30.00 (33.35/37.00) | Time Elapsed: 01d 09h 55m | Losses/train_medical_loss: 5.06e+01 (4.12e+01) | Losses/train_medical_val_loss: 0.00e+00 (0.00e+00)
INFO 2026-05-22 16:35:34,690 train_utils.py: 268: Train Epoch: [4][4150/9054] | Batch Time: 2.83 (2.99) | Data Time: 0.00 (0.04) | Mem (GB): 36.00 (33.34/37.00) | Time Elapsed: 01d 09h 58m | Losses/train_medical_loss: 2.81e+01 (4.12e+01) | Losses/train_medical_val_loss: 0.00e+00 (0.00e+00)
INFO 2026-05-22 16:38:07,518 train_utils.py: 268: Train Epoch: [4][4200/9054] | Batch Time: 2.59 (2.99) | Data Time: 0.00 (0.04) | Mem (GB): 33.00 (33.35/37.00) | Time Elapsed: 01d 10h 00m | Losses/train_medical_loss: 1.09e+02 (4.13e+01) | Losses/train_medical_val_loss: 0.00e+00 (0.00e+00)
INFO 2026-05-22 16:40:46,285 train_utils.py: 268: Train Epoch: [4][4250/9054] | Batch Time: 2.80 (2.99) | Data Time: 0.00 (0.03) | Mem (GB): 36.00 (33.34/37.00) | Time Elapsed: 01d 10h 03m | Losses/train_medical_loss: 4.93e+01 (4.12e+01) | Losses/train_medical_val_loss: 0.00e+00 (0.00e+00)
INFO 2026-05-22 16:43:04,431 train_utils.py: 268: Train Epoch: [4][4300/9054] | Batch Time: 2.85 (2.99) | Data Time: 0.00 (0.03) | Mem (GB): 36.00 (33.34/37.00) | Time Elapsed: 01d 10h 05m | Losses/train_medical_loss: 2.66e+01 (4.12e+01) | Losses/train_medical_val_loss: 0.00e+00 (0.00e+00)
INFO 2026-05-22 16:45:27,086 train_utils.py: 268: Train Epoch: [4][4350/9054] | Batch Time: 3.47 (2.99) | Data Time: 0.00 (0.03) | Mem (GB): 36.00 (33.34/37.00) | Time Elapsed: 01d 10h 08m | Losses/train_medical_loss: 8.25e+01 (4.12e+01) | Losses/train_medical_val_loss: 0.00e+00 (0.00e+00)
INFO 2026-05-22 16:48:25,452 train_utils.py: 268: Train Epoch: [4][4400/9054] | Batch Time: 2.83 (2.99) | Data Time: 0.00 (0.04) | Mem (GB): 36.00 (33.33/37.00) | Time Elapsed: 01d 10h 11m | Losses/train_medical_loss: 3.04e+01 (4.12e+01) | Losses/train_medical_val_loss: 0.00e+00 (0.00e+00)
INFO 2026-05-22 16:50:37,839 train_utils.py: 268: Train Epoch: [4][4450/9054] | Batch Time: 2.82 (2.99) | Data Time: 0.00 (0.03) | Mem (GB): 36.00 (33.32/37.00) | Time Elapsed: 01d 10h 13m | Losses/train_medical_loss: 1.45e+01 (4.11e+01) | Losses/train_medical_val_loss: 0.00e+00 (0.00e+00)
INFO 2026-05-22 16:52:56,765 train_utils.py: 268: Train Epoch: [4][4500/9054] | Batch Time: 3.57 (2.99) | Data Time: 0.00 (0.03) | Mem (GB): 36.00 (33.32/37.00) | Time Elapsed: 01d 10h 15m | Losses/train_medical_loss: 5.08e+01 (4.11e+01) | Losses/train_medical_val_loss: 0.00e+00 (0.00e+00)
INFO 2026-05-22 16:55:14,330 train_utils.py: 268: Train Epoch: [4][4550/9054] | Batch Time: 4.35 (2.98) | Data Time: 0.00 (0.03) | Mem (GB): 36.00 (33.30/37.00) | Time Elapsed: 01d 10h 17m | Losses/train_medical_loss: 5.35e+01 (4.11e+01) | Losses/train_medical_val_loss: 0.00e+00 (0.00e+00)
INFO 2026-05-22 16:58:06,988 train_utils.py: 268: Train Epoch: [4][4600/9054] | Batch Time: 3.04 (2.99) | Data Time: 0.00 (0.03) | Mem (GB): 28.00 (33.29/37.00) | Time Elapsed: 01d 10h 20m | Losses/train_medical_loss: 3.60e+01 (4.12e+01) | Losses/train_medical_val_loss: 0.00e+00 (0.00e+00)
INFO 2026-05-22 17:00:25,586 train_utils.py: 268: Train Epoch: [4][4650/9054] | Batch Time: 2.83 (2.99) | Data Time: 0.00 (0.03) | Mem (GB): 36.00 (33.30/37.00) | Time Elapsed: 01d 10h 23m | Losses/train_medical_loss: 4.86e+01 (4.12e+01) | Losses/train_medical_val_loss: 0.00e+00 (0.00e+00)
INFO 2026-05-22 17:02:47,500 train_utils.py: 268: Train Epoch: [4][4700/9054] | Batch Time: 2.80 (2.99) | Data Time: 0.00 (0.03) | Mem (GB): 36.00 (33.30/37.00) | Time Elapsed: 01d 10h 25m | Losses/train_medical_loss: 2.61e+01 (4.12e+01) | Losses/train_medical_val_loss: 0.00e+00 (0.00e+00)
INFO 2026-05-22 17:05:26,883 train_utils.py: 268: Train Epoch: [4][4750/9054] | Batch Time: 2.82 (2.99) | Data Time: 0.00 (0.03) | Mem (GB): 36.00 (33.29/37.00) | Time Elapsed: 01d 10h 28m | Losses/train_medical_loss: 3.05e+01 (4.11e+01) | Losses/train_medical_val_loss: 0.00e+00 (0.00e+00)
INFO 2026-05-22 17:07:57,664 train_utils.py: 268: Train Epoch: [4][4800/9054] | Batch Time: 2.81 (2.99) | Data Time: 0.00 (0.03) | Mem (GB): 36.00 (33.30/37.00) | Time Elapsed: 01d 10h 30m | Losses/train_medical_loss: 3.61e+01 (4.11e+01) | Losses/train_medical_val_loss: 0.00e+00 (0.00e+00)
INFO 2026-05-22 17:10:15,628 train_utils.py: 268: Train Epoch: [4][4850/9054] | Batch Time: 2.83 (2.99) | Data Time: 0.00 (0.03) | Mem (GB): 36.00 (33.31/37.00) | Time Elapsed: 01d 10h 32m | Losses/train_medical_loss: 1.17e+01 (4.11e+01) | Losses/train_medical_val_loss: 0.00e+00 (0.00e+00)
INFO 2026-05-22 17:12:33,599 train_utils.py: 268: Train Epoch: [4][4900/9054] | Batch Time: 2.81 (2.98) | Data Time: 0.00 (0.03) | Mem (GB): 36.00 (33.33/37.00) | Time Elapsed: 01d 10h 35m | Losses/train_medical_loss: 1.81e+01 (4.11e+01) | Losses/train_medical_val_loss: 0.00e+00 (0.00e+00)
INFO 2026-05-22 17:15:19,406 train_utils.py: 268: Train Epoch: [4][4950/9054] | Batch Time: 2.82 (2.99) | Data Time: 0.00 (0.03) | Mem (GB): 36.00 (33.33/37.00) | Time Elapsed: 01d 10h 38m | Losses/train_medical_loss: 4.17e+01 (4.11e+01) | Losses/train_medical_val_loss: 0.00e+00 (0.00e+00)
INFO 2026-05-22 17:17:36,716 train_utils.py: 268: Train Epoch: [4][5000/9054] | Batch Time: 4.43 (2.98) | Data Time: 0.00 (0.03) | Mem (GB): 36.00 (33.33/37.00) | Time Elapsed: 01d 10h 40m | Losses/train_medical_loss: 5.84e+01 (4.11e+01) | Losses/train_medical_val_loss: 0.00e+00 (0.00e+00)
INFO 2026-05-22 17:19:56,098 train_utils.py: 268: Train Epoch: [4][5050/9054] | Batch Time: 3.34 (2.98) | Data Time: 0.00 (0.03) | Mem (GB): 36.00 (33.32/37.00) | Time Elapsed: 01d 10h 42m | Losses/train_medical_loss: 2.22e+01 (4.11e+01) | Losses/train_medical_val_loss: 0.00e+00 (0.00e+00)
INFO 2026-05-22 17:22:26,843 train_utils.py: 268: Train Epoch: [4][5100/9054] | Batch Time: 2.83 (2.98) | Data Time: 0.00 (0.03) | Mem (GB): 36.00 (33.32/37.00) | Time Elapsed: 01d 10h 45m | Losses/train_medical_loss: 2.93e+01 (4.11e+01) | Losses/train_medical_val_loss: 0.00e+00 (0.00e+00)
INFO 2026-05-22 17:25:04,217 train_utils.py: 268: Train Epoch: [4][5150/9054] | Batch Time: 1.51 (2.98) | Data Time: 0.00 (0.03) | Mem (GB): 22.00 (33.33/37.00) | Time Elapsed: 01d 10h 47m | Losses/train_medical_loss: 6.60e+01 (4.11e+01) | Losses/train_medical_val_loss: 0.00e+00 (0.00e+00)
INFO 2026-05-22 17:27:25,502 train_utils.py: 268: Train Epoch: [4][5200/9054] | Batch Time: 2.84 (2.98) | Data Time: 0.00 (0.03) | Mem (GB): 36.00 (33.33/37.00) | Time Elapsed: 01d 10h 50m | Losses/train_medical_loss: 7.35e+01 (4.11e+01) | Losses/train_medical_val_loss: 0.00e+00 (0.00e+00)
INFO 2026-05-22 17:29:40,760 train_utils.py: 268: Train Epoch: [4][5250/9054] | Batch Time: 3.59 (2.98) | Data Time: 0.00 (0.03) | Mem (GB): 28.00 (33.33/37.00) | Time Elapsed: 01d 10h 52m | Losses/train_medical_loss: 7.99e+01 (4.11e+01) | Losses/train_medical_val_loss: 0.00e+00 (0.00e+00)
INFO 2026-05-22 17:32:07,923 train_utils.py: 268: Train Epoch: [4][5300/9054] | Batch Time: 1.49 (2.98) | Data Time: 0.00 (0.03) | Mem (GB): 22.00 (33.32/37.00) | Time Elapsed: 01d 10h 54m | Losses/train_medical_loss: 6.09e+01 (4.11e+01) | Losses/train_medical_val_loss: 0.00e+00 (0.00e+00)
INFO 2026-05-22 17:34:50,272 train_utils.py: 268: Train Epoch: [4][5350/9054] | Batch Time: 2.83 (2.98) | Data Time: 0.00 (0.03) | Mem (GB): 36.00 (33.31/37.00) | Time Elapsed: 01d 10h 57m | Losses/train_medical_loss: 2.38e+01 (4.11e+01) | Losses/train_medical_val_loss: 0.00e+00 (0.00e+00)
INFO 2026-05-22 17:37:15,179 train_utils.py: 268: Train Epoch: [4][5400/9054] | Batch Time: 2.81 (2.98) | Data Time: 0.00 (0.03) | Mem (GB): 36.00 (33.33/37.00) | Time Elapsed: 01d 10h 59m | Losses/train_medical_loss: 2.69e+01 (4.11e+01) | Losses/train_medical_val_loss: 0.00e+00 (0.00e+00)
INFO 2026-05-22 17:39:33,647 train_utils.py: 268: Train Epoch: [4][5450/9054] | Batch Time: 2.81 (2.98) | Data Time: 0.00 (0.03) | Mem (GB): 36.00 (33.34/37.00) | Time Elapsed: 01d 11h 02m | Losses/train_medical_loss: 6.93e+00 (4.11e+01) | Losses/train_medical_val_loss: 0.00e+00 (0.00e+00)
INFO 2026-05-22 17:42:28,746 train_utils.py: 268: Train Epoch: [4][5500/9054] | Batch Time: 2.80 (2.98) | Data Time: 0.00 (0.03) | Mem (GB): 36.00 (33.34/37.00) | Time Elapsed: 01d 11h 05m | Losses/train_medical_loss: 1.02e+01 (4.11e+01) | Losses/train_medical_val_loss: 0.00e+00 (0.00e+00)
INFO 2026-05-22 17:44:47,286 train_utils.py: 268: Train Epoch: [4][5550/9054] | Batch Time: 2.83 (2.98) | Data Time: 0.00 (0.03) | Mem (GB): 36.00 (33.34/37.00) | Time Elapsed: 01d 11h 07m | Losses/train_medical_loss: 2.78e+01 (4.11e+01) | Losses/train_medical_val_loss: 0.00e+00 (0.00e+00)
INFO 2026-05-22 17:47:05,661 train_utils.py: 268: Train Epoch: [4][5600/9054] | Batch Time: 2.81 (2.98) | Data Time: 0.00 (0.03) | Mem (GB): 36.00 (33.35/37.00) | Time Elapsed: 01d 11h 09m | Losses/train_medical_loss: 3.50e+01 (4.11e+01) | Losses/train_medical_val_loss: 0.00e+00 (0.00e+00)
INFO 2026-05-22 17:49:33,592 train_utils.py: 268: Train Epoch: [4][5650/9054] | Batch Time: 2.79 (2.98) | Data Time: 0.00 (0.03) | Mem (GB): 36.00 (33.34/37.00) | Time Elapsed: 01d 11h 12m | Losses/train_medical_loss: 7.25e+01 (4.11e+01) | Losses/train_medical_val_loss: 0.00e+00 (0.00e+00)
INFO 2026-05-22 17:52:15,765 train_utils.py: 268: Train Epoch: [4][5700/9054] | Batch Time: 2.03 (2.98) | Data Time: 0.00 (0.03) | Mem (GB): 28.00 (33.34/37.00) | Time Elapsed: 01d 11h 14m | Losses/train_medical_loss: 2.83e+01 (4.11e+01) | Losses/train_medical_val_loss: 0.00e+00 (0.00e+00)
INFO 2026-05-22 17:54:40,515 train_utils.py: 268: Train Epoch: [4][5750/9054] | Batch Time: 1.48 (2.98) | Data Time: 0.00 (0.03) | Mem (GB): 22.00 (33.34/37.00) | Time Elapsed: 01d 11h 17m | Losses/train_medical_loss: 5.33e+01 (4.12e+01) | Losses/train_medical_val_loss: 0.00e+00 (0.00e+00)
INFO 2026-05-22 17:57:00,243 train_utils.py: 268: Train Epoch: [4][5800/9054] | Batch Time: 2.80 (2.98) | Data Time: 0.00 (0.03) | Mem (GB): 36.00 (33.33/37.00) | Time Elapsed: 01d 11h 19m | Losses/train_medical_loss: 1.67e+01 (4.12e+01) | Losses/train_medical_val_loss: 0.00e+00 (0.00e+00)
INFO 2026-05-22 17:59:44,771 train_utils.py: 268: Train Epoch: [4][5850/9054] | Batch Time: 13.02 (2.98) | Data Time: 0.00 (0.03) | Mem (GB): 36.00 (33.34/37.00) | Time Elapsed: 01d 11h 22m | Losses/train_medical_loss: 2.74e+01 (4.13e+01) | Losses/train_medical_val_loss: 0.00e+00 (0.00e+00)
INFO 2026-05-22 18:02:13,304 train_utils.py: 268: Train Epoch: [4][5900/9054] | Batch Time: 2.83 (2.98) | Data Time: 0.00 (0.03) | Mem (GB): 36.00 (33.34/37.00) | Time Elapsed: 01d 11h 24m | Losses/train_medical_loss: 4.83e+01 (4.13e+01) | Losses/train_medical_val_loss: 0.00e+00 (0.00e+00)
INFO 2026-05-22 18:04:37,072 train_utils.py: 268: Train Epoch: [4][5950/9054] | Batch Time: 2.81 (2.98) | Data Time: 0.00 (0.03) | Mem (GB): 36.00 (33.34/37.00) | Time Elapsed: 01d 11h 27m | Losses/train_medical_loss: 1.22e+01 (4.13e+01) | Losses/train_medical_val_loss: 0.00e+00 (0.00e+00)
INFO 2026-05-22 18:06:54,729 train_utils.py: 268: Train Epoch: [4][6000/9054] | Batch Time: 2.80 (2.98) | Data Time: 0.00 (0.03) | Mem (GB): 36.00 (33.34/37.00) | Time Elapsed: 01d 11h 29m | Losses/train_medical_loss: 6.25e+01 (4.13e+01) | Losses/train_medical_val_loss: 0.00e+00 (0.00e+00)
INFO 2026-05-22 18:09:44,115 train_utils.py: 268: Train Epoch: [4][6050/9054] | Batch Time: 2.83 (2.98) | Data Time: 0.00 (0.03) | Mem (GB): 36.00 (33.34/37.00) | Time Elapsed: 01d 11h 32m | Losses/train_medical_loss: 2.12e+01 (4.13e+01) | Losses/train_medical_val_loss: 0.00e+00 (0.00e+00)
INFO 2026-05-22 18:12:03,634 train_utils.py: 268: Train Epoch: [4][6100/9054] | Batch Time: 2.81 (2.98) | Data Time: 0.00 (0.03) | Mem (GB): 36.00 (33.35/37.00) | Time Elapsed: 01d 11h 34m | Losses/train_medical_loss: 4.59e+01 (4.12e+01) | Losses/train_medical_val_loss: 0.00e+00 (0.00e+00)
INFO 2026-05-22 18:14:19,414 train_utils.py: 268: Train Epoch: [4][6150/9054] | Batch Time: 1.23 (2.98) | Data Time: 0.00 (0.03) | Mem (GB): 20.00 (33.35/37.00) | Time Elapsed: 01d 11h 37m | Losses/train_medical_loss: 4.92e+01 (4.13e+01) | Losses/train_medical_val_loss: 0.00e+00 (0.00e+00)
INFO 2026-05-22 18:16:47,083 train_utils.py: 268: Train Epoch: [4][6200/9054] | Batch Time: 2.80 (2.98) | Data Time: 0.00 (0.03) | Mem (GB): 36.00 (33.35/37.00) | Time Elapsed: 01d 11h 39m | Losses/train_medical_loss: 3.32e+01 (4.12e+01) | Losses/train_medical_val_loss: 0.00e+00 (0.00e+00)
INFO 2026-05-22 18:19:23,523 train_utils.py: 268: Train Epoch: [4][6250/9054] | Batch Time: 2.83 (2.98) | Data Time: 0.00 (0.02) | Mem (GB): 36.00 (33.35/37.00) | Time Elapsed: 01d 11h 42m | Losses/train_medical_loss: 5.46e+01 (4.12e+01) | Losses/train_medical_val_loss: 0.00e+00 (0.00e+00)
INFO 2026-05-22 18:21:41,281 train_utils.py: 268: Train Epoch: [4][6300/9054] | Batch Time: 2.81 (2.98) | Data Time: 0.00 (0.02) | Mem (GB): 36.00 (33.34/37.00) | Time Elapsed: 01d 11h 44m | Losses/train_medical_loss: 5.73e+01 (4.11e+01) | Losses/train_medical_val_loss: 0.00e+00 (0.00e+00)
INFO 2026-05-22 18:24:00,197 train_utils.py: 268: Train Epoch: [4][6350/9054] | Batch Time: 2.80 (2.98) | Data Time: 0.00 (0.02) | Mem (GB): 36.00 (33.34/37.00) | Time Elapsed: 01d 11h 46m | Losses/train_medical_loss: 1.41e+01 (4.12e+01) | Losses/train_medical_val_loss: 0.00e+00 (0.00e+00)
INFO 2026-05-22 18:26:40,562 train_utils.py: 268: Train Epoch: [4][6400/9054] | Batch Time: 2.83 (2.98) | Data Time: 0.00 (0.02) | Mem (GB): 36.00 (33.33/37.00) | Time Elapsed: 01d 11h 49m | Losses/train_medical_loss: 3.74e+01 (4.12e+01) | Losses/train_medical_val_loss: 0.00e+00 (0.00e+00)
INFO 2026-05-22 18:29:07,874 train_utils.py: 268: Train Epoch: [4][6450/9054] | Batch Time: 2.81 (2.98) | Data Time: 0.00 (0.02) | Mem (GB): 36.00 (33.32/37.00) | Time Elapsed: 01d 11h 51m | Losses/train_medical_loss: 2.59e+01 (4.12e+01) | Losses/train_medical_val_loss: 0.00e+00 (0.00e+00)
INFO 2026-05-22 18:31:25,307 train_utils.py: 268: Train Epoch: [4][6500/9054] | Batch Time: 2.83 (2.98) | Data Time: 0.00 (0.02) | Mem (GB): 36.00 (33.32/37.00) | Time Elapsed: 01d 11h 54m | Losses/train_medical_loss: 2.63e+01 (4.12e+01) | Losses/train_medical_val_loss: 0.00e+00 (0.00e+00)
INFO 2026-05-22 18:33:42,226 train_utils.py: 268: Train Epoch: [4][6550/9054] | Batch Time: 1.49 (2.98) | Data Time: 0.00 (0.02) | Mem (GB): 22.00 (33.32/37.00) | Time Elapsed: 01d 11h 56m | Losses/train_medical_loss: 4.75e+01 (4.12e+01) | Losses/train_medical_val_loss: 0.00e+00 (0.00e+00)
INFO 2026-05-22 18:36:32,460 train_utils.py: 268: Train Epoch: [4][6600/9054] | Batch Time: 2.82 (2.98) | Data Time: 0.00 (0.02) | Mem (GB): 36.00 (33.31/37.00) | Time Elapsed: 01d 11h 59m | Losses/train_medical_loss: 5.86e+01 (4.12e+01) | Losses/train_medical_val_loss: 0.00e+00 (0.00e+00)
INFO 2026-05-22 18:38:52,111 train_utils.py: 268: Train Epoch: [4][6650/9054] | Batch Time: 2.80 (2.98) | Data Time: 0.00 (0.02) | Mem (GB): 36.00 (33.32/37.00) | Time Elapsed: 01d 12h 01m | Losses/train_medical_loss: 2.12e+01 (4.12e+01) | Losses/train_medical_val_loss: 0.00e+00 (0.00e+00)
INFO 2026-05-22 18:41:09,640 train_utils.py: 268: Train Epoch: [4][6700/9054] | Batch Time: 2.86 (2.98) | Data Time: 0.00 (0.02) | Mem (GB): 36.00 (33.31/37.00) | Time Elapsed: 01d 12h 03m | Losses/train_medical_loss: 5.49e+01 (4.12e+01) | Losses/train_medical_val_loss: 0.00e+00 (0.00e+00)
INFO 2026-05-22 18:43:43,287 train_utils.py: 268: Train Epoch: [4][6750/9054] | Batch Time: 4.46 (2.98) | Data Time: 0.00 (0.02) | Mem (GB): 36.00 (33.31/37.00) | Time Elapsed: 01d 12h 06m | Losses/train_medical_loss: 7.27e+01 (4.12e+01) | Losses/train_medical_val_loss: 0.00e+00 (0.00e+00)
INFO 2026-05-22 18:46:21,514 train_utils.py: 268: Train Epoch: [4][6800/9054] | Batch Time: 1.78 (2.98) | Data Time: 0.00 (0.02) | Mem (GB): 25.00 (33.31/37.00) | Time Elapsed: 01d 12h 09m | Losses/train_medical_loss: 5.51e+01 (4.12e+01) | Losses/train_medical_val_loss: 0.00e+00 (0.00e+00)
INFO 2026-05-22 18:48:39,688 train_utils.py: 268: Train Epoch: [4][6850/9054] | Batch Time: 3.22 (2.98) | Data Time: 0.00 (0.02) | Mem (GB): 28.00 (33.31/37.00) | Time Elapsed: 01d 12h 11m | Losses/train_medical_loss: 9.20e+01 (4.13e+01) | Losses/train_medical_val_loss: 0.00e+00 (0.00e+00)
INFO 2026-05-22 18:51:01,676 train_utils.py: 268: Train Epoch: [4][6900/9054] | Batch Time: 2.81 (2.98) | Data Time: 0.00 (0.02) | Mem (GB): 36.00 (33.30/37.00) | Time Elapsed: 01d 12h 13m | Losses/train_medical_loss: 8.50e+00 (4.13e+01) | Losses/train_medical_val_loss: 0.00e+00 (0.00e+00)
INFO 2026-05-22 18:53:46,274 train_utils.py: 268: Train Epoch: [4][6950/9054] | Batch Time: 2.82 (2.98) | Data Time: 0.00 (0.02) | Mem (GB): 36.00 (33.30/37.00) | Time Elapsed: 01d 12h 16m | Losses/train_medical_loss: 5.99e+01 (4.13e+01) | Losses/train_medical_val_loss: 0.00e+00 (0.00e+00)
INFO 2026-05-22 18:56:04,662 train_utils.py: 268: Train Epoch: [4][7000/9054] | Batch Time: 2.79 (2.98) | Data Time: 0.00 (0.02) | Mem (GB): 36.00 (33.31/37.00) | Time Elapsed: 01d 12h 18m | Losses/train_medical_loss: 7.80e+00 (4.13e+01) | Losses/train_medical_val_loss: 0.00e+00 (0.00e+00)
INFO 2026-05-22 18:58:22,040 train_utils.py: 268: Train Epoch: [4][7050/9054] | Batch Time: 1.46 (2.97) | Data Time: 0.00 (0.02) | Mem (GB): 22.00 (33.31/37.00) | Time Elapsed: 01d 12h 21m | Losses/train_medical_loss: 4.35e+01 (4.13e+01) | Losses/train_medical_val_loss: 0.00e+00 (0.00e+00)
INFO 2026-05-22 19:00:41,533 train_utils.py: 268: Train Epoch: [4][7100/9054] | Batch Time: 2.81 (2.97) | Data Time: 0.00 (0.02) | Mem (GB): 36.00 (33.31/37.00) | Time Elapsed: 01d 12h 23m | Losses/train_medical_loss: 1.09e+02 (4.13e+01) | Losses/train_medical_val_loss: 0.00e+00 (0.00e+00)
INFO 2026-05-22 19:03:27,555 train_utils.py: 268: Train Epoch: [4][7150/9054] | Batch Time: 2.82 (2.98) | Data Time: 0.00 (0.02) | Mem (GB): 36.00 (33.31/37.00) | Time Elapsed: 01d 12h 26m | Losses/train_medical_loss: 8.00e+01 (4.13e+01) | Losses/train_medical_val_loss: 0.00e+00 (0.00e+00)
INFO 2026-05-22 19:05:46,330 train_utils.py: 268: Train Epoch: [4][7200/9054] | Batch Time: 2.81 (2.97) | Data Time: 0.00 (0.02) | Mem (GB): 36.00 (33.31/37.00) | Time Elapsed: 01d 12h 28m | Losses/train_medical_loss: 2.79e+01 (4.13e+01) | Losses/train_medical_val_loss: 0.00e+00 (0.00e+00)
INFO 2026-05-22 19:08:04,611 train_utils.py: 268: Train Epoch: [4][7250/9054] | Batch Time: 1.75 (2.97) | Data Time: 0.00 (0.02) | Mem (GB): 25.00 (33.31/37.00) | Time Elapsed: 01d 12h 30m | Losses/train_medical_loss: 5.58e+01 (4.13e+01) | Losses/train_medical_val_loss: 0.00e+00 (0.00e+00)
INFO 2026-05-22 19:10:41,832 train_utils.py: 268: Train Epoch: [4][7300/9054] | Batch Time: 2.81 (2.97) | Data Time: 0.00 (0.02) | Mem (GB): 36.00 (33.30/37.00) | Time Elapsed: 01d 12h 33m | Losses/train_medical_loss: 6.21e+01 (4.13e+01) | Losses/train_medical_val_loss: 0.00e+00 (0.00e+00)
INFO 2026-05-22 19:13:12,900 train_utils.py: 268: Train Epoch: [4][7350/9054] | Batch Time: 2.83 (2.97) | Data Time: 0.00 (0.02) | Mem (GB): 36.00 (33.30/37.00) | Time Elapsed: 01d 12h 35m | Losses/train_medical_loss: 3.10e+01 (4.13e+01) | Losses/train_medical_val_loss: 0.00e+00 (0.00e+00)
INFO 2026-05-22 19:15:30,312 train_utils.py: 268: Train Epoch: [4][7400/9054] | Batch Time: 2.85 (2.97) | Data Time: 0.00 (0.02) | Mem (GB): 36.00 (33.30/37.00) | Time Elapsed: 01d 12h 38m | Losses/train_medical_loss: 2.74e+01 (4.13e+01) | Losses/train_medical_val_loss: 0.00e+00 (0.00e+00)
INFO 2026-05-22 19:17:54,560 train_utils.py: 268: Train Epoch: [4][7450/9054] | Batch Time: 2.83 (2.97) | Data Time: 0.00 (0.02) | Mem (GB): 36.00 (33.30/37.00) | Time Elapsed: 01d 12h 40m | Losses/train_medical_loss: 1.91e+01 (4.13e+01) | Losses/train_medical_val_loss: 0.00e+00 (0.00e+00)
INFO 2026-05-22 19:20:42,715 train_utils.py: 268: Train Epoch: [4][7500/9054] | Batch Time: 2.05 (2.97) | Data Time: 0.00 (0.02) | Mem (GB): 28.00 (33.29/37.00) | Time Elapsed: 01d 12h 43m | Losses/train_medical_loss: 4.17e+01 (4.13e+01) | Losses/train_medical_val_loss: 0.00e+00 (0.00e+00)
INFO 2026-05-22 19:23:02,669 train_utils.py: 268: Train Epoch: [4][7550/9054] | Batch Time: 3.99 (2.97) | Data Time: 0.00 (0.02) | Mem (GB): 36.00 (33.30/37.00) | Time Elapsed: 01d 12h 45m | Losses/train_medical_loss: 6.94e+00 (4.13e+01) | Losses/train_medical_val_loss: 0.00e+00 (0.00e+00)
INFO 2026-05-22 19:25:20,458 train_utils.py: 268: Train Epoch: [4][7600/9054] | Batch Time: 2.85 (2.97) | Data Time: 0.00 (0.02) | Mem (GB): 36.00 (33.30/37.00) | Time Elapsed: 01d 12h 48m | Losses/train_medical_loss: 5.27e+00 (4.13e+01) | Losses/train_medical_val_loss: 0.00e+00 (0.00e+00)
INFO 2026-05-22 19:27:38,184 train_utils.py: 268: Train Epoch: [4][7650/9054] | Batch Time: 2.01 (2.97) | Data Time: 0.00 (0.02) | Mem (GB): 28.00 (33.30/37.00) | Time Elapsed: 01d 12h 50m | Losses/train_medical_loss: 4.60e+01 (4.13e+01) | Losses/train_medical_val_loss: 0.00e+00 (0.00e+00)
INFO 2026-05-22 19:30:26,653 train_utils.py: 268: Train Epoch: [4][7700/9054] | Batch Time: 2.84 (2.97) | Data Time: 0.00 (0.02) | Mem (GB): 36.00 (33.30/37.00) | Time Elapsed: 01d 12h 53m | Losses/train_medical_loss: 1.41e+01 (4.13e+01) | Losses/train_medical_val_loss: 0.00e+00 (0.00e+00)
INFO 2026-05-22 19:32:43,769 train_utils.py: 268: Train Epoch: [4][7750/9054] | Batch Time: 2.80 (2.97) | Data Time: 0.00 (0.02) | Mem (GB): 36.00 (33.29/37.00) | Time Elapsed: 01d 12h 55m | Losses/train_medical_loss: 1.41e+01 (4.12e+01) | Losses/train_medical_val_loss: 0.00e+00 (0.00e+00)
INFO 2026-05-22 19:35:01,318 train_utils.py: 268: Train Epoch: [4][7800/9054] | Batch Time: 2.01 (2.97) | Data Time: 0.00 (0.02) | Mem (GB): 28.00 (33.29/37.00) | Time Elapsed: 01d 12h 57m | Losses/train_medical_loss: 5.68e+01 (4.12e+01) | Losses/train_medical_val_loss: 0.00e+00 (0.00e+00)
INFO 2026-05-22 19:37:31,295 train_utils.py: 268: Train Epoch: [4][7850/9054] | Batch Time: 2.29 (2.97) | Data Time: 0.00 (0.02) | Mem (GB): 30.00 (33.30/37.00) | Time Elapsed: 01d 13h 00m | Losses/train_medical_loss: 4.25e+01 (4.12e+01) | Losses/train_medical_val_loss: 0.00e+00 (0.00e+00)
INFO 2026-05-22 19:40:06,951 train_utils.py: 268: Train Epoch: [4][7900/9054] | Batch Time: 0.87 (2.97) | Data Time: 0.00 (0.02) | Mem (GB): 19.00 (33.31/37.00) | Time Elapsed: 01d 13h 02m | Losses/train_medical_loss: 3.99e+01 (4.13e+01) | Losses/train_medical_val_loss: 0.00e+00 (0.00e+00)
INFO 2026-05-22 19:42:35,080 train_utils.py: 268: Train Epoch: [4][7950/9054] | Batch Time: 2.85 (2.97) | Data Time: 0.00 (0.02) | Mem (GB): 36.00 (33.31/37.00) | Time Elapsed: 01d 13h 05m | Losses/train_medical_loss: 8.06e+01 (4.12e+01) | Losses/train_medical_val_loss: 0.00e+00 (0.00e+00)
INFO 2026-05-22 19:44:52,651 train_utils.py: 268: Train Epoch: [4][8000/9054] | Batch Time: 4.41 (2.97) | Data Time: 0.00 (0.02) | Mem (GB): 36.00 (33.30/37.00) | Time Elapsed: 01d 13h 07m | Losses/train_medical_loss: 1.47e+01 (4.12e+01) | Losses/train_medical_val_loss: 0.00e+00 (0.00e+00)
INFO 2026-05-22 19:47:36,367 train_utils.py: 268: Train Epoch: [4][8050/9054] | Batch Time: 2.31 (2.97) | Data Time: 0.00 (0.02) | Mem (GB): 30.00 (33.30/37.00) | Time Elapsed: 01d 13h 10m | Losses/train_medical_loss: 4.49e+01 (4.12e+01) | Losses/train_medical_val_loss: 0.00e+00 (0.00e+00)
INFO 2026-05-22 19:50:08,211 train_utils.py: 268: Train Epoch: [4][8100/9054] | Batch Time: 2.81 (2.97) | Data Time: 0.00 (0.02) | Mem (GB): 36.00 (33.31/37.00) | Time Elapsed: 01d 13h 12m | Losses/train_medical_loss: 3.65e+01 (4.12e+01) | Losses/train_medical_val_loss: 0.00e+00 (0.00e+00)
INFO 2026-05-22 19:52:20,589 train_utils.py: 268: Train Epoch: [4][8150/9054] | Batch Time: 2.81 (2.97) | Data Time: 0.00 (0.02) | Mem (GB): 36.00 (33.31/37.00) | Time Elapsed: 01d 13h 15m | Losses/train_medical_loss: 9.82e+01 (4.12e+01) | Losses/train_medical_val_loss: 0.00e+00 (0.00e+00)
INFO 2026-05-22 19:54:52,498 train_utils.py: 268: Train Epoch: [4][8200/9054] | Batch Time: 2.82 (2.97) | Data Time: 0.00 (0.02) | Mem (GB): 36.00 (33.31/37.00) | Time Elapsed: 01d 13h 17m | Losses/train_medical_loss: 6.34e+00 (4.12e+01) | Losses/train_medical_val_loss: 0.00e+00 (0.00e+00)
INFO 2026-05-22 19:57:30,838 train_utils.py: 268: Train Epoch: [4][8250/9054] | Batch Time: 2.81 (2.97) | Data Time: 0.00 (0.02) | Mem (GB): 36.00 (33.31/37.00) | Time Elapsed: 01d 13h 20m | Losses/train_medical_loss: 1.26e+01 (4.12e+01) | Losses/train_medical_val_loss: 0.00e+00 (0.00e+00)
INFO 2026-05-22 19:59:49,307 train_utils.py: 268: Train Epoch: [4][8300/9054] | Batch Time: 1.99 (2.97) | Data Time: 0.00 (0.02) | Mem (GB): 28.00 (33.31/37.00) | Time Elapsed: 01d 13h 22m | Losses/train_medical_loss: 1.07e+02 (4.12e+01) | Losses/train_medical_val_loss: 0.00e+00 (0.00e+00)
INFO 2026-05-22 20:02:12,397 train_utils.py: 268: Train Epoch: [4][8350/9054] | Batch Time: 2.83 (2.97) | Data Time: 0.00 (0.02) | Mem (GB): 36.00 (33.31/37.00) | Time Elapsed: 01d 13h 24m | Losses/train_medical_loss: 8.17e+01 (4.12e+01) | Losses/train_medical_val_loss: 0.00e+00 (0.00e+00)
INFO 2026-05-22 20:04:40,791 train_utils.py: 268: Train Epoch: [4][8400/9054] | Batch Time: 1.49 (2.97) | Data Time: 0.00 (0.02) | Mem (GB): 22.00 (33.31/37.00) | Time Elapsed: 01d 13h 27m | Losses/train_medical_loss: 4.41e+01 (4.12e+01) | Losses/train_medical_val_loss: 0.00e+00 (0.00e+00)
INFO 2026-05-22 20:07:19,132 train_utils.py: 268: Train Epoch: [4][8450/9054] | Batch Time: 3.21 (2.97) | Data Time: 0.00 (0.02) | Mem (GB): 36.00 (33.31/37.00) | Time Elapsed: 01d 13h 29m | Losses/train_medical_loss: 2.29e+01 (4.12e+01) | Losses/train_medical_val_loss: 0.00e+00 (0.00e+00)
INFO 2026-05-22 20:09:47,983 train_utils.py: 268: Train Epoch: [4][8500/9054] | Batch Time: 2.80 (2.97) | Data Time: 0.00 (0.02) | Mem (GB): 36.00 (33.31/37.00) | Time Elapsed: 01d 13h 32m | Losses/train_medical_loss: 4.08e+01 (4.11e+01) | Losses/train_medical_val_loss: 0.00e+00 (0.00e+00)
INFO 2026-05-22 20:12:05,373 train_utils.py: 268: Train Epoch: [4][8550/9054] | Batch Time: 2.81 (2.97) | Data Time: 0.00 (0.02) | Mem (GB): 36.00 (33.32/37.00) | Time Elapsed: 01d 13h 34m | Losses/train_medical_loss: 5.93e+01 (4.11e+01) | Losses/train_medical_val_loss: 0.00e+00 (0.00e+00)
INFO 2026-05-22 20:14:38,534 train_utils.py: 268: Train Epoch: [4][8600/9054] | Batch Time: 1.76 (2.97) | Data Time: 0.00 (0.02) | Mem (GB): 25.00 (33.32/37.00) | Time Elapsed: 01d 13h 37m | Losses/train_medical_loss: 9.53e+01 (4.11e+01) | Losses/train_medical_val_loss: 0.00e+00 (0.00e+00)
INFO 2026-05-22 20:17:19,033 train_utils.py: 268: Train Epoch: [4][8650/9054] | Batch Time: 2.81 (2.97) | Data Time: 0.00 (0.02) | Mem (GB): 36.00 (33.33/37.00) | Time Elapsed: 01d 13h 39m | Losses/train_medical_loss: 8.78e+01 (4.11e+01) | Losses/train_medical_val_loss: 0.00e+00 (0.00e+00)
INFO 2026-05-22 20:19:42,770 train_utils.py: 268: Train Epoch: [4][8700/9054] | Batch Time: 3.66 (2.97) | Data Time: 0.00 (0.02) | Mem (GB): 36.00 (33.33/37.00) | Time Elapsed: 01d 13h 42m | Losses/train_medical_loss: 7.05e+01 (4.11e+01) | Losses/train_medical_val_loss: 0.00e+00 (0.00e+00)
INFO 2026-05-22 20:22:13,018 train_utils.py: 268: Train Epoch: [4][8750/9054] | Batch Time: 2.54 (2.97) | Data Time: 0.00 (0.02) | Mem (GB): 28.00 (33.33/37.00) | Time Elapsed: 01d 13h 44m | Losses/train_medical_loss: 5.53e+01 (4.11e+01) | Losses/train_medical_val_loss: 0.00e+00 (0.00e+00)
INFO 2026-05-22 20:24:59,210 train_utils.py: 268: Train Epoch: [4][8800/9054] | Batch Time: 2.81 (2.97) | Data Time: 0.00 (0.02) | Mem (GB): 36.00 (33.33/37.00) | Time Elapsed: 01d 13h 47m | Losses/train_medical_loss: 1.11e+02 (4.11e+01) | Losses/train_medical_val_loss: 0.00e+00 (0.00e+00)
INFO 2026-05-22 20:27:17,424 train_utils.py: 268: Train Epoch: [4][8850/9054] | Batch Time: 3.19 (2.97) | Data Time: 0.00 (0.02) | Mem (GB): 36.00 (33.33/37.00) | Time Elapsed: 01d 13h 49m | Losses/train_medical_loss: 1.15e+02 (4.11e+01) | Losses/train_medical_val_loss: 0.00e+00 (0.00e+00)
INFO 2026-05-22 20:29:39,893 train_utils.py: 268: Train Epoch: [4][8900/9054] | Batch Time: 2.83 (2.97) | Data Time: 0.00 (0.02) | Mem (GB): 36.00 (33.33/37.00) | Time Elapsed: 01d 13h 52m | Losses/train_medical_loss: 1.68e+01 (4.11e+01) | Losses/train_medical_val_loss: 0.00e+00 (0.00e+00)
INFO 2026-05-22 20:32:11,497 train_utils.py: 268: Train Epoch: [4][8950/9054] | Batch Time: 2.84 (2.97) | Data Time: 0.00 (0.02) | Mem (GB): 36.00 (33.33/37.00) | Time Elapsed: 01d 13h 54m | Losses/train_medical_loss: 5.19e+01 (4.12e+01) | Losses/train_medical_val_loss: 0.00e+00 (0.00e+00)
INFO 2026-05-22 20:34:47,629 train_utils.py: 268: Train Epoch: [4][9000/9054] | Batch Time: 3.20 (2.97) | Data Time: 0.00 (0.02) | Mem (GB): 25.00 (33.33/37.00) | Time Elapsed: 01d 13h 57m | Losses/train_medical_loss: 4.21e+01 (4.12e+01) | Losses/train_medical_val_loss: 0.00e+00 (0.00e+00)
INFO 2026-05-22 20:37:06,839 train_utils.py: 268: Train Epoch: [4][9050/9054] | Batch Time: 1.75 (2.97) | Data Time: 0.00 (0.02) | Mem (GB): 25.00 (33.33/37.00) | Time Elapsed: 01d 13h 59m | Losses/train_medical_loss: 8.05e+01 (4.12e+01) | Losses/train_medical_val_loss: 0.00e+00 (0.00e+00)
INFO 2026-05-22 20:37:20,962 trainer.py:1107: Estimated time remaining: 01d 13h 22m
Warning expected instance segmentation size to be [512, 512] but found [1103, 512]
INFO 2026-05-22 20:37:31,877 trainer.py:1049: Synchronizing meters
INFO 2026-05-22 20:37:31,878 trainer.py: 966: Losses and meters: {'Losses/train_medical_loss': 41.16977394392686, 'Losses/train_medical_val_loss': 0, 'Losses/train_medical_loss_bbox': 0.6818672669737857, 'Losses/train_medical_loss_giou': 3.787238995307569, 'Losses/train_medical_loss_bbox_o2m': 1.2759736505805013, 'Losses/train_medical_loss_giou_o2m': 8.967965181550413, 'Losses/train_medical_loss_ce': 0.586993650848658, 'Losses/train_medical_ce_f1': 0.9091144962987896, 'Losses/train_medical_presence_loss': 0.004320055815998954, 'Losses/train_medical_presence_dec_acc': 0.9999842799427789, 'Losses/train_medical_loss_ce_o2m': 1.4956918389001639, 'Losses/train_medical_ce_f1_o2m': 1.409264017074807, 'Losses/train_medical_presence_loss_o2m': 0.0, 'Losses/train_medical_presence_dec_acc_o2m': 0.0, 'Losses/train_medical_loss_bbox_aux_0': 0.26492939575705315, 'Losses/train_medical_loss_giou_aux_0': 1.942126944022817, 'Losses/train_medical_loss_bbox_aux_0_o2m': 0.5286721977185834, 'Losses/train_medical_loss_giou_aux_0_o2m': 3.845223553081786, 'Losses/train_medical_loss_ce_aux_0': 0.21693055919257306, 'Losses/train_medical_ce_f1_aux_0': 0.701396471121383, 'Losses/train_medical_presence_loss_aux_0': 1.539109115237269e-09, 'Losses/train_medical_presence_dec_acc_aux_0': 1.0, 'Losses/train_medical_loss_ce_aux_0_o2m': 0.4360204963743356, 'Losses/train_medical_ce_f1_aux_0_o2m': 1.4002861172846752, 'Losses/train_medical_presence_loss_aux_0_o2m': 0.0, 'Losses/train_medical_presence_dec_acc_aux_0_o2m': 0.0, 'Losses/train_medical_loss_bbox_aux_1': 0.21750203000456314, 'Losses/train_medical_loss_giou_aux_1': 1.5543005001443195, 'Losses/train_medical_loss_bbox_aux_1_o2m': 0.4341868821816818, 'Losses/train_medical_loss_giou_aux_1_o2m': 3.0906516637863293, 'Losses/train_medical_loss_ce_aux_1': 0.18892734686193444, 'Losses/train_medical_ce_f1_aux_1': 0.8033075056003968, 'Losses/train_medical_presence_loss_aux_1': 2.9049638371758925e-09, 'Losses/train_medical_presence_dec_acc_aux_1': 1.0, 'Losses/train_medical_loss_ce_aux_1_o2m': 0.3826675116451303, 'Losses/train_medical_ce_f1_aux_1_o2m': 1.5821614912947746, 'Losses/train_medical_presence_loss_aux_1_o2m': 0.0, 'Losses/train_medical_presence_dec_acc_aux_1_o2m': 0.0, 'Losses/train_medical_loss_bbox_aux_2': 0.21110346768272867, 'Losses/train_medical_loss_giou_aux_2': 1.5107048697499204, 'Losses/train_medical_loss_bbox_aux_2_o2m': 0.4213807251091633, 'Losses/train_medical_loss_giou_aux_2_o2m': 2.993121551535605, 'Losses/train_medical_loss_ce_aux_2': 0.1847964978354627, 'Losses/train_medical_ce_f1_aux_2': 0.817166045303311, 'Losses/train_medical_presence_loss_aux_2': 1.8877574697022917e-09, 'Losses/train_medical_presence_dec_acc_aux_2': 1.0, 'Losses/train_medical_loss_ce_aux_2_o2m': 0.3775504915817869, 'Losses/train_medical_ce_f1_aux_2_o2m': 1.5939970473387843, 'Losses/train_medical_presence_loss_aux_2_o2m': 0.0, 'Losses/train_medical_presence_dec_acc_aux_2_o2m': 0.0, 'Losses/train_medical_loss_bbox_aux_3': 0.20652408553534224, 'Losses/train_medical_loss_giou_aux_3': 1.4878402205825558, 'Losses/train_medical_loss_bbox_aux_3_o2m': 0.4127583006564991, 'Losses/train_medical_loss_giou_aux_3_o2m': 2.9470369454898475, 'Losses/train_medical_loss_ce_aux_3': 0.18348612225452463, 'Losses/train_medical_ce_f1_aux_3': 0.817905673997738, 'Losses/train_medical_presence_loss_aux_3': 3.818359590048128e-09, 'Losses/train_medical_presence_dec_acc_aux_3': 1.0, 'Losses/train_medical_loss_ce_aux_3_o2m': 0.37699207560048625, 'Losses/train_medical_ce_f1_aux_3_o2m': 1.593019858181159, 'Losses/train_medical_presence_loss_aux_3_o2m': 0.0, 'Losses/train_medical_presence_dec_acc_aux_3_o2m': 0.0, 'Losses/train_medical_loss_bbox_aux_4': 0.20387463831245206, 'Losses/train_medical_loss_giou_aux_4': 1.4706548298917355, 'Losses/train_medical_loss_bbox_aux_4_o2m': 0.4075737756394719, 'Losses/train_medical_loss_giou_aux_4_o2m': 2.9110804398411068, 'Losses/train_medical_loss_ce_aux_4': 0.1828458476803888, 'Losses/train_medical_ce_f1_aux_4': 0.8171029777568543, 'Losses/train_medical_presence_loss_aux_4': 8.901316930483703e-09, 'Losses/train_medical_presence_dec_acc_aux_4': 1.0, 'Losses/train_medical_loss_ce_aux_4_o2m': 0.3778089866061872, 'Losses/train_medical_ce_f1_aux_4_o2m': 1.5893340291809657, 'Losses/train_medical_presence_loss_aux_4_o2m': 0.0, 'Losses/train_medical_presence_dec_acc_aux_4_o2m': 0.0, 'Losses/train_medical_core_loss': 41.16977394392686, 'Losses/train_medical_loss_semantic_presence': 0.1278529367628903, 'Losses/train_medical_presence_acc': 0.9999842799427789, 'Losses/train_medical_loss_semantic_seg': 0.13414335238073544, 'Losses/train_medical_loss_semantic_dice': 3.337428001674984, 'Losses/train_medical_miou_semantic_seg': 0.6918320988498655, 'Confidence/train_mean_obj_confidence': 0.9916445658098362, 'Trainer/where': 0.4999889551579413, 'Trainer/epoch': 4, 'Trainer/steps_train': 45270}
INFO 2026-05-22 20:45:14,066 train_utils.py: 268: Train Epoch: [5][   0/9054] | Batch Time: 427.84 (427.84) | Data Time: 424.75 (424.75) | Mem (GB): 36.00 (36.00/36.00) | Time Elapsed: 01d 14h 07m | Losses/train_medical_loss: 1.07e+02 (1.07e+02) | Losses/train_medical_val_loss: 0.00e+00 (0.00e+00)
INFO 2026-05-22 20:47:29,778 train_utils.py: 268: Train Epoch: [5][  50/9054] | Batch Time: 2.79 (11.05) | Data Time: 0.00 (8.43) | Mem (GB): 36.00 (33.96/36.00) | Time Elapsed: 01d 14h 10m | Losses/train_medical_loss: 1.57e+01 (4.63e+01) | Losses/train_medical_val_loss: 0.00e+00 (0.00e+00)
INFO 2026-05-22 20:49:52,639 train_utils.py: 268: Train Epoch: [5][ 100/9054] | Batch Time: 2.01 (6.99) | Data Time: 0.00 (4.25) | Mem (GB): 28.00 (33.24/36.00) | Time Elapsed: 01d 14h 12m | Losses/train_medical_loss: 4.40e+01 (4.69e+01) | Losses/train_medical_val_loss: 0.00e+00 (0.00e+00)
INFO 2026-05-22 20:52:10,481 train_utils.py: 268: Train Epoch: [5][ 150/9054] | Batch Time: 2.80 (5.59) | Data Time: 0.00 (2.85) | Mem (GB): 36.00 (33.59/36.00) | Time Elapsed: 01d 14h 14m | Losses/train_medical_loss: 5.17e+01 (4.72e+01) | Losses/train_medical_val_loss: 0.00e+00 (0.00e+00)
INFO 2026-05-22 20:55:00,385 train_utils.py: 268: Train Epoch: [5][ 200/9054] | Batch Time: 4.33 (5.05) | Data Time: 1.48 (2.15) | Mem (GB): 36.00 (33.55/36.00) | Time Elapsed: 01d 14h 17m | Losses/train_medical_loss: 4.17e+01 (4.66e+01) | Losses/train_medical_val_loss: 0.00e+00 (0.00e+00)
INFO 2026-05-22 20:57:19,250 train_utils.py: 268: Train Epoch: [5][ 250/9054] | Batch Time: 1.77 (4.59) | Data Time: 0.00 (1.72) | Mem (GB): 25.00 (33.55/36.00) | Time Elapsed: 01d 14h 19m | Losses/train_medical_loss: 2.54e+01 (4.47e+01) | Losses/train_medical_val_loss: 0.00e+00 (0.00e+00)
INFO 2026-05-22 20:59:39,341 train_utils.py: 268: Train Epoch: [5][ 300/9054] | Batch Time: 2.85 (4.30) | Data Time: 0.00 (1.43) | Mem (GB): 36.00 (33.34/36.00) | Time Elapsed: 01d 14h 22m | Losses/train_medical_loss: 5.27e+00 (4.39e+01) | Losses/train_medical_val_loss: 0.00e+00 (0.00e+00)
INFO 2026-05-22 21:01:57,706 train_utils.py: 268: Train Epoch: [5][ 350/9054] | Batch Time: 2.83 (4.08) | Data Time: 0.00 (1.23) | Mem (GB): 36.00 (33.30/36.00) | Time Elapsed: 01d 14h 24m | Losses/train_medical_loss: 1.23e+01 (4.37e+01) | Losses/train_medical_val_loss: 0.00e+00 (0.00e+00)
INFO 2026-05-22 21:04:37,209 train_utils.py: 268: Train Epoch: [5][ 400/9054] | Batch Time: 2.83 (3.97) | Data Time: 0.00 (1.08) | Mem (GB): 36.00 (33.28/36.00) | Time Elapsed: 01d 14h 27m | Losses/train_medical_loss: 3.17e+01 (4.27e+01) | Losses/train_medical_val_loss: 0.00e+00 (0.00e+00)
INFO 2026-05-22 21:06:56,948 train_utils.py: 268: Train Epoch: [5][ 450/9054] | Batch Time: 2.53 (3.84) | Data Time: 0.00 (0.96) | Mem (GB): 33.00 (33.24/36.00) | Time Elapsed: 01d 14h 29m | Losses/train_medical_loss: 3.88e+01 (4.23e+01) | Losses/train_medical_val_loss: 0.00e+00 (0.00e+00)
INFO 2026-05-22 21:09:15,437 train_utils.py: 268: Train Epoch: [5][ 500/9054] | Batch Time: 1.69 (3.73) | Data Time: 0.00 (0.86) | Mem (GB): 20.00 (33.35/36.00) | Time Elapsed: 01d 14h 31m | Losses/train_medical_loss: 2.21e+01 (4.25e+01) | Losses/train_medical_val_loss: 0.00e+00 (0.00e+00)
INFO 2026-05-22 21:11:44,513 train_utils.py: 268: Train Epoch: [5][ 550/9054] | Batch Time: 2.07 (3.66) | Data Time: 0.00 (0.78) | Mem (GB): 28.00 (33.34/36.00) | Time Elapsed: 01d 14h 34m | Losses/train_medical_loss: 3.60e+01 (4.20e+01) | Losses/train_medical_val_loss: 0.00e+00 (0.00e+00)
INFO 2026-05-22 21:14:11,850 train_utils.py: 268: Train Epoch: [5][ 600/9054] | Batch Time: 1.15 (3.60) | Data Time: 0.00 (0.72) | Mem (GB): 19.00 (33.36/36.00) | Time Elapsed: 01d 14h 36m | Losses/train_medical_loss: 1.07e+01 (4.22e+01) | Losses/train_medical_val_loss: 0.00e+00 (0.00e+00)
INFO 2026-05-22 21:16:33,545 train_utils.py: 268: Train Epoch: [5][ 650/9054] | Batch Time: 4.40 (3.54) | Data Time: 0.00 (0.66) | Mem (GB): 36.00 (33.30/36.00) | Time Elapsed: 01d 14h 39m | Losses/train_medical_loss: 6.20e+01 (4.24e+01) | Losses/train_medical_val_loss: 0.00e+00 (0.00e+00)
INFO 2026-05-22 21:18:58,155 train_utils.py: 268: Train Epoch: [5][ 700/9054] | Batch Time: 2.84 (3.50) | Data Time: 0.00 (0.62) | Mem (GB): 36.00 (33.25/36.00) | Time Elapsed: 01d 14h 41m | Losses/train_medical_loss: 1.36e+01 (4.23e+01) | Losses/train_medical_val_loss: 0.00e+00 (0.00e+00)
INFO 2026-05-22 21:21:44,449 train_utils.py: 268: Train Epoch: [5][ 750/9054] | Batch Time: 4.08 (3.49) | Data Time: 0.00 (0.57) | Mem (GB): 36.00 (33.20/36.00) | Time Elapsed: 01d 14h 44m | Losses/train_medical_loss: 3.52e+01 (4.26e+01) | Losses/train_medical_val_loss: 0.00e+00 (0.00e+00)
INFO 2026-05-22 21:24:12,230 train_utils.py: 268: Train Epoch: [5][ 800/9054] | Batch Time: 2.87 (3.45) | Data Time: 0.00 (0.54) | Mem (GB): 36.00 (33.26/36.00) | Time Elapsed: 01d 14h 46m | Losses/train_medical_loss: 2.15e+01 (4.22e+01) | Losses/train_medical_val_loss: 0.00e+00 (0.00e+00)
INFO 2026-05-22 21:26:26,460 train_utils.py: 268: Train Epoch: [5][ 850/9054] | Batch Time: 2.85 (3.41) | Data Time: 0.00 (0.51) | Mem (GB): 36.00 (33.28/36.00) | Time Elapsed: 01d 14h 49m | Losses/train_medical_loss: 7.82e+01 (4.19e+01) | Losses/train_medical_val_loss: 0.00e+00 (0.00e+00)
INFO 2026-05-22 21:28:44,553 train_utils.py: 268: Train Epoch: [5][ 900/9054] | Batch Time: 2.84 (3.37) | Data Time: 0.00 (0.48) | Mem (GB): 36.00 (33.29/36.00) | Time Elapsed: 01d 14h 51m | Losses/train_medical_loss: 6.59e+01 (4.18e+01) | Losses/train_medical_val_loss: 0.00e+00 (0.00e+00)
INFO 2026-05-22 21:31:41,533 train_utils.py: 268: Train Epoch: [5][ 950/9054] | Batch Time: 2.83 (3.38) | Data Time: 0.00 (0.46) | Mem (GB): 36.00 (33.30/36.00) | Time Elapsed: 01d 14h 54m | Losses/train_medical_loss: 2.25e+01 (4.18e+01) | Losses/train_medical_val_loss: 0.00e+00 (0.00e+00)
INFO 2026-05-22 21:33:58,862 train_utils.py: 268: Train Epoch: [5][1000/9054] | Batch Time: 2.81 (3.35) | Data Time: 0.00 (0.44) | Mem (GB): 36.00 (33.28/36.00) | Time Elapsed: 01d 14h 56m | Losses/train_medical_loss: 1.56e+01 (4.16e+01) | Losses/train_medical_val_loss: 0.00e+00 (0.00e+00)
INFO 2026-05-22 21:36:17,811 train_utils.py: 268: Train Epoch: [5][1050/9054] | Batch Time: 2.81 (3.32) | Data Time: 0.00 (0.42) | Mem (GB): 36.00 (33.33/36.00) | Time Elapsed: 01d 14h 58m | Losses/train_medical_loss: 1.34e+01 (4.16e+01) | Losses/train_medical_val_loss: 0.00e+00 (0.00e+00)
INFO 2026-05-22 21:38:46,811 train_utils.py: 268: Train Epoch: [5][1100/9054] | Batch Time: 2.84 (3.31) | Data Time: 0.00 (0.40) | Mem (GB): 36.00 (33.38/36.00) | Time Elapsed: 01d 15h 01m | Losses/train_medical_loss: 6.81e+01 (4.14e+01) | Losses/train_medical_val_loss: 0.00e+00 (0.00e+00)
INFO 2026-05-22 21:41:24,340 train_utils.py: 268: Train Epoch: [5][1150/9054] | Batch Time: 2.80 (3.30) | Data Time: 0.00 (0.38) | Mem (GB): 36.00 (33.34/36.00) | Time Elapsed: 01d 15h 04m | Losses/train_medical_loss: 8.20e+01 (4.16e+01) | Losses/train_medical_val_loss: 0.00e+00 (0.00e+00)
