###################### Train App Config ####################
paths:
  medical_data_root: /anvil/projects/x-cis250950/dataset/datasetavail
  experiment_log_dir: /anvil/projects/x-cis250950/sam3/experiments/medsam3_stage1_train_all_unified
  bpe_path: /anvil/projects/x-cis250950/sam3/assets/bpe_simple_vocab_16e6.txt.gz
medical_train:
  train_transforms:
  - _target_: sam3.train.transforms.basic_for_api.ComposeAPI
    transforms:
    - _target_: sam3.train.transforms.filter_query_transforms.FlexibleFilterFindGetQueries
      query_filter:
        _target_: sam3.train.transforms.filter_query_transforms.FilterCrowds
    - _target_: sam3.train.transforms.point_sampling.RandomizeInputBbox
      box_noise_std: 0.1
      box_noise_max: 20
    - _target_: sam3.train.transforms.filter_query_transforms.TextQueryToVisual
      probability: 0.5
      keep_text_queries: true
    - _target_: sam3.train.transforms.segmentation.DecodeRle
    - _target_: sam3.train.transforms.basic_for_api.RandomResizeAPI
      sizes:
        _target_: sam3.train.transforms.basic.get_random_resize_scales
        size: ${scratch.resolution}
        min_size: 480
        rounded: false
      max_size:
        _target_: sam3.train.transforms.basic.get_random_resize_max_size
        size: ${scratch.resolution}
      square: true
      consistent_transform: ${scratch.consistent_transform}
    - _target_: sam3.train.transforms.basic_for_api.PadToSizeAPI
      size: ${scratch.resolution}
      consistent_transform: ${scratch.consistent_transform}
    - _target_: sam3.train.transforms.basic_for_api.ToTensorAPI
    - _target_: sam3.train.transforms.filter_query_transforms.FlexibleFilterFindGetQueries
      query_filter:
        _target_: sam3.train.transforms.filter_query_transforms.FilterEmptyTargets
    - _target_: sam3.train.transforms.basic_for_api.NormalizeAPI
      mean: ${scratch.train_norm_mean}
      std: ${scratch.train_norm_std}
    - _target_: sam3.train.transforms.filter_query_transforms.FlexibleFilterFindGetQueries
      query_filter:
        _target_: sam3.train.transforms.filter_query_transforms.FilterEmptyTargets
  val_transforms:
  - _target_: sam3.train.transforms.basic_for_api.ComposeAPI
    transforms:
    - _target_: sam3.train.transforms.segmentation.DecodeRle
    - _target_: sam3.train.transforms.filter_query_transforms.RemoveInputBoxes
    - _target_: sam3.train.transforms.basic_for_api.RandomResizeAPI
      sizes: ${scratch.resolution}
      max_size:
        _target_: sam3.train.transforms.basic.get_random_resize_max_size
        size: ${scratch.resolution}
      square: true
      consistent_transform: true
    - _target_: sam3.train.transforms.basic_for_api.PadToSizeAPI
      size: ${scratch.resolution}
      consistent_transform: true
    - _target_: sam3.train.transforms.basic_for_api.ToTensorAPI
    - _target_: sam3.train.transforms.filter_query_transforms.FlexibleFilterFindGetQueries
      query_filter:
        _target_: sam3.train.transforms.filter_query_transforms.FilterEmptyTargets
    - _target_: sam3.train.transforms.basic_for_api.NormalizeAPI
      mean: ${scratch.val_norm_mean}
      std: ${scratch.val_norm_std}
  loss:
    _target_: sam3.train.loss.sam3_loss.Sam3LossWrapper
    normalization: local
    matcher: ${scratch.matcher}
    o2m_weight: 2.0
    o2m_matcher:
      _target_: sam3.train.matcher.BinaryOneToManyMatcher
      alpha: 0.3
      threshold: 0.4
      topk: 4
    use_o2m_matcher_on_o2m_aux: false
    loss_fns_find:
    - _target_: sam3.train.loss.loss_fns.Boxes
      weight_dict:
        loss_bbox: 5.0
        loss_giou: 2.0
    - _target_: sam3.train.loss.loss_fns.IABCEMdetr
      weak_loss: false
      weight_dict:
        loss_ce: 20.0
        presence_loss: 20.0
      pos_weight: 10.0
      alpha: 0.25
      gamma: 2
      use_presence: true
      pos_focal: false
      pad_n_queries: 200
    loss_fn_semantic_seg:
      _target_: sam3.train.loss.loss_fns.SemanticSegCriterion
      presence_head: true
      presence_loss: true
      focal: true
      focal_alpha: 0.6
      focal_gamma: 2.0
      downsample: false
      weight_dict:
        loss_semantic_seg: 20.0
        loss_semantic_presence: 1.0
        loss_semantic_dice: 30.0
    scale_by_find_batch_size: true
    normalize_by_stage_num: true
scratch:
  enable_segmentation: true
  d_model: 256
  pos_embed:
    _target_: sam3.model.position_encoding.PositionEmbeddingSine
    num_pos_feats: ${scratch.d_model}
    normalize: true
    scale: null
    temperature: 10000
  matcher:
    _target_: sam3.train.matcher.BinaryHungarianMatcherV2
    focal: true
    cost_class: 2.0
    cost_bbox: 5.0
    cost_giou: 2.0
    alpha: 0.25
    gamma: 2
    stable: false
  scale_by_find_batch_size: true
  resolution: 1008
  consistent_transform: false
  max_ann_per_img: 200
  train_norm_mean:
  - 0.5
  - 0.5
  - 0.5
  train_norm_std:
  - 0.5
  - 0.5
  - 0.5
  val_norm_mean:
  - 0.5
  - 0.5
  - 0.5
  val_norm_std:
  - 0.5
  - 0.5
  - 0.5
  lr_decoder: 0.0003
  lr_class_embed: 0.0003
  lr_prompt_encoder: 0.0001
  lr_language_backbone: 5.0e-05
  lr_vision_backbone: 5.0e-05
  lrd_vision_backbone: 0.85
  wd: 0.05
  max_data_epochs: 10
  target_epoch_size: 100
  num_train_workers: 1
  num_val_workers: 1
  gradient_accumulation_steps: 1
  train_batch_size: 1
  val_batch_size: 1
  use_act_checkpoint_vision_backbone: true
  use_act_checkpoint_text_backbone: true
  use_act_checkpoint_encoder: true
  use_act_checkpoint_decoder: true
  collate_fn:
    _target_: sam3.train.data.collator.collate_fn_api
    _partial_: true
    repeats: 1
    dict_key: medical
    with_seg_masks: ${scratch.enable_segmentation}
  collate_fn_val:
    _target_: sam3.train.data.collator.collate_fn_api
    _partial_: true
    repeats: 1
    dict_key: medical_val
    with_seg_masks: ${scratch.enable_segmentation}
  use_presence_eval: true
  original_box_postprocessor:
    _target_: sam3.eval.postprocessors.PostProcessImage
    max_dets_per_img: -1
    use_original_ids: true
    use_original_sizes_box: true
    use_presence: ${scratch.use_presence_eval}
    iou_type: bbox
  seg_postprocessor:
    _target_: sam3.eval.postprocessors.PostProcessImage
    iou_type: segm
    convert_mask_to_rle: true
    max_dets_per_img: -1
    use_original_ids: true
    use_original_sizes_box: true
    use_original_sizes_mask: true
    use_presence: ${scratch.use_presence_eval}
trainer:
  _target_: sam3.train.trainer.Trainer
  skip_saving_ckpts: false
  empty_gpu_mem_cache_after_eval: true
  skip_first_val: false
  max_epochs: ${scratch.max_data_epochs}
  accelerator: cuda
  seed_value: 42
  val_epoch_freq: 1
  mode: train
  gradient_accumulation_steps: ${scratch.gradient_accumulation_steps}
  distributed:
    backend: nccl
    find_unused_parameters: true
    gradient_as_bucket_view: true
    static_graph: true
  loss:
    medical: ${medical_train.loss}
    medical_val:
      _target_: sam3.train.loss.sam3_loss.DummyLoss
  data:
    train:
      _target_: sam3.train.data.torch_dataset.TorchDataset
      dataset:
        _target_: torch.utils.data.ConcatDataset
        datasets:
        - _target_: sam3.train.data.sam3_video_dataset.VideoGroundingDataset
          transforms: ${medical_train.train_transforms}
          load_segmentation: ${scratch.enable_segmentation}
          max_ann_per_img: 500000
          multiplier: 1
          training: true
          use_all_frames_in_train: false
          allow_ptr_remap: true
          num_stages_sample: 8
          stage_stride_min: 1
          stage_stride_max: 1
          random_reverse_time_axis: false
          use_caching: false
          img_folder: /anvil/projects/x-cis250950/converted_cvpr_biomedsegfm
          ann_file: /anvil/projects/x-cis250950/converted_cvpr_biomedsegfm/annotations/unified_sam3_annotations/cvpr_train_all/train_all_CT_CT_AMOS_sam3_video.json
          coco_json_loader:
            _target_: sam3.train.data.coco_json_loaders.SAM3_VIDEO_API_FROM_JSON
            _partial_: true
        - _target_: sam3.train.data.sam3_video_dataset.VideoGroundingDataset
          transforms: ${medical_train.train_transforms}
          load_segmentation: ${scratch.enable_segmentation}
          max_ann_per_img: 500000
          multiplier: 1
          training: true
          use_all_frames_in_train: false
          allow_ptr_remap: true
          num_stages_sample: 8
          stage_stride_min: 1
          stage_stride_max: 1
          random_reverse_time_axis: false
          use_caching: false
          img_folder: /anvil/projects/x-cis250950/converted_cvpr_biomedsegfm
          ann_file: /anvil/projects/x-cis250950/converted_cvpr_biomedsegfm/annotations/unified_sam3_annotations/cvpr_train_all/train_all_CT_CT_Abdomen1K_sam3_video.json
          coco_json_loader:
            _target_: sam3.train.data.coco_json_loaders.SAM3_VIDEO_API_FROM_JSON
            _partial_: true
        - _target_: sam3.train.data.sam3_video_dataset.VideoGroundingDataset
          transforms: ${medical_train.train_transforms}
          load_segmentation: ${scratch.enable_segmentation}
          max_ann_per_img: 500000
          multiplier: 1
          training: true
          use_all_frames_in_train: false
          allow_ptr_remap: true
          num_stages_sample: 8
          stage_stride_min: 1
          stage_stride_max: 1
          random_reverse_time_axis: false
          use_caching: false
          img_folder: /anvil/projects/x-cis250950/converted_cvpr_biomedsegfm
          ann_file: /anvil/projects/x-cis250950/converted_cvpr_biomedsegfm/annotations/unified_sam3_annotations/cvpr_train_all/train_all_CT_CT_AdrenalTumor_sam3_video.json
          coco_json_loader:
            _target_: sam3.train.data.coco_json_loaders.SAM3_VIDEO_API_FROM_JSON
            _partial_: true
        - _target_: sam3.train.data.sam3_video_dataset.VideoGroundingDataset
          transforms: ${medical_train.train_transforms}
          load_segmentation: ${scratch.enable_segmentation}
          max_ann_per_img: 500000
          multiplier: 1
          training: true
          use_all_frames_in_train: false
          allow_ptr_remap: true
          num_stages_sample: 8
          stage_stride_min: 1
          stage_stride_max: 1
          random_reverse_time_axis: false
          use_caching: false
          img_folder: /anvil/projects/x-cis250950/converted_cvpr_biomedsegfm
          ann_file: /anvil/projects/x-cis250950/converted_cvpr_biomedsegfm/annotations/unified_sam3_annotations/cvpr_train_all/train_all_CT_CT_Aeropath_sam3_video.json
          coco_json_loader:
            _target_: sam3.train.data.coco_json_loaders.SAM3_VIDEO_API_FROM_JSON
            _partial_: true
        - _target_: sam3.train.data.sam3_video_dataset.VideoGroundingDataset
          transforms: ${medical_train.train_transforms}
          load_segmentation: ${scratch.enable_segmentation}
          max_ann_per_img: 500000
          multiplier: 1
          training: true
          use_all_frames_in_train: false
          allow_ptr_remap: true
          num_stages_sample: 8
          stage_stride_min: 1
          stage_stride_max: 1
          random_reverse_time_axis: false
          use_caching: false
          img_folder: /anvil/projects/x-cis250950/converted_cvpr_biomedsegfm
          ann_file: /anvil/projects/x-cis250950/converted_cvpr_biomedsegfm/annotations/unified_sam3_annotations/cvpr_train_all/train_all_CT_CT_AirwayTree_sam3_video.json
          coco_json_loader:
            _target_: sam3.train.data.coco_json_loaders.SAM3_VIDEO_API_FROM_JSON
            _partial_: true
        - _target_: sam3.train.data.sam3_video_dataset.VideoGroundingDataset
          transforms: ${medical_train.train_transforms}
          load_segmentation: ${scratch.enable_segmentation}
          max_ann_per_img: 500000
          multiplier: 1
          training: true
          use_all_frames_in_train: false
          allow_ptr_remap: true
          num_stages_sample: 8
          stage_stride_min: 1
          stage_stride_max: 1
          random_reverse_time_axis: false
          use_caching: false
          img_folder: /anvil/projects/x-cis250950/converted_cvpr_biomedsegfm
          ann_file: /anvil/projects/x-cis250950/converted_cvpr_biomedsegfm/annotations/unified_sam3_annotations/cvpr_train_all/train_all_CT_CT_Aorta_sam3_video.json
          coco_json_loader:
            _target_: sam3.train.data.coco_json_loaders.SAM3_VIDEO_API_FROM_JSON
            _partial_: true
        - _target_: sam3.train.data.sam3_video_dataset.VideoGroundingDataset
          transforms: ${medical_train.train_transforms}
          load_segmentation: ${scratch.enable_segmentation}
          max_ann_per_img: 500000
          multiplier: 1
          training: true
          use_all_frames_in_train: false
          allow_ptr_remap: true
          num_stages_sample: 8
          stage_stride_min: 1
          stage_stride_max: 1
          random_reverse_time_axis: false
          use_caching: false
          img_folder: /anvil/projects/x-cis250950/converted_cvpr_biomedsegfm
          ann_file: /anvil/projects/x-cis250950/converted_cvpr_biomedsegfm/annotations/unified_sam3_annotations/cvpr_train_all/train_all_CT_CT_Aortic-Dissection_sam3_video.json
          coco_json_loader:
            _target_: sam3.train.data.coco_json_loaders.SAM3_VIDEO_API_FROM_JSON
            _partial_: true
        - _target_: sam3.train.data.sam3_video_dataset.VideoGroundingDataset
          transforms: ${medical_train.train_transforms}
          load_segmentation: ${scratch.enable_segmentation}
          max_ann_per_img: 500000
          multiplier: 1
          training: true
          use_all_frames_in_train: false
          allow_ptr_remap: true
          num_stages_sample: 8
          stage_stride_min: 1
          stage_stride_max: 1
          random_reverse_time_axis: false
          use_caching: false
          img_folder: /anvil/projects/x-cis250950/converted_cvpr_biomedsegfm
          ann_file: /anvil/projects/x-cis250950/converted_cvpr_biomedsegfm/annotations/unified_sam3_annotations/cvpr_train_all/train_all_CT_CT_COVID19-Infection_sam3_video.json
          coco_json_loader:
            _target_: sam3.train.data.coco_json_loaders.SAM3_VIDEO_API_FROM_JSON
            _partial_: true
        - _target_: sam3.train.data.sam3_video_dataset.VideoGroundingDataset
          transforms: ${medical_train.train_transforms}
          load_segmentation: ${scratch.enable_segmentation}
          max_ann_per_img: 500000
          multiplier: 1
          training: true
          use_all_frames_in_train: false
          allow_ptr_remap: true
          num_stages_sample: 8
          stage_stride_min: 1
          stage_stride_max: 1
          random_reverse_time_axis: false
          use_caching: false
          img_folder: /anvil/projects/x-cis250950/converted_cvpr_biomedsegfm
          ann_file: /anvil/projects/x-cis250950/converted_cvpr_biomedsegfm/annotations/unified_sam3_annotations/cvpr_train_all/train_all_CT_CT_CURVAS_sam3_video.json
          coco_json_loader:
            _target_: sam3.train.data.coco_json_loaders.SAM3_VIDEO_API_FROM_JSON
            _partial_: true
        - _target_: sam3.train.data.sam3_video_dataset.VideoGroundingDataset
          transforms: ${medical_train.train_transforms}
          load_segmentation: ${scratch.enable_segmentation}
          max_ann_per_img: 500000
          multiplier: 1
          training: true
          use_all_frames_in_train: false
          allow_ptr_remap: true
          num_stages_sample: 8
          stage_stride_min: 1
          stage_stride_max: 1
          random_reverse_time_axis: false
          use_caching: false
          img_folder: /anvil/projects/x-cis250950/converted_cvpr_biomedsegfm
          ann_file: /anvil/projects/x-cis250950/converted_cvpr_biomedsegfm/annotations/unified_sam3_annotations/cvpr_train_all/train_all_CT_CT_ColonTumor_sam3_video.json
          coco_json_loader:
            _target_: sam3.train.data.coco_json_loaders.SAM3_VIDEO_API_FROM_JSON
            _partial_: true
        - _target_: sam3.train.data.sam3_video_dataset.VideoGroundingDataset
          transforms: ${medical_train.train_transforms}
          load_segmentation: ${scratch.enable_segmentation}
          max_ann_per_img: 500000
          multiplier: 1
          training: true
          use_all_frames_in_train: false
          allow_ptr_remap: true
          num_stages_sample: 8
          stage_stride_min: 1
          stage_stride_max: 1
          random_reverse_time_axis: false
          use_caching: false
          img_folder: /anvil/projects/x-cis250950/converted_cvpr_biomedsegfm
          ann_file: /anvil/projects/x-cis250950/converted_cvpr_biomedsegfm/annotations/unified_sam3_annotations/cvpr_train_all/train_all_CT_CT_DeepLesion_sam3_video.json
          coco_json_loader:
            _target_: sam3.train.data.coco_json_loaders.SAM3_VIDEO_API_FROM_JSON
            _partial_: true
        - _target_: sam3.train.data.sam3_video_dataset.VideoGroundingDataset
          transforms: ${medical_train.train_transforms}
          load_segmentation: ${scratch.enable_segmentation}
          max_ann_per_img: 500000
          multiplier: 1
          training: true
          use_all_frames_in_train: false
          allow_ptr_remap: true
          num_stages_sample: 8
          stage_stride_min: 1
          stage_stride_max: 1
          random_reverse_time_axis: false
          use_caching: false
          img_folder: /anvil/projects/x-cis250950/converted_cvpr_biomedsegfm
          ann_file: /anvil/projects/x-cis250950/converted_cvpr_biomedsegfm/annotations/unified_sam3_annotations/cvpr_train_all/train_all_CT_CT_HaN-Seg_sam3_video.json
          coco_json_loader:
            _target_: sam3.train.data.coco_json_loaders.SAM3_VIDEO_API_FROM_JSON
            _partial_: true
        - _target_: sam3.train.data.sam3_video_dataset.VideoGroundingDataset
          transforms: ${medical_train.train_transforms}
          load_segmentation: ${scratch.enable_segmentation}
          max_ann_per_img: 500000
          multiplier: 1
          training: true
          use_all_frames_in_train: false
          allow_ptr_remap: true
          num_stages_sample: 8
          stage_stride_min: 1
          stage_stride_max: 1
          random_reverse_time_axis: false
          use_caching: false
          img_folder: /anvil/projects/x-cis250950/converted_cvpr_biomedsegfm
          ann_file: /anvil/projects/x-cis250950/converted_cvpr_biomedsegfm/annotations/unified_sam3_annotations/cvpr_train_all/train_all_CT_CT_KidneyTumor_sam3_video.json
          coco_json_loader:
            _target_: sam3.train.data.coco_json_loaders.SAM3_VIDEO_API_FROM_JSON
            _partial_: true
        - _target_: sam3.train.data.sam3_video_dataset.VideoGroundingDataset
          transforms: ${medical_train.train_transforms}
          load_segmentation: ${scratch.enable_segmentation}
          max_ann_per_img: 500000
          multiplier: 1
          training: true
          use_all_frames_in_train: false
          allow_ptr_remap: true
          num_stages_sample: 8
          stage_stride_min: 1
          stage_stride_max: 1
          random_reverse_time_axis: false
          use_caching: false
          img_folder: /anvil/projects/x-cis250950/converted_cvpr_biomedsegfm
          ann_file: /anvil/projects/x-cis250950/converted_cvpr_biomedsegfm/annotations/unified_sam3_annotations/cvpr_train_all/train_all_CT_CT_LiverTumor_sam3_video.json
          coco_json_loader:
            _target_: sam3.train.data.coco_json_loaders.SAM3_VIDEO_API_FROM_JSON
            _partial_: true
        - _target_: sam3.train.data.sam3_video_dataset.VideoGroundingDataset
          transforms: ${medical_train.train_transforms}
          load_segmentation: ${scratch.enable_segmentation}
          max_ann_per_img: 500000
          multiplier: 1
          training: true
          use_all_frames_in_train: false
          allow_ptr_remap: true
          num_stages_sample: 8
          stage_stride_min: 1
          stage_stride_max: 1
          random_reverse_time_axis: false
          use_caching: false
          img_folder: /anvil/projects/x-cis250950/converted_cvpr_biomedsegfm
          ann_file: /anvil/projects/x-cis250950/converted_cvpr_biomedsegfm/annotations/unified_sam3_annotations/cvpr_train_all/train_all_CT_CT_LungLesion_sam3_video.json
          coco_json_loader:
            _target_: sam3.train.data.coco_json_loaders.SAM3_VIDEO_API_FROM_JSON
            _partial_: true
        - _target_: sam3.train.data.sam3_video_dataset.VideoGroundingDataset
          transforms: ${medical_train.train_transforms}
          load_segmentation: ${scratch.enable_segmentation}
          max_ann_per_img: 500000
          multiplier: 1
          training: true
          use_all_frames_in_train: false
          allow_ptr_remap: true
          num_stages_sample: 8
          stage_stride_min: 1
          stage_stride_max: 1
          random_reverse_time_axis: false
          use_caching: false
          img_folder: /anvil/projects/x-cis250950/converted_cvpr_biomedsegfm
          ann_file: /anvil/projects/x-cis250950/converted_cvpr_biomedsegfm/annotations/unified_sam3_annotations/cvpr_train_all/train_all_CT_CT_Lungs_sam3_video.json
          coco_json_loader:
            _target_: sam3.train.data.coco_json_loaders.SAM3_VIDEO_API_FROM_JSON
            _partial_: true
        - _target_: sam3.train.data.sam3_video_dataset.VideoGroundingDataset
          transforms: ${medical_train.train_transforms}
          load_segmentation: ${scratch.enable_segmentation}
          max_ann_per_img: 500000
          multiplier: 1
          training: true
          use_all_frames_in_train: false
          allow_ptr_remap: true
          num_stages_sample: 8
          stage_stride_min: 1
          stage_stride_max: 1
          random_reverse_time_axis: false
          use_caching: false
          img_folder: /anvil/projects/x-cis250950/converted_cvpr_biomedsegfm
          ann_file: /anvil/projects/x-cis250950/converted_cvpr_biomedsegfm/annotations/unified_sam3_annotations/cvpr_train_all/train_all_CT_CT_LymphNode_sam3_video.json
          coco_json_loader:
            _target_: sam3.train.data.coco_json_loaders.SAM3_VIDEO_API_FROM_JSON
            _partial_: true
        - _target_: sam3.train.data.sam3_video_dataset.VideoGroundingDataset
          transforms: ${medical_train.train_transforms}
          load_segmentation: ${scratch.enable_segmentation}
          max_ann_per_img: 500000
          multiplier: 1
          training: true
          use_all_frames_in_train: false
          allow_ptr_remap: true
          num_stages_sample: 8
          stage_stride_min: 1
          stage_stride_max: 1
          random_reverse_time_axis: false
          use_caching: false
          img_folder: /anvil/projects/x-cis250950/converted_cvpr_biomedsegfm
          ann_file: /anvil/projects/x-cis250950/converted_cvpr_biomedsegfm/annotations/unified_sam3_annotations/cvpr_train_all/train_all_CT_CT_MedSegIVC_sam3_video.json
          coco_json_loader:
            _target_: sam3.train.data.coco_json_loaders.SAM3_VIDEO_API_FROM_JSON
            _partial_: true
        - _target_: sam3.train.data.sam3_video_dataset.VideoGroundingDataset
          transforms: ${medical_train.train_transforms}
          load_segmentation: ${scratch.enable_segmentation}
          max_ann_per_img: 500000
          multiplier: 1
          training: true
          use_all_frames_in_train: false
          allow_ptr_remap: true
          num_stages_sample: 8
          stage_stride_min: 1
          stage_stride_max: 1
          random_reverse_time_axis: false
          use_caching: false
          img_folder: /anvil/projects/x-cis250950/converted_cvpr_biomedsegfm
          ann_file: /anvil/projects/x-cis250950/converted_cvpr_biomedsegfm/annotations/unified_sam3_annotations/cvpr_train_all/train_all_CT_CT_MedSegLiver_sam3_video.json
          coco_json_loader:
            _target_: sam3.train.data.coco_json_loaders.SAM3_VIDEO_API_FROM_JSON
            _partial_: true
        - _target_: sam3.train.data.sam3_video_dataset.VideoGroundingDataset
          transforms: ${medical_train.train_transforms}
          load_segmentation: ${scratch.enable_segmentation}
          max_ann_per_img: 500000
          multiplier: 1
          training: true
          use_all_frames_in_train: false
          allow_ptr_remap: true
          num_stages_sample: 8
          stage_stride_min: 1
          stage_stride_max: 1
          random_reverse_time_axis: false
          use_caching: false
          img_folder: /anvil/projects/x-cis250950/converted_cvpr_biomedsegfm
          ann_file: /anvil/projects/x-cis250950/converted_cvpr_biomedsegfm/annotations/unified_sam3_annotations/cvpr_train_all/train_all_CT_CT_MedSeg_sam3_video.json
          coco_json_loader:
            _target_: sam3.train.data.coco_json_loaders.SAM3_VIDEO_API_FROM_JSON
            _partial_: true
        - _target_: sam3.train.data.sam3_video_dataset.VideoGroundingDataset
          transforms: ${medical_train.train_transforms}
          load_segmentation: ${scratch.enable_segmentation}
          max_ann_per_img: 500000
          multiplier: 1
          training: true
          use_all_frames_in_train: false
          allow_ptr_remap: true
          num_stages_sample: 8
          stage_stride_min: 1
          stage_stride_max: 1
          random_reverse_time_axis: false
          use_caching: false
          img_folder: /anvil/projects/x-cis250950/converted_cvpr_biomedsegfm
          ann_file: /anvil/projects/x-cis250950/converted_cvpr_biomedsegfm/annotations/unified_sam3_annotations/cvpr_train_all/train_all_CT_CT_PancreasTumor_sam3_video.json
          coco_json_loader:
            _target_: sam3.train.data.coco_json_loaders.SAM3_VIDEO_API_FROM_JSON
            _partial_: true
        - _target_: sam3.train.data.sam3_video_dataset.VideoGroundingDataset
          transforms: ${medical_train.train_transforms}
          load_segmentation: ${scratch.enable_segmentation}
          max_ann_per_img: 500000
          multiplier: 1
          training: true
          use_all_frames_in_train: false
          allow_ptr_remap: true
          num_stages_sample: 8
          stage_stride_min: 1
          stage_stride_max: 1
          random_reverse_time_axis: false
          use_caching: false
          img_folder: /anvil/projects/x-cis250950/converted_cvpr_biomedsegfm
          ann_file: /anvil/projects/x-cis250950/converted_cvpr_biomedsegfm/annotations/unified_sam3_annotations/cvpr_train_all/train_all_CT_CT_SegRap_HeadNeckTumor_sam3_video.json
          coco_json_loader:
            _target_: sam3.train.data.coco_json_loaders.SAM3_VIDEO_API_FROM_JSON
            _partial_: true
        - _target_: sam3.train.data.sam3_video_dataset.VideoGroundingDataset
          transforms: ${medical_train.train_transforms}
          load_segmentation: ${scratch.enable_segmentation}
          max_ann_per_img: 500000
          multiplier: 1
          training: true
          use_all_frames_in_train: false
          allow_ptr_remap: true
          num_stages_sample: 8
          stage_stride_min: 1
          stage_stride_max: 1
          random_reverse_time_axis: false
          use_caching: false
          img_folder: /anvil/projects/x-cis250950/converted_cvpr_biomedsegfm
          ann_file: /anvil/projects/x-cis250950/converted_cvpr_biomedsegfm/annotations/unified_sam3_annotations/cvpr_train_all/train_all_CT_CT_ThoracicOrgans-TCIA-LCTSC_sam3_video.json
          coco_json_loader:
            _target_: sam3.train.data.coco_json_loaders.SAM3_VIDEO_API_FROM_JSON
            _partial_: true
        - _target_: sam3.train.data.sam3_video_dataset.VideoGroundingDataset
          transforms: ${medical_train.train_transforms}
          load_segmentation: ${scratch.enable_segmentation}
          max_ann_per_img: 500000
          multiplier: 1
          training: true
          use_all_frames_in_train: false
          allow_ptr_remap: true
          num_stages_sample: 8
          stage_stride_min: 1
          stage_stride_max: 1
          random_reverse_time_axis: false
          use_caching: false
          img_folder: /anvil/projects/x-cis250950/converted_cvpr_biomedsegfm
          ann_file: /anvil/projects/x-cis250950/converted_cvpr_biomedsegfm/annotations/unified_sam3_annotations/cvpr_train_all/train_all_CT_CT_TopCoW24_sam3_video.json
          coco_json_loader:
            _target_: sam3.train.data.coco_json_loaders.SAM3_VIDEO_API_FROM_JSON
            _partial_: true
        - _target_: sam3.train.data.sam3_video_dataset.VideoGroundingDataset
          transforms: ${medical_train.train_transforms}
          load_segmentation: ${scratch.enable_segmentation}
          max_ann_per_img: 500000
          multiplier: 1
          training: true
          use_all_frames_in_train: false
          allow_ptr_remap: true
          num_stages_sample: 8
          stage_stride_min: 1
          stage_stride_max: 1
          random_reverse_time_axis: false
          use_caching: false
          img_folder: /anvil/projects/x-cis250950/converted_cvpr_biomedsegfm
          ann_file: /anvil/projects/x-cis250950/converted_cvpr_biomedsegfm/annotations/unified_sam3_annotations/cvpr_train_all/train_all_CT_CT_TotalSeg-vertebrae_sam3_video.json
          coco_json_loader:
            _target_: sam3.train.data.coco_json_loaders.SAM3_VIDEO_API_FROM_JSON
            _partial_: true
        - _target_: sam3.train.data.sam3_video_dataset.VideoGroundingDataset
          transforms: ${medical_train.train_transforms}
          load_segmentation: ${scratch.enable_segmentation}
          max_ann_per_img: 500000
          multiplier: 1
          training: true
          use_all_frames_in_train: false
          allow_ptr_remap: true
          num_stages_sample: 8
          stage_stride_min: 1
          stage_stride_max: 1
          random_reverse_time_axis: false
          use_caching: false
          img_folder: /anvil/projects/x-cis250950/converted_cvpr_biomedsegfm
          ann_file: /anvil/projects/x-cis250950/converted_cvpr_biomedsegfm/annotations/unified_sam3_annotations/cvpr_train_all/train_all_CT_CT_TotalSeg_cardiac_sam3_video.json
          coco_json_loader:
            _target_: sam3.train.data.coco_json_loaders.SAM3_VIDEO_API_FROM_JSON
            _partial_: true
        - _target_: sam3.train.data.sam3_video_dataset.VideoGroundingDataset
          transforms: ${medical_train.train_transforms}
          load_segmentation: ${scratch.enable_segmentation}
          max_ann_per_img: 500000
          multiplier: 1
          training: true
          use_all_frames_in_train: false
          allow_ptr_remap: true
          num_stages_sample: 8
          stage_stride_min: 1
          stage_stride_max: 1
          random_reverse_time_axis: false
          use_caching: false
          img_folder: /anvil/projects/x-cis250950/converted_cvpr_biomedsegfm
          ann_file: /anvil/projects/x-cis250950/converted_cvpr_biomedsegfm/annotations/unified_sam3_annotations/cvpr_train_all/train_all_CT_CT_TotalSeg_muscles_sam3_video.json
          coco_json_loader:
            _target_: sam3.train.data.coco_json_loaders.SAM3_VIDEO_API_FROM_JSON
            _partial_: true
        - _target_: sam3.train.data.sam3_video_dataset.VideoGroundingDataset
          transforms: ${medical_train.train_transforms}
          load_segmentation: ${scratch.enable_segmentation}
          max_ann_per_img: 500000
          multiplier: 1
          training: true
          use_all_frames_in_train: false
          allow_ptr_remap: true
          num_stages_sample: 8
          stage_stride_min: 1
          stage_stride_max: 1
          random_reverse_time_axis: false
          use_caching: false
          img_folder: /anvil/projects/x-cis250950/converted_cvpr_biomedsegfm
          ann_file: /anvil/projects/x-cis250950/converted_cvpr_biomedsegfm/annotations/unified_sam3_annotations/cvpr_train_all/train_all_CT_CT_TotalSeg_organs_sam3_video.json
          coco_json_loader:
            _target_: sam3.train.data.coco_json_loaders.SAM3_VIDEO_API_FROM_JSON
            _partial_: true
        - _target_: sam3.train.data.sam3_video_dataset.VideoGroundingDataset
          transforms: ${medical_train.train_transforms}
          load_segmentation: ${scratch.enable_segmentation}
          max_ann_per_img: 500000
          multiplier: 1
          training: true
          use_all_frames_in_train: false
          allow_ptr_remap: true
          num_stages_sample: 8
          stage_stride_min: 1
          stage_stride_max: 1
          random_reverse_time_axis: false
          use_caching: false
          img_folder: /anvil/projects/x-cis250950/converted_cvpr_biomedsegfm
          ann_file: /anvil/projects/x-cis250950/converted_cvpr_biomedsegfm/annotations/unified_sam3_annotations/cvpr_train_all/train_all_CT_CT_WholeBodyTumor_sam3_video.json
          coco_json_loader:
            _target_: sam3.train.data.coco_json_loaders.SAM3_VIDEO_API_FROM_JSON
            _partial_: true
        - _target_: sam3.train.data.sam3_video_dataset.VideoGroundingDataset
          transforms: ${medical_train.train_transforms}
          load_segmentation: ${scratch.enable_segmentation}
          max_ann_per_img: 500000
          multiplier: 1
          training: true
          use_all_frames_in_train: false
          allow_ptr_remap: true
          num_stages_sample: 8
          stage_stride_min: 1
          stage_stride_max: 1
          random_reverse_time_axis: false
          use_caching: false
          img_folder: /anvil/projects/x-cis250950/converted_cvpr_biomedsegfm
          ann_file: /anvil/projects/x-cis250950/converted_cvpr_biomedsegfm/annotations/unified_sam3_annotations/cvpr_train_all/train_all_MRI_MR_AMOS_sam3_video.json
          coco_json_loader:
            _target_: sam3.train.data.coco_json_loaders.SAM3_VIDEO_API_FROM_JSON
            _partial_: true
        - _target_: sam3.train.data.sam3_video_dataset.VideoGroundingDataset
          transforms: ${medical_train.train_transforms}
          load_segmentation: ${scratch.enable_segmentation}
          max_ann_per_img: 500000
          multiplier: 1
          training: true
          use_all_frames_in_train: false
          allow_ptr_remap: true
          num_stages_sample: 8
          stage_stride_min: 1
          stage_stride_max: 1
          random_reverse_time_axis: false
          use_caching: false
          img_folder: /anvil/projects/x-cis250950/converted_cvpr_biomedsegfm
          ann_file: /anvil/projects/x-cis250950/converted_cvpr_biomedsegfm/annotations/unified_sam3_annotations/cvpr_train_all/train_all_MRI_MR_BraTS-T1c_sam3_video.json
          coco_json_loader:
            _target_: sam3.train.data.coco_json_loaders.SAM3_VIDEO_API_FROM_JSON
            _partial_: true
        - _target_: sam3.train.data.sam3_video_dataset.VideoGroundingDataset
          transforms: ${medical_train.train_transforms}
          load_segmentation: ${scratch.enable_segmentation}
          max_ann_per_img: 500000
          multiplier: 1
          training: true
          use_all_frames_in_train: false
          allow_ptr_remap: true
          num_stages_sample: 8
          stage_stride_min: 1
          stage_stride_max: 1
          random_reverse_time_axis: false
          use_caching: false
          img_folder: /anvil/projects/x-cis250950/converted_cvpr_biomedsegfm
          ann_file: /anvil/projects/x-cis250950/converted_cvpr_biomedsegfm/annotations/unified_sam3_annotations/cvpr_train_all/train_all_MRI_MR_BraTS-T1n_sam3_video.json
          coco_json_loader:
            _target_: sam3.train.data.coco_json_loaders.SAM3_VIDEO_API_FROM_JSON
            _partial_: true
        - _target_: sam3.train.data.sam3_video_dataset.VideoGroundingDataset
          transforms: ${medical_train.train_transforms}
          load_segmentation: ${scratch.enable_segmentation}
          max_ann_per_img: 500000
          multiplier: 1
          training: true
          use_all_frames_in_train: false
          allow_ptr_remap: true
          num_stages_sample: 8
          stage_stride_min: 1
          stage_stride_max: 1
          random_reverse_time_axis: false
          use_caching: false
          img_folder: /anvil/projects/x-cis250950/converted_cvpr_biomedsegfm
          ann_file: /anvil/projects/x-cis250950/converted_cvpr_biomedsegfm/annotations/unified_sam3_annotations/cvpr_train_all/train_all_MRI_MR_BraTS-T2f_sam3_video.json
          coco_json_loader:
            _target_: sam3.train.data.coco_json_loaders.SAM3_VIDEO_API_FROM_JSON
            _partial_: true
        - _target_: sam3.train.data.sam3_video_dataset.VideoGroundingDataset
          transforms: ${medical_train.train_transforms}
          load_segmentation: ${scratch.enable_segmentation}
          max_ann_per_img: 500000
          multiplier: 1
          training: true
          use_all_frames_in_train: false
          allow_ptr_remap: true
          num_stages_sample: 8
          stage_stride_min: 1
          stage_stride_max: 1
          random_reverse_time_axis: false
          use_caching: false
          img_folder: /anvil/projects/x-cis250950/converted_cvpr_biomedsegfm
          ann_file: /anvil/projects/x-cis250950/converted_cvpr_biomedsegfm/annotations/unified_sam3_annotations/cvpr_train_all/train_all_MRI_MR_BraTS-T2w_sam3_video.json
          coco_json_loader:
            _target_: sam3.train.data.coco_json_loaders.SAM3_VIDEO_API_FROM_JSON
            _partial_: true
        - _target_: sam3.train.data.sam3_video_dataset.VideoGroundingDataset
          transforms: ${medical_train.train_transforms}
          load_segmentation: ${scratch.enable_segmentation}
          max_ann_per_img: 500000
          multiplier: 1
          training: true
          use_all_frames_in_train: false
          allow_ptr_remap: true
          num_stages_sample: 8
          stage_stride_min: 1
          stage_stride_max: 1
          random_reverse_time_axis: false
          use_caching: false
          img_folder: /anvil/projects/x-cis250950/converted_cvpr_biomedsegfm
          ann_file: /anvil/projects/x-cis250950/converted_cvpr_biomedsegfm/annotations/unified_sam3_annotations/cvpr_train_all/train_all_MRI_MR_CHAOS-T1_sam3_video.json
          coco_json_loader:
            _target_: sam3.train.data.coco_json_loaders.SAM3_VIDEO_API_FROM_JSON
            _partial_: true
        - _target_: sam3.train.data.sam3_video_dataset.VideoGroundingDataset
          transforms: ${medical_train.train_transforms}
          load_segmentation: ${scratch.enable_segmentation}
          max_ann_per_img: 500000
          multiplier: 1
          training: true
          use_all_frames_in_train: false
          allow_ptr_remap: true
          num_stages_sample: 8
          stage_stride_min: 1
          stage_stride_max: 1
          random_reverse_time_axis: false
          use_caching: false
          img_folder: /anvil/projects/x-cis250950/converted_cvpr_biomedsegfm
          ann_file: /anvil/projects/x-cis250950/converted_cvpr_biomedsegfm/annotations/unified_sam3_annotations/cvpr_train_all/train_all_MRI_MR_CHAOS-T2_sam3_video.json
          coco_json_loader:
            _target_: sam3.train.data.coco_json_loaders.SAM3_VIDEO_API_FROM_JSON
            _partial_: true
        - _target_: sam3.train.data.sam3_video_dataset.VideoGroundingDataset
          transforms: ${medical_train.train_transforms}
          load_segmentation: ${scratch.enable_segmentation}
          max_ann_per_img: 500000
          multiplier: 1
          training: true
          use_all_frames_in_train: false
          allow_ptr_remap: true
          num_stages_sample: 8
          stage_stride_min: 1
          stage_stride_max: 1
          random_reverse_time_axis: false
          use_caching: false
          img_folder: /anvil/projects/x-cis250950/converted_cvpr_biomedsegfm
          ann_file: /anvil/projects/x-cis250950/converted_cvpr_biomedsegfm/annotations/unified_sam3_annotations/cvpr_train_all/train_all_MRI_MR_CervicalCancer_sam3_video.json
          coco_json_loader:
            _target_: sam3.train.data.coco_json_loaders.SAM3_VIDEO_API_FROM_JSON
            _partial_: true
        - _target_: sam3.train.data.sam3_video_dataset.VideoGroundingDataset
          transforms: ${medical_train.train_transforms}
          load_segmentation: ${scratch.enable_segmentation}
          max_ann_per_img: 500000
          multiplier: 1
          training: true
          use_all_frames_in_train: false
          allow_ptr_remap: true
          num_stages_sample: 8
          stage_stride_min: 1
          stage_stride_max: 1
          random_reverse_time_axis: false
          use_caching: false
          img_folder: /anvil/projects/x-cis250950/converted_cvpr_biomedsegfm
          ann_file: /anvil/projects/x-cis250950/converted_cvpr_biomedsegfm/annotations/unified_sam3_annotations/cvpr_train_all/train_all_MRI_MR_EMIDEC_sam3_video.json
          coco_json_loader:
            _target_: sam3.train.data.coco_json_loaders.SAM3_VIDEO_API_FROM_JSON
            _partial_: true
        - _target_: sam3.train.data.sam3_video_dataset.VideoGroundingDataset
          transforms: ${medical_train.train_transforms}
          load_segmentation: ${scratch.enable_segmentation}
          max_ann_per_img: 500000
          multiplier: 1
          training: true
          use_all_frames_in_train: false
          allow_ptr_remap: true
          num_stages_sample: 8
          stage_stride_min: 1
          stage_stride_max: 1
          random_reverse_time_axis: false
          use_caching: false
          img_folder: /anvil/projects/x-cis250950/converted_cvpr_biomedsegfm
          ann_file: /anvil/projects/x-cis250950/converted_cvpr_biomedsegfm/annotations/unified_sam3_annotations/cvpr_train_all/train_all_MRI_MR_HNTS-MRG_HeadTumor_sam3_video.json
          coco_json_loader:
            _target_: sam3.train.data.coco_json_loaders.SAM3_VIDEO_API_FROM_JSON
            _partial_: true
        - _target_: sam3.train.data.sam3_video_dataset.VideoGroundingDataset
          transforms: ${medical_train.train_transforms}
          load_segmentation: ${scratch.enable_segmentation}
          max_ann_per_img: 500000
          multiplier: 1
          training: true
          use_all_frames_in_train: false
          allow_ptr_remap: true
          num_stages_sample: 8
          stage_stride_min: 1
          stage_stride_max: 1
          random_reverse_time_axis: false
          use_caching: false
          img_folder: /anvil/projects/x-cis250950/converted_cvpr_biomedsegfm
          ann_file: /anvil/projects/x-cis250950/converted_cvpr_biomedsegfm/annotations/unified_sam3_annotations/cvpr_train_all/train_all_MRI_MR_HVSMR_sam3_video.json
          coco_json_loader:
            _target_: sam3.train.data.coco_json_loaders.SAM3_VIDEO_API_FROM_JSON
            _partial_: true
        - _target_: sam3.train.data.sam3_video_dataset.VideoGroundingDataset
          transforms: ${medical_train.train_transforms}
          load_segmentation: ${scratch.enable_segmentation}
          max_ann_per_img: 500000
          multiplier: 1
          training: true
          use_all_frames_in_train: false
          allow_ptr_remap: true
          num_stages_sample: 8
          stage_stride_min: 1
          stage_stride_max: 1
          random_reverse_time_axis: false
          use_caching: false
          img_folder: /anvil/projects/x-cis250950/converted_cvpr_biomedsegfm
          ann_file: /anvil/projects/x-cis250950/converted_cvpr_biomedsegfm/annotations/unified_sam3_annotations/cvpr_train_all/train_all_MRI_MR_HeadHaN_sam3_video.json
          coco_json_loader:
            _target_: sam3.train.data.coco_json_loaders.SAM3_VIDEO_API_FROM_JSON
            _partial_: true
        - _target_: sam3.train.data.sam3_video_dataset.VideoGroundingDataset
          transforms: ${medical_train.train_transforms}
          load_segmentation: ${scratch.enable_segmentation}
          max_ann_per_img: 500000
          multiplier: 1
          training: true
          use_all_frames_in_train: false
          allow_ptr_remap: true
          num_stages_sample: 8
          stage_stride_min: 1
          stage_stride_max: 1
          random_reverse_time_axis: false
          use_caching: false
          img_folder: /anvil/projects/x-cis250950/converted_cvpr_biomedsegfm
          ann_file: /anvil/projects/x-cis250950/converted_cvpr_biomedsegfm/annotations/unified_sam3_annotations/cvpr_train_all/train_all_MRI_MR_Heart_ACDC_sam3_video.json
          coco_json_loader:
            _target_: sam3.train.data.coco_json_loaders.SAM3_VIDEO_API_FROM_JSON
            _partial_: true
        - _target_: sam3.train.data.sam3_video_dataset.VideoGroundingDataset
          transforms: ${medical_train.train_transforms}
          load_segmentation: ${scratch.enable_segmentation}
          max_ann_per_img: 500000
          multiplier: 1
          training: true
          use_all_frames_in_train: false
          allow_ptr_remap: true
          num_stages_sample: 8
          stage_stride_min: 1
          stage_stride_max: 1
          random_reverse_time_axis: false
          use_caching: false
          img_folder: /anvil/projects/x-cis250950/converted_cvpr_biomedsegfm
          ann_file: /anvil/projects/x-cis250950/converted_cvpr_biomedsegfm/annotations/unified_sam3_annotations/cvpr_train_all/train_all_MRI_MR_IBD_sam3_video.json
          coco_json_loader:
            _target_: sam3.train.data.coco_json_loaders.SAM3_VIDEO_API_FROM_JSON
            _partial_: true
        - _target_: sam3.train.data.sam3_video_dataset.VideoGroundingDataset
          transforms: ${medical_train.train_transforms}
          load_segmentation: ${scratch.enable_segmentation}
          max_ann_per_img: 500000
          multiplier: 1
          training: true
          use_all_frames_in_train: false
          allow_ptr_remap: true
          num_stages_sample: 8
          stage_stride_min: 1
          stage_stride_max: 1
          random_reverse_time_axis: false
          use_caching: false
          img_folder: /anvil/projects/x-cis250950/converted_cvpr_biomedsegfm
          ann_file: /anvil/projects/x-cis250950/converted_cvpr_biomedsegfm/annotations/unified_sam3_annotations/cvpr_train_all/train_all_MRI_MR_ISLES_ADC_sam3_video.json
          coco_json_loader:
            _target_: sam3.train.data.coco_json_loaders.SAM3_VIDEO_API_FROM_JSON
            _partial_: true
        - _target_: sam3.train.data.sam3_video_dataset.VideoGroundingDataset
          transforms: ${medical_train.train_transforms}
          load_segmentation: ${scratch.enable_segmentation}
          max_ann_per_img: 500000
          multiplier: 1
          training: true
          use_all_frames_in_train: false
          allow_ptr_remap: true
          num_stages_sample: 8
          stage_stride_min: 1
          stage_stride_max: 1
          random_reverse_time_axis: false
          use_caching: false
          img_folder: /anvil/projects/x-cis250950/converted_cvpr_biomedsegfm
          ann_file: /anvil/projects/x-cis250950/converted_cvpr_biomedsegfm/annotations/unified_sam3_annotations/cvpr_train_all/train_all_MRI_MR_ISLES_DWI_sam3_video.json
          coco_json_loader:
            _target_: sam3.train.data.coco_json_loaders.SAM3_VIDEO_API_FROM_JSON
            _partial_: true
        - _target_: sam3.train.data.sam3_video_dataset.VideoGroundingDataset
          transforms: ${medical_train.train_transforms}
          load_segmentation: ${scratch.enable_segmentation}
          max_ann_per_img: 500000
          multiplier: 1
          training: true
          use_all_frames_in_train: false
          allow_ptr_remap: true
          num_stages_sample: 8
          stage_stride_min: 1
          stage_stride_max: 1
          random_reverse_time_axis: false
          use_caching: false
          img_folder: /anvil/projects/x-cis250950/converted_cvpr_biomedsegfm
          ann_file: /anvil/projects/x-cis250950/converted_cvpr_biomedsegfm/annotations/unified_sam3_annotations/cvpr_train_all/train_all_MRI_MR_LeftAtrium_sam3_video.json
          coco_json_loader:
            _target_: sam3.train.data.coco_json_loaders.SAM3_VIDEO_API_FROM_JSON
            _partial_: true
        - _target_: sam3.train.data.sam3_video_dataset.VideoGroundingDataset
          transforms: ${medical_train.train_transforms}
          load_segmentation: ${scratch.enable_segmentation}
          max_ann_per_img: 500000
          multiplier: 1
          training: true
          use_all_frames_in_train: false
          allow_ptr_remap: true
          num_stages_sample: 8
          stage_stride_min: 1
          stage_stride_max: 1
          random_reverse_time_axis: false
          use_caching: false
          img_folder: /anvil/projects/x-cis250950/converted_cvpr_biomedsegfm
          ann_file: /anvil/projects/x-cis250950/converted_cvpr_biomedsegfm/annotations/unified_sam3_annotations/cvpr_train_all/train_all_MRI_MR_LiverTumor_LLD_sam3_video.json
          coco_json_loader:
            _target_: sam3.train.data.coco_json_loaders.SAM3_VIDEO_API_FROM_JSON
            _partial_: true
        - _target_: sam3.train.data.sam3_video_dataset.VideoGroundingDataset
          transforms: ${medical_train.train_transforms}
          load_segmentation: ${scratch.enable_segmentation}
          max_ann_per_img: 500000
          multiplier: 1
          training: true
          use_all_frames_in_train: false
          allow_ptr_remap: true
          num_stages_sample: 8
          stage_stride_min: 1
          stage_stride_max: 1
          random_reverse_time_axis: false
          use_caching: false
          img_folder: /anvil/projects/x-cis250950/converted_cvpr_biomedsegfm
          ann_file: /anvil/projects/x-cis250950/converted_cvpr_biomedsegfm/annotations/unified_sam3_annotations/cvpr_train_all/train_all_MRI_MR_ProstateADC_sam3_video.json
          coco_json_loader:
            _target_: sam3.train.data.coco_json_loaders.SAM3_VIDEO_API_FROM_JSON
            _partial_: true
        - _target_: sam3.train.data.sam3_video_dataset.VideoGroundingDataset
          transforms: ${medical_train.train_transforms}
          load_segmentation: ${scratch.enable_segmentation}
          max_ann_per_img: 500000
          multiplier: 1
          training: true
          use_all_frames_in_train: false
          allow_ptr_remap: true
          num_stages_sample: 8
          stage_stride_min: 1
          stage_stride_max: 1
          random_reverse_time_axis: false
          use_caching: false
          img_folder: /anvil/projects/x-cis250950/converted_cvpr_biomedsegfm
          ann_file: /anvil/projects/x-cis250950/converted_cvpr_biomedsegfm/annotations/unified_sam3_annotations/cvpr_train_all/train_all_MRI_MR_ProstateT2_sam3_video.json
          coco_json_loader:
            _target_: sam3.train.data.coco_json_loaders.SAM3_VIDEO_API_FROM_JSON
            _partial_: true
        - _target_: sam3.train.data.sam3_video_dataset.VideoGroundingDataset
          transforms: ${medical_train.train_transforms}
          load_segmentation: ${scratch.enable_segmentation}
          max_ann_per_img: 500000
          multiplier: 1
          training: true
          use_all_frames_in_train: false
          allow_ptr_remap: true
          num_stages_sample: 8
          stage_stride_min: 1
          stage_stride_max: 1
          random_reverse_time_axis: false
          use_caching: false
          img_folder: /anvil/projects/x-cis250950/converted_cvpr_biomedsegfm
          ann_file: /anvil/projects/x-cis250950/converted_cvpr_biomedsegfm/annotations/unified_sam3_annotations/cvpr_train_all/train_all_MRI_MR_QIN-PROSTATE-Lesion_sam3_video.json
          coco_json_loader:
            _target_: sam3.train.data.coco_json_loaders.SAM3_VIDEO_API_FROM_JSON
            _partial_: true
        - _target_: sam3.train.data.sam3_video_dataset.VideoGroundingDataset
          transforms: ${medical_train.train_transforms}
          load_segmentation: ${scratch.enable_segmentation}
          max_ann_per_img: 500000
          multiplier: 1
          training: true
          use_all_frames_in_train: false
          allow_ptr_remap: true
          num_stages_sample: 8
          stage_stride_min: 1
          stage_stride_max: 1
          random_reverse_time_axis: false
          use_caching: false
          img_folder: /anvil/projects/x-cis250950/converted_cvpr_biomedsegfm
          ann_file: /anvil/projects/x-cis250950/converted_cvpr_biomedsegfm/annotations/unified_sam3_annotations/cvpr_train_all/train_all_MRI_MR_RESECT_sam3_video.json
          coco_json_loader:
            _target_: sam3.train.data.coco_json_loaders.SAM3_VIDEO_API_FROM_JSON
            _partial_: true
        - _target_: sam3.train.data.sam3_video_dataset.VideoGroundingDataset
          transforms: ${medical_train.train_transforms}
          load_segmentation: ${scratch.enable_segmentation}
          max_ann_per_img: 500000
          multiplier: 1
          training: true
          use_all_frames_in_train: false
          allow_ptr_remap: true
          num_stages_sample: 8
          stage_stride_min: 1
          stage_stride_max: 1
          random_reverse_time_axis: false
          use_caching: false
          img_folder: /anvil/projects/x-cis250950/converted_cvpr_biomedsegfm
          ann_file: /anvil/projects/x-cis250950/converted_cvpr_biomedsegfm/annotations/unified_sam3_annotations/cvpr_train_all/train_all_MRI_MR_SegThy_sam3_video.json
          coco_json_loader:
            _target_: sam3.train.data.coco_json_loaders.SAM3_VIDEO_API_FROM_JSON
            _partial_: true
        - _target_: sam3.train.data.sam3_video_dataset.VideoGroundingDataset
          transforms: ${medical_train.train_transforms}
          load_segmentation: ${scratch.enable_segmentation}
          max_ann_per_img: 500000
          multiplier: 1
          training: true
          use_all_frames_in_train: false
          allow_ptr_remap: true
          num_stages_sample: 8
          stage_stride_min: 1
          stage_stride_max: 1
          random_reverse_time_axis: false
          use_caching: false
          img_folder: /anvil/projects/x-cis250950/converted_cvpr_biomedsegfm
          ann_file: /anvil/projects/x-cis250950/converted_cvpr_biomedsegfm/annotations/unified_sam3_annotations/cvpr_train_all/train_all_MRI_MR_Spider_IVD_sam3_video.json
          coco_json_loader:
            _target_: sam3.train.data.coco_json_loaders.SAM3_VIDEO_API_FROM_JSON
            _partial_: true
        - _target_: sam3.train.data.sam3_video_dataset.VideoGroundingDataset
          transforms: ${medical_train.train_transforms}
          load_segmentation: ${scratch.enable_segmentation}
          max_ann_per_img: 500000
          multiplier: 1
          training: true
          use_all_frames_in_train: false
          allow_ptr_remap: true
          num_stages_sample: 8
          stage_stride_min: 1
          stage_stride_max: 1
          random_reverse_time_axis: false
          use_caching: false
          img_folder: /anvil/projects/x-cis250950/converted_cvpr_biomedsegfm
          ann_file: /anvil/projects/x-cis250950/converted_cvpr_biomedsegfm/annotations/unified_sam3_annotations/cvpr_train_all/train_all_MRI_MR_Spider_Spine_sam3_video.json
          coco_json_loader:
            _target_: sam3.train.data.coco_json_loaders.SAM3_VIDEO_API_FROM_JSON
            _partial_: true
        - _target_: sam3.train.data.sam3_video_dataset.VideoGroundingDataset
          transforms: ${medical_train.train_transforms}
          load_segmentation: ${scratch.enable_segmentation}
          max_ann_per_img: 500000
          multiplier: 1
          training: true
          use_all_frames_in_train: false
          allow_ptr_remap: true
          num_stages_sample: 8
          stage_stride_min: 1
          stage_stride_max: 1
          random_reverse_time_axis: false
          use_caching: false
          img_folder: /anvil/projects/x-cis250950/converted_cvpr_biomedsegfm
          ann_file: /anvil/projects/x-cis250950/converted_cvpr_biomedsegfm/annotations/unified_sam3_annotations/cvpr_train_all/train_all_MRI_MR_Spider_Vertebrae_sam3_video.json
          coco_json_loader:
            _target_: sam3.train.data.coco_json_loaders.SAM3_VIDEO_API_FROM_JSON
            _partial_: true
        - _target_: sam3.train.data.sam3_video_dataset.VideoGroundingDataset
          transforms: ${medical_train.train_transforms}
          load_segmentation: ${scratch.enable_segmentation}
          max_ann_per_img: 500000
          multiplier: 1
          training: true
          use_all_frames_in_train: false
          allow_ptr_remap: true
          num_stages_sample: 8
          stage_stride_min: 1
          stage_stride_max: 1
          random_reverse_time_axis: false
          use_caching: false
          img_folder: /anvil/projects/x-cis250950/converted_cvpr_biomedsegfm
          ann_file: /anvil/projects/x-cis250950/converted_cvpr_biomedsegfm/annotations/unified_sam3_annotations/cvpr_train_all/train_all_MRI_MR_Spine2014_sam3_video.json
          coco_json_loader:
            _target_: sam3.train.data.coco_json_loaders.SAM3_VIDEO_API_FROM_JSON
            _partial_: true
        - _target_: sam3.train.data.sam3_video_dataset.VideoGroundingDataset
          transforms: ${medical_train.train_transforms}
          load_segmentation: ${scratch.enable_segmentation}
          max_ann_per_img: 500000
          multiplier: 1
          training: true
          use_all_frames_in_train: false
          allow_ptr_remap: true
          num_stages_sample: 8
          stage_stride_min: 1
          stage_stride_max: 1
          random_reverse_time_axis: false
          use_caching: false
          img_folder: /anvil/projects/x-cis250950/converted_cvpr_biomedsegfm
          ann_file: /anvil/projects/x-cis250950/converted_cvpr_biomedsegfm/annotations/unified_sam3_annotations/cvpr_train_all/train_all_MRI_MR_T1c_crossMoDA_Tumor_Cochlea_sam3_video.json
          coco_json_loader:
            _target_: sam3.train.data.coco_json_loaders.SAM3_VIDEO_API_FROM_JSON
            _partial_: true
        - _target_: sam3.train.data.sam3_video_dataset.VideoGroundingDataset
          transforms: ${medical_train.train_transforms}
          load_segmentation: ${scratch.enable_segmentation}
          max_ann_per_img: 500000
          multiplier: 1
          training: true
          use_all_frames_in_train: false
          allow_ptr_remap: true
          num_stages_sample: 8
          stage_stride_min: 1
          stage_stride_max: 1
          random_reverse_time_axis: false
          use_caching: false
          img_folder: /anvil/projects/x-cis250950/converted_cvpr_biomedsegfm
          ann_file: /anvil/projects/x-cis250950/converted_cvpr_biomedsegfm/annotations/unified_sam3_annotations/cvpr_train_all/train_all_MRI_MR_TopCoW24_sam3_video.json
          coco_json_loader:
            _target_: sam3.train.data.coco_json_loaders.SAM3_VIDEO_API_FROM_JSON
            _partial_: true
        - _target_: sam3.train.data.sam3_video_dataset.VideoGroundingDataset
          transforms: ${medical_train.train_transforms}
          load_segmentation: ${scratch.enable_segmentation}
          max_ann_per_img: 500000
          multiplier: 1
          training: true
          use_all_frames_in_train: false
          allow_ptr_remap: true
          num_stages_sample: 8
          stage_stride_min: 1
          stage_stride_max: 1
          random_reverse_time_axis: false
          use_caching: false
          img_folder: /anvil/projects/x-cis250950/converted_cvpr_biomedsegfm
          ann_file: /anvil/projects/x-cis250950/converted_cvpr_biomedsegfm/annotations/unified_sam3_annotations/cvpr_train_all/train_all_MRI_MR_TotalSeg_sam3_video.json
          coco_json_loader:
            _target_: sam3.train.data.coco_json_loaders.SAM3_VIDEO_API_FROM_JSON
            _partial_: true
        - _target_: sam3.train.data.sam3_video_dataset.VideoGroundingDataset
          transforms: ${medical_train.train_transforms}
          load_segmentation: ${scratch.enable_segmentation}
          max_ann_per_img: 500000
          multiplier: 1
          training: true
          use_all_frames_in_train: false
          allow_ptr_remap: true
          num_stages_sample: 8
          stage_stride_min: 1
          stage_stride_max: 1
          random_reverse_time_axis: false
          use_caching: false
          img_folder: /anvil/projects/x-cis250950/converted_cvpr_biomedsegfm
          ann_file: /anvil/projects/x-cis250950/converted_cvpr_biomedsegfm/annotations/unified_sam3_annotations/cvpr_train_all/train_all_MRI_MR_WMH_FLAIR_sam3_video.json
          coco_json_loader:
            _target_: sam3.train.data.coco_json_loaders.SAM3_VIDEO_API_FROM_JSON
            _partial_: true
        - _target_: sam3.train.data.sam3_video_dataset.VideoGroundingDataset
          transforms: ${medical_train.train_transforms}
          load_segmentation: ${scratch.enable_segmentation}
          max_ann_per_img: 500000
          multiplier: 1
          training: true
          use_all_frames_in_train: false
          allow_ptr_remap: true
          num_stages_sample: 8
          stage_stride_min: 1
          stage_stride_max: 1
          random_reverse_time_axis: false
          use_caching: false
          img_folder: /anvil/projects/x-cis250950/converted_cvpr_biomedsegfm
          ann_file: /anvil/projects/x-cis250950/converted_cvpr_biomedsegfm/annotations/unified_sam3_annotations/cvpr_train_all/train_all_MRI_MR_WMH_T1_sam3_video.json
          coco_json_loader:
            _target_: sam3.train.data.coco_json_loaders.SAM3_VIDEO_API_FROM_JSON
            _partial_: true
        - _target_: sam3.train.data.sam3_video_dataset.VideoGroundingDataset
          transforms: ${medical_train.train_transforms}
          load_segmentation: ${scratch.enable_segmentation}
          max_ann_per_img: 500000
          multiplier: 1
          training: true
          use_all_frames_in_train: false
          allow_ptr_remap: true
          num_stages_sample: 8
          stage_stride_min: 1
          stage_stride_max: 1
          random_reverse_time_axis: false
          use_caching: false
          img_folder: /anvil/projects/x-cis250950/converted_cvpr_biomedsegfm
          ann_file: /anvil/projects/x-cis250950/converted_cvpr_biomedsegfm/annotations/unified_sam3_annotations/cvpr_train_all/train_all_Microscopy_Microscopy_AxonEM_sam3_video.json
          coco_json_loader:
            _target_: sam3.train.data.coco_json_loaders.SAM3_VIDEO_API_FROM_JSON
            _partial_: true
        - _target_: sam3.train.data.sam3_video_dataset.VideoGroundingDataset
          transforms: ${medical_train.train_transforms}
          load_segmentation: ${scratch.enable_segmentation}
          max_ann_per_img: 500000
          multiplier: 1
          training: true
          use_all_frames_in_train: false
          allow_ptr_remap: true
          num_stages_sample: 8
          stage_stride_min: 1
          stage_stride_max: 1
          random_reverse_time_axis: false
          use_caching: false
          img_folder: /anvil/projects/x-cis250950/converted_cvpr_biomedsegfm
          ann_file: /anvil/projects/x-cis250950/converted_cvpr_biomedsegfm/annotations/unified_sam3_annotations/cvpr_train_all/train_all_Microscopy_Microscopy_MUCIC-HL60_sam3_video.json
          coco_json_loader:
            _target_: sam3.train.data.coco_json_loaders.SAM3_VIDEO_API_FROM_JSON
            _partial_: true
        - _target_: sam3.train.data.sam3_video_dataset.VideoGroundingDataset
          transforms: ${medical_train.train_transforms}
          load_segmentation: ${scratch.enable_segmentation}
          max_ann_per_img: 500000
          multiplier: 1
          training: true
          use_all_frames_in_train: false
          allow_ptr_remap: true
          num_stages_sample: 8
          stage_stride_min: 1
          stage_stride_max: 1
          random_reverse_time_axis: false
          use_caching: false
          img_folder: /anvil/projects/x-cis250950/converted_cvpr_biomedsegfm
          ann_file: /anvil/projects/x-cis250950/converted_cvpr_biomedsegfm/annotations/unified_sam3_annotations/cvpr_train_all/train_all_Microscopy_Microscopy_NIS3D_sam3_video.json
          coco_json_loader:
            _target_: sam3.train.data.coco_json_loaders.SAM3_VIDEO_API_FROM_JSON
            _partial_: true
        - _target_: sam3.train.data.sam3_video_dataset.VideoGroundingDataset
          transforms: ${medical_train.train_transforms}
          load_segmentation: ${scratch.enable_segmentation}
          max_ann_per_img: 500000
          multiplier: 1
          training: true
          use_all_frames_in_train: false
          allow_ptr_remap: true
          num_stages_sample: 8
          stage_stride_min: 1
          stage_stride_max: 1
          random_reverse_time_axis: false
          use_caching: false
          img_folder: /anvil/projects/x-cis250950/converted_cvpr_biomedsegfm
          ann_file: /anvil/projects/x-cis250950/converted_cvpr_biomedsegfm/annotations/unified_sam3_annotations/cvpr_train_all/train_all_Microscopy_Microscopy_SELMA3D_ADplaques_sam3_video.json
          coco_json_loader:
            _target_: sam3.train.data.coco_json_loaders.SAM3_VIDEO_API_FROM_JSON
            _partial_: true
        - _target_: sam3.train.data.sam3_video_dataset.VideoGroundingDataset
          transforms: ${medical_train.train_transforms}
          load_segmentation: ${scratch.enable_segmentation}
          max_ann_per_img: 500000
          multiplier: 1
          training: true
          use_all_frames_in_train: false
          allow_ptr_remap: true
          num_stages_sample: 8
          stage_stride_min: 1
          stage_stride_max: 1
          random_reverse_time_axis: false
          use_caching: false
          img_folder: /anvil/projects/x-cis250950/converted_cvpr_biomedsegfm
          ann_file: /anvil/projects/x-cis250950/converted_cvpr_biomedsegfm/annotations/unified_sam3_annotations/cvpr_train_all/train_all_Microscopy_Microscopy_SELMA3D_neural_activity_marker_sam3_video.json
          coco_json_loader:
            _target_: sam3.train.data.coco_json_loaders.SAM3_VIDEO_API_FROM_JSON
            _partial_: true
        - _target_: sam3.train.data.sam3_video_dataset.VideoGroundingDataset
          transforms: ${medical_train.train_transforms}
          load_segmentation: ${scratch.enable_segmentation}
          max_ann_per_img: 500000
          multiplier: 1
          training: true
          use_all_frames_in_train: false
          allow_ptr_remap: true
          num_stages_sample: 8
          stage_stride_min: 1
          stage_stride_max: 1
          random_reverse_time_axis: false
          use_caching: false
          img_folder: /anvil/projects/x-cis250950/converted_cvpr_biomedsegfm
          ann_file: /anvil/projects/x-cis250950/converted_cvpr_biomedsegfm/annotations/unified_sam3_annotations/cvpr_train_all/train_all_Microscopy_Microscopy_SELMA3D_nuceus_sam3_video.json
          coco_json_loader:
            _target_: sam3.train.data.coco_json_loaders.SAM3_VIDEO_API_FROM_JSON
            _partial_: true
        - _target_: sam3.train.data.sam3_video_dataset.VideoGroundingDataset
          transforms: ${medical_train.train_transforms}
          load_segmentation: ${scratch.enable_segmentation}
          max_ann_per_img: 500000
          multiplier: 1
          training: true
          use_all_frames_in_train: false
          allow_ptr_remap: true
          num_stages_sample: 8
          stage_stride_min: 1
          stage_stride_max: 1
          random_reverse_time_axis: false
          use_caching: false
          img_folder: /anvil/projects/x-cis250950/converted_cvpr_biomedsegfm
          ann_file: /anvil/projects/x-cis250950/converted_cvpr_biomedsegfm/annotations/unified_sam3_annotations/cvpr_train_all/train_all_Microscopy_Microscopy_SELMA3D_vessel_sam3_video.json
          coco_json_loader:
            _target_: sam3.train.data.coco_json_loaders.SAM3_VIDEO_API_FROM_JSON
            _partial_: true
        - _target_: sam3.train.data.sam3_video_dataset.VideoGroundingDataset
          transforms: ${medical_train.train_transforms}
          load_segmentation: ${scratch.enable_segmentation}
          max_ann_per_img: 500000
          multiplier: 1
          training: true
          use_all_frames_in_train: false
          allow_ptr_remap: true
          num_stages_sample: 8
          stage_stride_min: 1
          stage_stride_max: 1
          random_reverse_time_axis: false
          use_caching: false
          img_folder: /anvil/projects/x-cis250950/converted_cvpr_biomedsegfm
          ann_file: /anvil/projects/x-cis250950/converted_cvpr_biomedsegfm/annotations/unified_sam3_annotations/cvpr_train_all/train_all_Microscopy_Microscopy_cremi_sam3_video.json
          coco_json_loader:
            _target_: sam3.train.data.coco_json_loaders.SAM3_VIDEO_API_FROM_JSON
            _partial_: true
        - _target_: sam3.train.data.sam3_video_dataset.VideoGroundingDataset
          transforms: ${medical_train.train_transforms}
          load_segmentation: ${scratch.enable_segmentation}
          max_ann_per_img: 500000
          multiplier: 1
          training: true
          use_all_frames_in_train: false
          allow_ptr_remap: true
          num_stages_sample: 8
          stage_stride_min: 1
          stage_stride_max: 1
          random_reverse_time_axis: false
          use_caching: false
          img_folder: /anvil/projects/x-cis250950/converted_cvpr_biomedsegfm
          ann_file: /anvil/projects/x-cis250950/converted_cvpr_biomedsegfm/annotations/unified_sam3_annotations/cvpr_train_all/train_all_Microscopy_Microscopy_nucmm_sam3_video.json
          coco_json_loader:
            _target_: sam3.train.data.coco_json_loaders.SAM3_VIDEO_API_FROM_JSON
            _partial_: true
        - _target_: sam3.train.data.sam3_video_dataset.VideoGroundingDataset
          transforms: ${medical_train.train_transforms}
          load_segmentation: ${scratch.enable_segmentation}
          max_ann_per_img: 500000
          multiplier: 1
          training: true
          use_all_frames_in_train: false
          allow_ptr_remap: true
          num_stages_sample: 8
          stage_stride_min: 1
          stage_stride_max: 1
          random_reverse_time_axis: false
          use_caching: false
          img_folder: /anvil/projects/x-cis250950/converted_cvpr_biomedsegfm
          ann_file: /anvil/projects/x-cis250950/converted_cvpr_biomedsegfm/annotations/unified_sam3_annotations/cvpr_train_all/train_all_Microscopy_Microscopy_urocell_Endolysosomes_sam3_video.json
          coco_json_loader:
            _target_: sam3.train.data.coco_json_loaders.SAM3_VIDEO_API_FROM_JSON
            _partial_: true
        - _target_: sam3.train.data.sam3_video_dataset.VideoGroundingDataset
          transforms: ${medical_train.train_transforms}
          load_segmentation: ${scratch.enable_segmentation}
          max_ann_per_img: 500000
          multiplier: 1
          training: true
          use_all_frames_in_train: false
          allow_ptr_remap: true
          num_stages_sample: 8
          stage_stride_min: 1
          stage_stride_max: 1
          random_reverse_time_axis: false
          use_caching: false
          img_folder: /anvil/projects/x-cis250950/converted_cvpr_biomedsegfm
          ann_file: /anvil/projects/x-cis250950/converted_cvpr_biomedsegfm/annotations/unified_sam3_annotations/cvpr_train_all/train_all_Microscopy_Microscopy_urocell_Mitochondria_sam3_video.json
          coco_json_loader:
            _target_: sam3.train.data.coco_json_loaders.SAM3_VIDEO_API_FROM_JSON
            _partial_: true
        - _target_: sam3.train.data.sam3_video_dataset.VideoGroundingDataset
          transforms: ${medical_train.train_transforms}
          load_segmentation: ${scratch.enable_segmentation}
          max_ann_per_img: 500000
          multiplier: 1
          training: true
          use_all_frames_in_train: false
          allow_ptr_remap: true
          num_stages_sample: 8
          stage_stride_min: 1
          stage_stride_max: 1
          random_reverse_time_axis: false
          use_caching: false
          img_folder: /anvil/projects/x-cis250950/converted_cvpr_biomedsegfm
          ann_file: /anvil/projects/x-cis250950/converted_cvpr_biomedsegfm/annotations/unified_sam3_annotations/cvpr_train_all/train_all_PET_autoPET_sam3_video.json
          coco_json_loader:
            _target_: sam3.train.data.coco_json_loaders.SAM3_VIDEO_API_FROM_JSON
            _partial_: true
        - _target_: sam3.train.data.sam3_video_dataset.VideoGroundingDataset
          transforms: ${medical_train.train_transforms}
          load_segmentation: ${scratch.enable_segmentation}
          max_ann_per_img: 500000
          multiplier: 1
          training: true
          use_all_frames_in_train: false
          allow_ptr_remap: true
          num_stages_sample: 8
          stage_stride_min: 1
          stage_stride_max: 1
          random_reverse_time_axis: false
          use_caching: false
          img_folder: /anvil/projects/x-cis250950/converted_cvpr_biomedsegfm
          ann_file: /anvil/projects/x-cis250950/converted_cvpr_biomedsegfm/annotations/unified_sam3_annotations/cvpr_train_all/train_all_US3D_US_Cardiac_sam3_video.json
          coco_json_loader:
            _target_: sam3.train.data.coco_json_loaders.SAM3_VIDEO_API_FROM_JSON
            _partial_: true
        - _target_: sam3.train.data.sam3_video_dataset.VideoGroundingDataset
          transforms: ${medical_train.train_transforms}
          load_segmentation: ${scratch.enable_segmentation}
          max_ann_per_img: 500000
          multiplier: 1
          training: true
          use_all_frames_in_train: false
          allow_ptr_remap: true
          num_stages_sample: 8
          stage_stride_min: 1
          stage_stride_max: 1
          random_reverse_time_axis: false
          use_caching: false
          img_folder: /anvil/projects/x-cis250950/converted_cvpr_biomedsegfm
          ann_file: /anvil/projects/x-cis250950/converted_cvpr_biomedsegfm/annotations/unified_sam3_annotations/cvpr_train_all/train_all_US3D_US_Low-limb-Leg_sam3_video.json
          coco_json_loader:
            _target_: sam3.train.data.coco_json_loaders.SAM3_VIDEO_API_FROM_JSON
            _partial_: true
        - _target_: sam3.train.data.sam3_video_dataset.VideoGroundingDataset
          transforms: ${medical_train.train_transforms}
          load_segmentation: ${scratch.enable_segmentation}
          max_ann_per_img: 500000
          multiplier: 1
          training: true
          use_all_frames_in_train: false
          allow_ptr_remap: true
          num_stages_sample: 8
          stage_stride_min: 1
          stage_stride_max: 1
          random_reverse_time_axis: false
          use_caching: false
          img_folder: /anvil/projects/x-cis250950/converted_cvpr_biomedsegfm
          ann_file: /anvil/projects/x-cis250950/converted_cvpr_biomedsegfm/annotations/unified_sam3_annotations/cvpr_train_all/train_all_US3D_US_RESECT_sam3_video.json
          coco_json_loader:
            _target_: sam3.train.data.coco_json_loaders.SAM3_VIDEO_API_FROM_JSON
            _partial_: true
        - _target_: sam3.train.data.sam3_video_dataset.VideoGroundingDataset
          transforms: ${medical_train.train_transforms}
          load_segmentation: ${scratch.enable_segmentation}
          max_ann_per_img: 500000
          multiplier: 1
          training: true
          use_all_frames_in_train: false
          allow_ptr_remap: true
          num_stages_sample: 8
          stage_stride_min: 1
          stage_stride_max: 1
          random_reverse_time_axis: false
          use_caching: false
          img_folder: /anvil/projects/x-cis250950/converted_cvpr_biomedsegfm
          ann_file: /anvil/projects/x-cis250950/converted_cvpr_biomedsegfm/annotations/unified_sam3_annotations/cvpr_train_all/train_all_US3D_US_SegThy_sam3_video.json
          coco_json_loader:
            _target_: sam3.train.data.coco_json_loaders.SAM3_VIDEO_API_FROM_JSON
            _partial_: true
      shuffle: true
      batch_size: ${scratch.train_batch_size}
      num_workers: ${scratch.num_train_workers}
      pin_memory: true
      drop_last: true
      collate_fn: ${scratch.collate_fn}
    val: null
  model:
    _target_: sam3.model_builder.build_sam3_video_model
    bpe_path: ${paths.bpe_path}
    matcher: ${scratch.matcher}
    device: cuda
    compile: false
    has_presence_token: true
    geo_encoder_use_img_cross_attn: true
    apply_temporal_disambiguation: true
    training_mode: true
    checkpoint_path: /anvil/projects/x-cis250950/sam3/experiments/sam3_stage0.pt
    load_from_HF: false
  meters: null
  optim:
    amp:
      enabled: true
      amp_dtype: bfloat16
    optimizer:
      _target_: torch.optim.AdamW
    gradient_clip:
      _target_: sam3.train.optim.optimizer.GradientClipper
      max_norm: 0.1
      norm_type: 2
    options:
      lr:
      - scheduler:
          _target_: sam3.train.optim.schedulers.InverseSquareRootParamScheduler
          base_lr: ${scratch.lr_decoder}
          timescale: 10
          warmup_steps: 100
          cooldown_steps: 50
        param_names:
        - detector.segmentation_head.*
        - detector.transformer.decoder.*
        - detector.dot_prod_scoring.*
        - tracker.sam_mask_decoder.*
      - scheduler:
          _target_: sam3.train.optim.schedulers.InverseSquareRootParamScheduler
          base_lr: ${scratch.lr_vision_backbone}
          timescale: 10
          warmup_steps: 100
          cooldown_steps: 50
        param_names:
        - detector.backbone.vision_backbone.*
        - tracker.maskmem_backbone.*
        layer_decay: ${scratch.lrd_vision_backbone}
      - scheduler:
          _target_: sam3.train.optim.schedulers.InverseSquareRootParamScheduler
          base_lr: ${scratch.lr_language_backbone}
          timescale: 10
          warmup_steps: 100
          cooldown_steps: 50
        param_names:
        - detector.backbone.language_backbone.*
      - scheduler:
          _target_: sam3.train.optim.schedulers.InverseSquareRootParamScheduler
          base_lr: ${scratch.lr_prompt_encoder}
          timescale: 10
          warmup_steps: 100
          cooldown_steps: 50
        param_names:
        - detector.geometry_encoder.*
      - scheduler:
          _target_: fvcore.common.param_scheduler.ConstantParamScheduler
          value: 1.0e-05
        param_names:
        - detector.transformer.encoder.*
        - tracker.transformer.encoder.*
      weight_decay:
      - scheduler:
          _target_: fvcore.common.param_scheduler.ConstantParamScheduler
          value: ${scratch.wd}
      - scheduler:
          _target_: fvcore.common.param_scheduler.ConstantParamScheduler
          value: 0.0
        param_names:
        - '*bias*'
        module_cls_names:
        - torch.nn.LayerNorm
  checkpoint:
    save_dir: ${launcher.experiment_log_dir}/checkpoints
    save_freq: 1
  logging:
    tensorboard_writer:
      _target_: sam3.train.utils.logger.make_tensorboard_logger
      log_dir: ${launcher.experiment_log_dir}/tensorboard
      flush_secs: 120
      should_log: true
    wandb_writer: null
    log_dir: ${launcher.experiment_log_dir}/logs
    log_freq: 50
launcher:
  num_nodes: 1
  gpus_per_node: 1
  experiment_log_dir: ${paths.experiment_log_dir}
  multiprocessing_context: forkserver
submitit:
  account: null
  partition: null
  qos: null
  timeout_hour: 24
  use_cluster: false
  cpus_per_task: 16
  port_range:
  - 10000
  - 65000

############################################################
Experiment Log Dir:
/anvil/projects/x-cis250950/sam3/experiments/medsam3_stage1_train_all_unified
INFO 2026-05-16 22:16:49,300 train_utils.py: 105: MACHINE SEED: 420
INFO 2026-05-16 22:16:49,334 train_utils.py: 151: Logging ENV_VARIABLES
INFO 2026-05-16 22:16:49,334 train_utils.py: 152: ALLOCATION=cis250950
APPTAINER_UNSHARE_IPC=1
BASH_FUNC_ml%%=() {  eval $($LMOD_DIR/ml_cmd "$@")
}
BASH_FUNC_module%%=() {  eval $($LMOD_CMD bash "$@") && eval $(${LMOD_SETTARG_CMD:-:} -s sh)
}
BASH_FUNC_which%%=() {  ( alias;
 eval ${which_declare} ) | /usr/bin/which --tty-only --read-alias --read-functions --show-tilde --show-dot $@
}
BROWSER=/home/x-tding2/.vscode-server/cli/servers/Stable-0958016b2af9f09bb4257e0df4a95e2f90590f9f/server/bin/helpers/browser.sh
BUNDLED_DEBUGPY_PATH=/home/x-tding2/.vscode-server/extensions/ms-python.debugpy-2026.6.0-linux-x64/bundled/libs/debugpy
CC=mpicc
CLAUDE_CODE_SSE_PORT=60534
CLUSTER_PROJECT=/anvil/projects/x-cis250950
CLUSTER_SCRATCH=/anvil/scratch/x-tding2
CLUSTER_WORK=/anvil/projects/x-cis250950
CMAKE_PREFIX_PATH=/apps/spack/anvil/apps/openmpi/4.0.6-gcc-11.2.0-3navcwb:/apps/spack/anvil/apps/numactl/2.0.14-gcc-11.2.0-wrjotmv:/apps/spack/anvil/apps/libfabric/1.12.0-gcc-8.4.1-xj6lmd4:/apps/spack/anvil/apps/gcc/11.2.0-gcc-8.4.1-qjtdkvs:/apps/spack/anvil/apps/zlib/1.2.11-gcc-11.2.0-g2guo73:/apps/spack/anvil/apps/mpc/1.1.0-gcc-8.4.1-dh4xij5:/apps/spack/anvil/apps/mpfr/4.0.2-gcc-11.2.0-ke4ellj:/apps/spack/anvil/apps/gmp/6.2.1-gcc-11.2.0-trpptvt
COLORTERM=truecolor
COMPILER_PATH=/apps/anvil/external/apps/xalt2/xalt/xalt/bin
CPATH=/apps/spack/anvil/apps/openmpi/4.0.6-gcc-11.2.0-3navcwb/include:/apps/spack/anvil/apps/numactl/2.0.14-gcc-11.2.0-wrjotmv/include:/apps/spack/anvil/apps/libfabric/1.12.0-gcc-8.4.1-xj6lmd4/include:/apps/spack/anvil/apps/gcc/11.2.0-gcc-8.4.1-qjtdkvs/include:/apps/spack/anvil/apps/zlib/1.2.11-gcc-11.2.0-g2guo73/include:/apps/spack/anvil/apps/mpc/1.1.0-gcc-8.4.1-dh4xij5/include:/apps/spack/anvil/apps/mpfr/4.0.2-gcc-11.2.0-ke4ellj/include:/apps/spack/anvil/apps/gmp/6.2.1-gcc-11.2.0-trpptvt/include
CUDA_MODULE_LOADING=LAZY
CUDA_VISIBLE_DEVICES=0,1,2,3
CXX=mpiCC
DEBUGINFOD_URLS=https://debuginfod.centos.org/ 
ENVIRONMENT=BATCH
F77=mpif77
F90=mpif90
F95=/apps/spack/anvil/apps/gcc/11.2.0-gcc-8.4.1-qjtdkvs/bin/gfortran
FC=mpif90
FPATH=/opt/lmod/lmod/init/ksh_funcs
GCC_HOME=/apps/spack/anvil/apps/gcc/11.2.0-gcc-8.4.1-qjtdkvs
GEMINI_CLI_IDE_AUTH_TOKEN=0ed3c54e-7348-4dc1-9e64-8b424a792393
GEMINI_CLI_IDE_SERVER_PORT=32921
GEMINI_CLI_IDE_WORKSPACE_PATH=/anvil/projects/x-cis250950
GIT_ASKPASS=/home/x-tding2/.vscode-server/cli/servers/Stable-0958016b2af9f09bb4257e0df4a95e2f90590f9f/server/extensions/git/dist/askpass.sh
GMP_HOME=/apps/spack/anvil/apps/gmp/6.2.1-gcc-11.2.0-trpptvt
GPU_DEVICE_ORDINAL=0,1,2,3
HISTCONTROL=ignoredups
HISTSIZE=1000
HOME=/home/x-tding2
HOSTNAME=h014
HYDRA_BOOTSTRAP=slurm
HYDRA_FULL_ERROR=1
HYDRA_LAUNCHER_EXTRA_ARGS=--external-launcher
I_MPI_HYDRA_BOOTSTRAP=slurm
I_MPI_HYDRA_BOOTSTRAP_EXEC_EXTRA_ARGS=--external-launcher
LANG=en_US.UTF-8
LD_LIBRARY_PATH=/apps/spack/anvil/apps/openmpi/4.0.6-gcc-11.2.0-3navcwb/lib:/apps/spack/anvil/apps/numactl/2.0.14-gcc-11.2.0-wrjotmv/lib:/apps/spack/anvil/apps/libfabric/1.12.0-gcc-8.4.1-xj6lmd4/lib:/apps/spack/anvil/apps/gcc/11.2.0-gcc-8.4.1-qjtdkvs/lib64:/apps/spack/anvil/apps/gcc/11.2.0-gcc-8.4.1-qjtdkvs/lib:/apps/spack/anvil/apps/zlib/1.2.11-gcc-11.2.0-g2guo73/lib:/apps/spack/anvil/apps/mpc/1.1.0-gcc-8.4.1-dh4xij5/lib:/apps/spack/anvil/apps/mpfr/4.0.2-gcc-11.2.0-ke4ellj/lib:/apps/spack/anvil/apps/gmp/6.2.1-gcc-11.2.0-trpptvt/lib
LD_PRELOAD=/apps/anvil/external/apps/xalt2/xalt/xalt/lib64/libxalt_init.so
LESSOPEN=||/usr/bin/lesspipe.sh %s
LIBFABRIC_HOME=/apps/spack/anvil/apps/libfabric/1.12.0-gcc-8.4.1-xj6lmd4
LIBRARY_PATH=/apps/spack/anvil/apps/openmpi/4.0.6-gcc-11.2.0-3navcwb/lib:/apps/spack/anvil/apps/numactl/2.0.14-gcc-11.2.0-wrjotmv/lib:/apps/spack/anvil/apps/libfabric/1.12.0-gcc-8.4.1-xj6lmd4/lib:/apps/spack/anvil/apps/gcc/11.2.0-gcc-8.4.1-qjtdkvs/lib64:/apps/spack/anvil/apps/gcc/11.2.0-gcc-8.4.1-qjtdkvs/lib:/apps/spack/anvil/apps/zlib/1.2.11-gcc-11.2.0-g2guo73/lib:/apps/spack/anvil/apps/mpc/1.1.0-gcc-8.4.1-dh4xij5/lib:/apps/spack/anvil/apps/mpfr/4.0.2-gcc-11.2.0-ke4ellj/lib:/apps/spack/anvil/apps/gmp/6.2.1-gcc-11.2.0-trpptvt/lib
LMOD_ADMIN_FILE=/opt/lmod/lmod/admin.list
LMOD_AVAIL_STYLE=grouped:system
LMOD_CMD=/opt/lmod/lmod/libexec/lmod
LMOD_DIR=/opt/lmod/lmod/libexec
LMOD_FAMILY_COMPILER=gcc
LMOD_FAMILY_COMPILER_VERSION=11.2.0
LMOD_FAMILY_MPI=openmpi
LMOD_FAMILY_MPI_VERSION=4.0.6
LMOD_MPI_NAME=openmpi
LMOD_MPI_VERSION=4.0.6-3navcwb
LMOD_PKG=/opt/lmod/lmod
LMOD_ROOT=/opt/lmod
LMOD_SETTARG_FULL_SUPPORT=no
LMOD_SYSTEM_DEFAULT_MODULES=modtree/cpu
LMOD_VERSION=8.5.20
LOADEDMODULES=gmp/6.2.1:mpfr/4.0.2:mpc/1.1.0:zlib/1.2.11:gcc/11.2.0:libfabric/1.12.0:numactl/2.0.14:openmpi/4.0.6:xalt/2.10.45:modtree/cpu
LOCAL_RANK=0
LOGNAME=x-tding2
LS_COLORS=rs=0:di=38;5;33:ln=38;5;51:mh=00:pi=40;38;5;11:so=38;5;13:do=38;5;5:bd=48;5;232;38;5;11:cd=48;5;232;38;5;3:or=48;5;232;38;5;9:mi=01;05;37;41:su=48;5;196;38;5;15:sg=48;5;11;38;5;16:ca=48;5;196;38;5;226:tw=48;5;10;38;5;16:ow=48;5;10;38;5;21:st=48;5;21;38;5;15:ex=38;5;40:*.tar=38;5;9:*.tgz=38;5;9:*.arc=38;5;9:*.arj=38;5;9:*.taz=38;5;9:*.lha=38;5;9:*.lz4=38;5;9:*.lzh=38;5;9:*.lzma=38;5;9:*.tlz=38;5;9:*.txz=38;5;9:*.tzo=38;5;9:*.t7z=38;5;9:*.zip=38;5;9:*.z=38;5;9:*.dz=38;5;9:*.gz=38;5;9:*.lrz=38;5;9:*.lz=38;5;9:*.lzo=38;5;9:*.xz=38;5;9:*.zst=38;5;9:*.tzst=38;5;9:*.bz2=38;5;9:*.bz=38;5;9:*.tbz=38;5;9:*.tbz2=38;5;9:*.tz=38;5;9:*.deb=38;5;9:*.rpm=38;5;9:*.jar=38;5;9:*.war=38;5;9:*.ear=38;5;9:*.sar=38;5;9:*.rar=38;5;9:*.alz=38;5;9:*.ace=38;5;9:*.zoo=38;5;9:*.cpio=38;5;9:*.7z=38;5;9:*.rz=38;5;9:*.cab=38;5;9:*.wim=38;5;9:*.swm=38;5;9:*.dwm=38;5;9:*.esd=38;5;9:*.jpg=38;5;13:*.jpeg=38;5;13:*.mjpg=38;5;13:*.mjpeg=38;5;13:*.gif=38;5;13:*.bmp=38;5;13:*.pbm=38;5;13:*.pgm=38;5;13:*.ppm=38;5;13:*.tga=38;5;13:*.xbm=38;5;13:*.xpm=38;5;13:*.tif=38;5;13:*.tiff=38;5;13:*.png=38;5;13:*.svg=38;5;13:*.svgz=38;5;13:*.mng=38;5;13:*.pcx=38;5;13:*.mov=38;5;13:*.mpg=38;5;13:*.mpeg=38;5;13:*.m2v=38;5;13:*.mkv=38;5;13:*.webm=38;5;13:*.ogm=38;5;13:*.mp4=38;5;13:*.m4v=38;5;13:*.mp4v=38;5;13:*.vob=38;5;13:*.qt=38;5;13:*.nuv=38;5;13:*.wmv=38;5;13:*.asf=38;5;13:*.rm=38;5;13:*.rmvb=38;5;13:*.flc=38;5;13:*.avi=38;5;13:*.fli=38;5;13:*.flv=38;5;13:*.gl=38;5;13:*.dl=38;5;13:*.xcf=38;5;13:*.xwd=38;5;13:*.yuv=38;5;13:*.cgm=38;5;13:*.emf=38;5;13:*.ogv=38;5;13:*.ogx=38;5;13:*.aac=38;5;45:*.au=38;5;45:*.flac=38;5;45:*.m4a=38;5;45:*.mid=38;5;45:*.midi=38;5;45:*.mka=38;5;45:*.mp3=38;5;45:*.mpc=38;5;45:*.ogg=38;5;45:*.ra=38;5;45:*.wav=38;5;45:*.oga=38;5;45:*.opus=38;5;45:*.spx=38;5;45:*.xspf=38;5;45:
MAIL=/var/spool/mail/x-tding2
MANPATH=::/apps/spack/anvil/apps/openmpi/4.0.6-gcc-11.2.0-3navcwb/share/man:/apps/spack/anvil/apps/numactl/2.0.14-gcc-11.2.0-wrjotmv/share/man:/apps/spack/anvil/apps/libfabric/1.12.0-gcc-8.4.1-xj6lmd4/share/man:/apps/spack/anvil/apps/gcc/11.2.0-gcc-8.4.1-qjtdkvs/share/man:/apps/spack/anvil/apps/zlib/1.2.11-gcc-11.2.0-g2guo73/share/man::/opt/puppetlabs/puppet/share/man:/opt/thinlinc/share/man
MASTER_ADDR=localhost
MASTER_PORT=26233
MODULEPATH=/opt/spack/cpu-20211007/openmpi/4.0.6-3navcwb/gcc/11.2.0:/opt/spack/cpu-20211007/gcc/11.2.0:/opt/spack/cpu/Core
MODULEPATH_ROOT=/opt/spack/cpu
MODULESHOME=/opt/lmod/lmod
MPC_HOME=/apps/spack/anvil/apps/mpc/1.1.0-gcc-8.4.1-dh4xij5
MPFR_HOME=/apps/spack/anvil/apps/mpfr/4.0.2-gcc-11.2.0-ke4ellj
MPICC=/apps/spack/anvil/apps/openmpi/4.0.6-gcc-11.2.0-3navcwb/bin/mpicc
MPICXX=/apps/spack/anvil/apps/openmpi/4.0.6-gcc-11.2.0-3navcwb/bin/mpic++
MPIF77=/apps/spack/anvil/apps/openmpi/4.0.6-gcc-11.2.0-3navcwb/bin/mpif77
MPIF90=/apps/spack/anvil/apps/openmpi/4.0.6-gcc-11.2.0-3navcwb/bin/mpif90
MPI_HOME=/apps/spack/anvil/apps/openmpi/4.0.6-gcc-11.2.0-3navcwb
NETDATA_CACHE_DIR=/var/cache/netdata
NETDATA_STOCK_CONFIG_DIR=/usr/lib/netdata/conf.d
NETDATA_USER_CONFIG_DIR=/etc/netdata
NETDATA_VARLIB_DIR=/var/lib/netdata
NUMACTL_HOME=/apps/spack/anvil/apps/numactl/2.0.14-gcc-11.2.0-wrjotmv
OLDPWD=/anvil/projects/x-cis250950
OMPI_MCA_btl=^vader,tcp,openib,uct
OMPI_MCA_btl_openib_warn_default_gid_prefix=0
OMPI_MCA_btl_openib_warn_no_device_params_found=0
OMPI_MCA_btl_openib_warn_nonexistent_if=0
OMPI_MCA_coll_hcoll_enable=0
OMPI_MCA_hwloc_base_binding_policy=core
OMPI_MCA_oob_tcp_if_include=ib0
OMPI_MCA_osc=ucx
OMPI_MCA_plm_slurm_args=--external-launcher
OMPI_MCA_pml=ucx
OMPI_MCA_rmaps_base_mapping_policy=core
OMPI_MCA_spml=ucx
OPENMPI_HOME=/apps/spack/anvil/apps/openmpi/4.0.6-gcc-11.2.0-3navcwb
PATH=/home/x-tding2/.vscode-server/data/User/globalStorage/github.copilot-chat/debugCommand:/home/x-tding2/.vscode-server/data/User/globalStorage/github.copilot-chat/copilotCli:/home/x-tding2/.vscode-server/cli/servers/Stable-0958016b2af9f09bb4257e0df4a95e2f90590f9f/server/bin/remote-cli:/apps/anvil/external/apps/xalt2/xalt/xalt/bin:/apps/spack/anvil/apps/openmpi/4.0.6-gcc-11.2.0-3navcwb/bin:/apps/spack/anvil/apps/numactl/2.0.14-gcc-11.2.0-wrjotmv/bin:/apps/spack/anvil/apps/libfabric/1.12.0-gcc-8.4.1-xj6lmd4/bin:/apps/spack/anvil/apps/gcc/11.2.0-gcc-8.4.1-qjtdkvs/bin:/home/x-tding2/bin:/home/x-tding2/.local/bin:/usr/libexec/gsissh/bin:/usr/local/bin:/usr/bin:/usr/local/sbin:/usr/sbin:/opt/puppetlabs/bin:/usr/site/rcac/sbin:/usr/site/rcac/bin:/usr/site/rcac/scripts:/opt/thinlinc/bin:/opt/thinlinc/sbin:/home/x-tding2/.vscode-server/extensions/ms-python.debugpy-2026.6.0-linux-x64/bundled/scripts/noConfigScripts:/anvil/projects/x-cis250950/tding/envs/sam3/lib/python3.12/site-packages/decord:/anvil/projects/x-cis250950/tding/envs/sam3/lib/python3.12/site-packages/decord
PDSH_RCMD_TYPE=ssh
PKG_CONFIG_PATH=/apps/spack/anvil/apps/openmpi/4.0.6-gcc-11.2.0-3navcwb/lib/pkgconfig:/apps/spack/anvil/apps/numactl/2.0.14-gcc-11.2.0-wrjotmv/lib/pkgconfig:/apps/spack/anvil/apps/libfabric/1.12.0-gcc-8.4.1-xj6lmd4/lib/pkgconfig:/apps/spack/anvil/apps/zlib/1.2.11-gcc-11.2.0-g2guo73/lib/pkgconfig:/apps/spack/anvil/apps/mpfr/4.0.2-gcc-11.2.0-ke4ellj/lib/pkgconfig:/apps/spack/anvil/apps/gmp/6.2.1-gcc-11.2.0-trpptvt/lib/pkgconfig
PROJECT=/anvil/projects/x-cis250950
PRTE_MCA_plm_slurm_args=--external-launcher
PWD=/anvil/projects/x-cis250950/sam3
PYDEVD_DISABLE_FILE_VALIDATION=1
PYTHONSTARTUP=/home/x-tding2/.vscode-server/data/User/workspaceStorage/93a2482921e5c36387a7d662652f3cd4/ms-python.python/pythonrc.py
PYTHON_BASIC_REPL=1
RANK=0
RCAC_CLUSTER=anvil
RCAC_CLUSTER_DOMAIN=rcac.purdue.edu
RCAC_GCC_ROOT=/apps/spack/anvil/apps/gcc/11.2.0-gcc-8.4.1-qjtdkvs
RCAC_GCC_VERSION=11.2.0
RCAC_GMP_ROOT=/apps/spack/anvil/apps/gmp/6.2.1-gcc-11.2.0-trpptvt
RCAC_GMP_VERSION=6.2.1
RCAC_LIBFABRIC_ROOT=/apps/spack/anvil/apps/libfabric/1.12.0-gcc-8.4.1-xj6lmd4
RCAC_LIBFABRIC_VERSION=1.12.0
RCAC_MPC_ROOT=/apps/spack/anvil/apps/mpc/1.1.0-gcc-8.4.1-dh4xij5
RCAC_MPC_VERSION=1.1.0
RCAC_MPFR_ROOT=/apps/spack/anvil/apps/mpfr/4.0.2-gcc-11.2.0-ke4ellj
RCAC_MPFR_VERSION=4.0.2
RCAC_NUMACTL_ROOT=/apps/spack/anvil/apps/numactl/2.0.14-gcc-11.2.0-wrjotmv
RCAC_NUMACTL_VERSION=2.0.14
RCAC_OPENMPI_ROOT=/apps/spack/anvil/apps/openmpi/4.0.6-gcc-11.2.0-3navcwb
RCAC_OPENMPI_VERSION=4.0.6
RCAC_PROJECT=/anvil/projects/x-cis250950
RCAC_SCRATCH=/anvil/scratch/x-tding2
RCAC_SPACK_MODROOT=/opt/spack/cpu
RCAC_WORK=/anvil/projects/x-cis250950
RCAC_ZLIB_ROOT=/apps/spack/anvil/apps/zlib/1.2.11-gcc-11.2.0-g2guo73
RCAC_ZLIB_VERSION=1.2.11
ROCR_VISIBLE_DEVICES=0,1,2,3
SBATCH_IGNORE_PBS=yes
SCRATCH=/anvil/scratch/x-tding2
SHELL=/bin/bash
SHLVL=6
SLURMD_NODENAME=h014
SLURM_CLUSTER_NAME=anvil
SLURM_CONF=/var/spool/slurm/conf-cache/slurm.conf
SLURM_CPUS_ON_NODE=64
SLURM_CPUS_PER_TASK=16
SLURM_GPUS_ON_NODE=4
SLURM_GPUS_PER_NODE=4
SLURM_GTIDS=0
SLURM_JOBID=17376533
SLURM_JOB_ACCOUNT=cis250950-ai
SLURM_JOB_CPUS_PER_NODE=64
SLURM_JOB_END_TIME=1779070497
SLURM_JOB_GID=7009135
SLURM_JOB_GPUS=0,1,2,3
SLURM_JOB_ID=17376533
SLURM_JOB_NAME=medsam3_stage1
SLURM_JOB_NODELIST=h014
SLURM_JOB_NUM_NODES=1
SLURM_JOB_PARTITION=ai
SLURM_JOB_QOS=ai
SLURM_JOB_START_TIME=1778984097
SLURM_JOB_UID=7961171
SLURM_JOB_USER=x-tding2
SLURM_LOCALID=0
SLURM_NNODES=1
SLURM_NODEID=0
SLURM_NODELIST=h014
SLURM_NPROCS=4
SLURM_NTASKS=4
SLURM_NTASKS_PER_NODE=4
SLURM_OOM_KILL_STEP=0
SLURM_PRIO_PROCESS=0
SLURM_PROCID=0
SLURM_SCRIPT_CONTEXT=prolog_task
SLURM_SUBMIT_DIR=/anvil/projects/x-cis250950
SLURM_SUBMIT_HOST=login05.anvil.rcac.purdue.edu
SLURM_TASKS_PER_NODE=4
SLURM_TASK_PID=1635168
SLURM_TOPOLOGY_ADDR=ibsw[23-32].ibsw35.h014
SLURM_TOPOLOGY_ADDR_PATTERN=switch.switch.node
SLURM_TRES_PER_TASK=cpu=16
SQUEUE_FORMAT=%12i %14u %13a %16j %.5D %.6C %.11l %.2t %M
SSH_ASKPASS=/usr/libexec/openssh/gnome-ssh-askpass
SSH_CLIENT=208.64.158.116 13747 22
SSH_CONNECTION=208.64.158.116 13747 128.211.133.145 22
TERM=xterm-256color
TERM_PROGRAM=vscode
TERM_PROGRAM_VERSION=1.120.0
TMPDIR=/tmp
TOKENIZERS_PARALLELISM=false
TORCH_NCCL_ASYNC_ERROR_HANDLING=1
UCX_NET_DEVICES=mlx5_0:1
UCX_PROTO_ENABLE=n
USER=x-tding2
VSCODE_DEBUGPY_ADAPTER_ENDPOINTS=/home/x-tding2/.vscode-server/extensions/ms-python.debugpy-2026.6.0-linux-x64/.noConfigDebugAdapterEndpoints/endpoint-8dc69a66a5d1e4a6.txt
VSCODE_GIT_ASKPASS_EXTRA_ARGS=
VSCODE_GIT_ASKPASS_MAIN=/home/x-tding2/.vscode-server/cli/servers/Stable-0958016b2af9f09bb4257e0df4a95e2f90590f9f/server/extensions/git/dist/askpass-main.js
VSCODE_GIT_ASKPASS_NODE=/home/x-tding2/.vscode-server/cli/servers/Stable-0958016b2af9f09bb4257e0df4a95e2f90590f9f/server/node
VSCODE_GIT_IPC_HANDLE=/run/user/7961171/vscode-git-6f5a9edd5d.sock
VSCODE_IPC_HOOK_CLI=/run/user/7961171/vscode-ipc-d3ed4b0e-5a3e-4cb4-85a7-9c0745f1b4ab.sock
VSCODE_PYTHON_AUTOACTIVATE_GUARD=1
WORK=/anvil/projects/x-cis250950
WORLD_SIZE=4
XALT_DIR=/apps/anvil/external/apps/xalt2/xalt/xalt
XALT_EXECUTABLE_TRACKING=yes
XALT_SAMPLING=yes
XDG_SESSION_ID=69948
ZE_AFFINITY_MASK=0,1,2,3
ZLIB_HOME=/apps/spack/anvil/apps/zlib/1.2.11-gcc-11.2.0-g2guo73
_=/anvil/projects/x-cis250950/tding/envs/sam3/bin/python
_LMFILES_=/opt/spack/cpu-20211007/gcc/11.2.0/gmp/6.2.1.lua:/opt/spack/cpu-20211007/gcc/11.2.0/mpfr/4.0.2.lua:/opt/spack/cpu/Core/mpc/1.1.0.lua:/opt/spack/cpu-20211007/gcc/11.2.0/zlib/1.2.11.lua:/opt/spack/cpu/Core/gcc/11.2.0.lua:/opt/spack/cpu/Core/libfabric/1.12.0.lua:/opt/spack/cpu-20211007/gcc/11.2.0/numactl/2.0.14.lua:/opt/spack/cpu-20211007/gcc/11.2.0/openmpi/4.0.6.lua:/opt/spack/cpu/Core/xalt/2.10.45.lua:/opt/spack/cpu/Core/modtree/cpu.lua
_ModuleTable001_=X01vZHVsZVRhYmxlXyA9IHsKTVR2ZXJzaW9uID0gMywKY19yZWJ1aWxkVGltZSA9IGZhbHNlLApjX3Nob3J0VGltZSA9IGZhbHNlLApkZXB0aFQgPSB7fSwKZmFtaWx5ID0gewpjb21waWxlciA9ICJnY2MiLAptcGkgPSAib3Blbm1waSIsCn0sCm1UID0gewpnY2MgPSB7CmZuID0gIi9vcHQvc3BhY2svY3B1L0NvcmUvZ2NjLzExLjIuMC5sdWEiLApmdWxsTmFtZSA9ICJnY2MvMTEuMi4wIiwKbG9hZE9yZGVyID0gNSwKcHJvcFQgPSB7fSwKc3RhY2tEZXB0aCA9IDEsCnN0YXR1cyA9ICJhY3RpdmUiLAp1c2VyTmFtZSA9ICJnY2MvMTEuMi4wIiwKd1YgPSAiXjAwMDAwMDExLjAwMDAwMDAwMi4qemZpbmFsIiwKfSwKZ21wID0gewpmbiA9ICIvb3B0L3NwYWNrL2NwdS0yMDIxMTAw
_ModuleTable002_=Ny9nY2MvMTEuMi4wL2dtcC82LjIuMS5sdWEiLApmdWxsTmFtZSA9ICJnbXAvNi4yLjEiLApsb2FkT3JkZXIgPSAxLApwcm9wVCA9IHt9LApyZWZfY291bnQgPSAzLApzdGFja0RlcHRoID0gMiwKc3RhdHVzID0gImFjdGl2ZSIsCnVzZXJOYW1lID0gImdtcC82LjIuMSIsCndWID0gIjAwMDAwMDAwNi4wMDAwMDAwMDIuMDAwMDAwMDAxLip6ZmluYWwiLAp9LApsaWJmYWJyaWMgPSB7CmZuID0gIi9vcHQvc3BhY2svY3B1L0NvcmUvbGliZmFicmljLzEuMTIuMC5sdWEiLApmdWxsTmFtZSA9ICJsaWJmYWJyaWMvMS4xMi4wIiwKbG9hZE9yZGVyID0gNiwKcHJvcFQgPSB7fSwKcmVmX2NvdW50ID0gMSwKc3RhY2tEZXB0aCA9IDIsCnN0YXR1cyA9ICJhY3RpdmUiLAp1c2VyTmFtZSA9
_ModuleTable003_=ICJsaWJmYWJyaWMvMS4xMi4wIiwKd1YgPSAiMDAwMDAwMDAxLjAwMDAwMDAxMi4qemZpbmFsIiwKfSwKbW9kdHJlZSA9IHsKZm4gPSAiL29wdC9zcGFjay9jcHUvQ29yZS9tb2R0cmVlL2NwdS5sdWEiLApmdWxsTmFtZSA9ICJtb2R0cmVlL2NwdSIsCmxvYWRPcmRlciA9IDEwLApwcm9wVCA9IHt9LApzdGFja0RlcHRoID0gMCwKc3RhdHVzID0gImFjdGl2ZSIsCnVzZXJOYW1lID0gIm1vZHRyZWUvY3B1IiwKd1YgPSAiKmNwdS4qemZpbmFsIiwKfSwKbXBjID0gewpmbiA9ICIvb3B0L3NwYWNrL2NwdS9Db3JlL21wYy8xLjEuMC5sdWEiLApmdWxsTmFtZSA9ICJtcGMvMS4xLjAiLApsb2FkT3JkZXIgPSAzLApwcm9wVCA9IHt9LApyZWZfY291bnQgPSAxLApzdGFja0RlcHRoID0g
_ModuleTable004_=MiwKc3RhdHVzID0gImFjdGl2ZSIsCnVzZXJOYW1lID0gIm1wYy8xLjEuMCIsCndWID0gIjAwMDAwMDAwMS4wMDAwMDAwMDEuKnpmaW5hbCIsCn0sCm1wZnIgPSB7CmZuID0gIi9vcHQvc3BhY2svY3B1LTIwMjExMDA3L2djYy8xMS4yLjAvbXBmci80LjAuMi5sdWEiLApmdWxsTmFtZSA9ICJtcGZyLzQuMC4yIiwKbG9hZE9yZGVyID0gMiwKcHJvcFQgPSB7fSwKcmVmX2NvdW50ID0gMiwKc3RhY2tEZXB0aCA9IDMsCnN0YXR1cyA9ICJhY3RpdmUiLAp1c2VyTmFtZSA9ICJtcGZyLzQuMC4yIiwKd1YgPSAiMDAwMDAwMDA0LjAwMDAwMDAwMC4wMDAwMDAwMDIuKnpmaW5hbCIsCn0sCm51bWFjdGwgPSB7CmZuID0gIi9vcHQvc3BhY2svY3B1LTIwMjExMDA3L2djYy8xMS4yLjAvbnVt
_ModuleTable005_=YWN0bC8yLjAuMTQubHVhIiwKZnVsbE5hbWUgPSAibnVtYWN0bC8yLjAuMTQiLApsb2FkT3JkZXIgPSA3LApwcm9wVCA9IHt9LApyZWZfY291bnQgPSAxLApzdGFja0RlcHRoID0gMiwKc3RhdHVzID0gImFjdGl2ZSIsCnVzZXJOYW1lID0gIm51bWFjdGwvMi4wLjE0IiwKd1YgPSAiMDAwMDAwMDAyLjAwMDAwMDAwMC4wMDAwMDAwMTQuKnpmaW5hbCIsCn0sCm9wZW5tcGkgPSB7CmZuID0gIi9vcHQvc3BhY2svY3B1LTIwMjExMDA3L2djYy8xMS4yLjAvb3Blbm1waS80LjAuNi5sdWEiLApmdWxsTmFtZSA9ICJvcGVubXBpLzQuMC42IiwKbG9hZE9yZGVyID0gOCwKcHJvcFQgPSB7fSwKc3RhY2tEZXB0aCA9IDEsCnN0YXR1cyA9ICJhY3RpdmUiLAp1c2VyTmFtZSA9ICJvcGVubXBp
_ModuleTable006_=LzQuMC42IiwKd1YgPSAiXjAwMDAwMDA0LjAwMDAwMDAwMC4wMDAwMDAwMDYuKnpmaW5hbCIsCn0sCnhhbHQgPSB7CmZuID0gIi9vcHQvc3BhY2svY3B1L0NvcmUveGFsdC8yLjEwLjQ1Lmx1YSIsCmZ1bGxOYW1lID0gInhhbHQvMi4xMC40NSIsCmxvYWRPcmRlciA9IDksCnByb3BUID0gewpsbW9kID0gewpzdGlja3kgPSAxLAp9LAp9LApzdGFja0RlcHRoID0gMSwKc3RhdHVzID0gImFjdGl2ZSIsCnVzZXJOYW1lID0gInhhbHQiLAp3ViA9ICIwMDAwMDAwMDIuMDAwMDAwMDEwLjAwMDAwMDA0NS4qemZpbmFsIiwKfSwKemxpYiA9IHsKZm4gPSAiL29wdC9zcGFjay9jcHUtMjAyMTEwMDcvZ2NjLzExLjIuMC96bGliLzEuMi4xMS5sdWEiLApmdWxsTmFtZSA9ICJ6bGliLzEuMi4x
_ModuleTable007_=MSIsCmxvYWRPcmRlciA9IDQsCnByb3BUID0ge30sCnJlZl9jb3VudCA9IDIsCnN0YWNrRGVwdGggPSAyLApzdGF0dXMgPSAiYWN0aXZlIiwKdXNlck5hbWUgPSAiemxpYi8xLjIuMTEiLAp3ViA9ICIwMDAwMDAwMDEuMDAwMDAwMDAyLjAwMDAwMDAxMS4qemZpbmFsIiwKfSwKfSwKbXBhdGhBID0gewoiL29wdC9zcGFjay9jcHUtMjAyMTEwMDcvb3Blbm1waS80LjAuNi0zbmF2Y3diL2djYy8xMS4yLjAiLCAiL29wdC9zcGFjay9jcHUtMjAyMTEwMDcvZ2NjLzExLjIuMCIsICIvb3B0L3NwYWNrL2NwdS9Db3JlIiwKfSwKc3lzdGVtQmFzZU1QQVRIID0gIi9vcHQvc3BhY2svY3B1L0NvcmUiLAp9Cg==
_ModuleTable_Sz_=7
__Init_Default_Modules=1
__LMOD_Priority_PATH=/apps/anvil/external/apps/xalt2/xalt/xalt/bin:-100
__LMOD_REF_COUNT_CMAKE_PREFIX_PATH=/apps/spack/anvil/apps/openmpi/4.0.6-gcc-11.2.0-3navcwb:1;/apps/spack/anvil/apps/numactl/2.0.14-gcc-11.2.0-wrjotmv:1;/apps/spack/anvil/apps/libfabric/1.12.0-gcc-8.4.1-xj6lmd4:1;/apps/spack/anvil/apps/gcc/11.2.0-gcc-8.4.1-qjtdkvs:1;/apps/spack/anvil/apps/zlib/1.2.11-gcc-11.2.0-g2guo73:1;/apps/spack/anvil/apps/mpc/1.1.0-gcc-8.4.1-dh4xij5:1;/apps/spack/anvil/apps/mpfr/4.0.2-gcc-11.2.0-ke4ellj:1;/apps/spack/anvil/apps/gmp/6.2.1-gcc-11.2.0-trpptvt:1
__LMOD_REF_COUNT_COMPILER_PATH=/apps/anvil/external/apps/xalt2/xalt/xalt/bin:1
__LMOD_REF_COUNT_CPATH=/apps/spack/anvil/apps/openmpi/4.0.6-gcc-11.2.0-3navcwb/include:1;/apps/spack/anvil/apps/numactl/2.0.14-gcc-11.2.0-wrjotmv/include:1;/apps/spack/anvil/apps/libfabric/1.12.0-gcc-8.4.1-xj6lmd4/include:1;/apps/spack/anvil/apps/gcc/11.2.0-gcc-8.4.1-qjtdkvs/include:1;/apps/spack/anvil/apps/zlib/1.2.11-gcc-11.2.0-g2guo73/include:1;/apps/spack/anvil/apps/mpc/1.1.0-gcc-8.4.1-dh4xij5/include:1;/apps/spack/anvil/apps/mpfr/4.0.2-gcc-11.2.0-ke4ellj/include:1;/apps/spack/anvil/apps/gmp/6.2.1-gcc-11.2.0-trpptvt/include:1
__LMOD_REF_COUNT_LD_LIBRARY_PATH=/apps/spack/anvil/apps/openmpi/4.0.6-gcc-11.2.0-3navcwb/lib:1;/apps/spack/anvil/apps/numactl/2.0.14-gcc-11.2.0-wrjotmv/lib:1;/apps/spack/anvil/apps/libfabric/1.12.0-gcc-8.4.1-xj6lmd4/lib:1;/apps/spack/anvil/apps/gcc/11.2.0-gcc-8.4.1-qjtdkvs/lib64:1;/apps/spack/anvil/apps/gcc/11.2.0-gcc-8.4.1-qjtdkvs/lib:1;/apps/spack/anvil/apps/zlib/1.2.11-gcc-11.2.0-g2guo73/lib:1;/apps/spack/anvil/apps/mpc/1.1.0-gcc-8.4.1-dh4xij5/lib:1;/apps/spack/anvil/apps/mpfr/4.0.2-gcc-11.2.0-ke4ellj/lib:1;/apps/spack/anvil/apps/gmp/6.2.1-gcc-11.2.0-trpptvt/lib:1
__LMOD_REF_COUNT_LD_PRELOAD=/apps/anvil/external/apps/xalt2/xalt/xalt/lib64/libxalt_init.so:1
__LMOD_REF_COUNT_LIBRARY_PATH=/apps/spack/anvil/apps/openmpi/4.0.6-gcc-11.2.0-3navcwb/lib:1;/apps/spack/anvil/apps/numactl/2.0.14-gcc-11.2.0-wrjotmv/lib:1;/apps/spack/anvil/apps/libfabric/1.12.0-gcc-8.4.1-xj6lmd4/lib:1;/apps/spack/anvil/apps/gcc/11.2.0-gcc-8.4.1-qjtdkvs/lib64:1;/apps/spack/anvil/apps/gcc/11.2.0-gcc-8.4.1-qjtdkvs/lib:1;/apps/spack/anvil/apps/zlib/1.2.11-gcc-11.2.0-g2guo73/lib:1;/apps/spack/anvil/apps/mpc/1.1.0-gcc-8.4.1-dh4xij5/lib:1;/apps/spack/anvil/apps/mpfr/4.0.2-gcc-11.2.0-ke4ellj/lib:1;/apps/spack/anvil/apps/gmp/6.2.1-gcc-11.2.0-trpptvt/lib:1
__LMOD_REF_COUNT_LOADEDMODULES=gmp/6.2.1:1;mpfr/4.0.2:1;mpc/1.1.0:1;zlib/1.2.11:1;gcc/11.2.0:1;libfabric/1.12.0:1;numactl/2.0.14:1;openmpi/4.0.6:1;xalt/2.10.45:1;modtree/cpu:1
__LMOD_REF_COUNT_MANPATH=/apps/spack/anvil/apps/openmpi/4.0.6-gcc-11.2.0-3navcwb/share/man:1;/apps/spack/anvil/apps/numactl/2.0.14-gcc-11.2.0-wrjotmv/share/man:1;/apps/spack/anvil/apps/libfabric/1.12.0-gcc-8.4.1-xj6lmd4/share/man:1;/apps/spack/anvil/apps/gcc/11.2.0-gcc-8.4.1-qjtdkvs/share/man:1;/apps/spack/anvil/apps/zlib/1.2.11-gcc-11.2.0-g2guo73/share/man:1;/opt/puppetlabs/puppet/share/man:1;/opt/thinlinc/share/man:1
__LMOD_REF_COUNT_MODULEPATH=/opt/spack/cpu-20211007/openmpi/4.0.6-3navcwb/gcc/11.2.0:1;/opt/spack/cpu-20211007/gcc/11.2.0:1;/opt/spack/cpu/Core:1
__LMOD_REF_COUNT_PATH=/apps/anvil/external/apps/xalt2/xalt/xalt/bin:1;/apps/spack/anvil/apps/openmpi/4.0.6-gcc-11.2.0-3navcwb/bin:1;/apps/spack/anvil/apps/numactl/2.0.14-gcc-11.2.0-wrjotmv/bin:1;/apps/spack/anvil/apps/libfabric/1.12.0-gcc-8.4.1-xj6lmd4/bin:1;/apps/spack/anvil/apps/gcc/11.2.0-gcc-8.4.1-qjtdkvs/bin:1;/home/x-tding2/bin:1;/home/x-tding2/.local/bin:1;/usr/libexec/gsissh/bin:1;/usr/local/bin:1;/usr/bin:1;/usr/local/sbin:1;/usr/sbin:1;/opt/puppetlabs/bin:1;/usr/site/rcac/sbin:1;/usr/site/rcac/bin:1;/usr/site/rcac/scripts:1;/opt/thinlinc/bin:1;/opt/thinlinc/sbin:1
__LMOD_REF_COUNT_PKG_CONFIG_PATH=/apps/spack/anvil/apps/openmpi/4.0.6-gcc-11.2.0-3navcwb/lib/pkgconfig:1;/apps/spack/anvil/apps/numactl/2.0.14-gcc-11.2.0-wrjotmv/lib/pkgconfig:1;/apps/spack/anvil/apps/libfabric/1.12.0-gcc-8.4.1-xj6lmd4/lib/pkgconfig:1;/apps/spack/anvil/apps/zlib/1.2.11-gcc-11.2.0-g2guo73/lib/pkgconfig:1;/apps/spack/anvil/apps/mpfr/4.0.2-gcc-11.2.0-ke4ellj/lib/pkgconfig:1;/apps/spack/anvil/apps/gmp/6.2.1-gcc-11.2.0-trpptvt/lib/pkgconfig:1
__LMOD_REF_COUNT_XALT_DIR=/apps/anvil/external/apps/xalt2/xalt/xalt:1
__LMOD_REF_COUNT__LMFILES_=/opt/spack/cpu-20211007/gcc/11.2.0/gmp/6.2.1.lua:1;/opt/spack/cpu-20211007/gcc/11.2.0/mpfr/4.0.2.lua:1;/opt/spack/cpu/Core/mpc/1.1.0.lua:1;/opt/spack/cpu-20211007/gcc/11.2.0/zlib/1.2.11.lua:1;/opt/spack/cpu/Core/gcc/11.2.0.lua:1;/opt/spack/cpu/Core/libfabric/1.12.0.lua:1;/opt/spack/cpu-20211007/gcc/11.2.0/numactl/2.0.14.lua:1;/opt/spack/cpu-20211007/gcc/11.2.0/openmpi/4.0.6.lua:1;/opt/spack/cpu/Core/xalt/2.10.45.lua:1;/opt/spack/cpu/Core/modtree/cpu.lua:1
__LMOD_SET_FPATH=1
which_declare=declare -f

INFO 2026-05-16 22:16:49,351 trainer.py:1145: Setting up components: Model, loss, optim, meters etc.
INFO 2026-05-16 22:16:49,352 logger.py:  61: TensorBoard SummaryWriter instantiated. Files will be stored in: /anvil/projects/x-cis250950/sam3/experiments/medsam3_stage1_train_all_unified/tensorboard
Training Mode Enabled: Tunable parameters: 860.06M / 860.06M
INFO 2026-05-16 22:17:24,074 trainer.py:1247: ====================
INFO 2026-05-16 22:17:24,075 trainer.py:1248: Summary for model <class 'sam3.model.sam3_video_training_model.Sam3VideoTrainingModel'>
INFO 2026-05-16 22:17:24,079 trainer.py:1249: Model is Sam3VideoTrainingModel(
  (detector): Sam3ImageOnVideoMultiGPU(
    (backbone): SAM3VLBackbone(
      (vision_backbone): Sam3DualViTDetNeck(
        (trunk): ViT(
          (patch_embed): PatchEmbed(
            (proj): Conv2d(3, 1024, kernel_size=(14, 14), stride=(14, 14), bias=False)
          )
          (blocks): ModuleList(
            (0): Block(
              (norm1): LayerNorm((1024,), eps=1e-05, elementwise_affine=True)
              (attn): Attention(
                (qkv): Linear(in_features=1024, out_features=3072, bias=True)
                (proj): Linear(in_features=1024, out_features=1024, bias=True)
              )
              (ls1): Identity()
              (drop_path): Identity()
              (norm2): LayerNorm((1024,), eps=1e-05, elementwise_affine=True)
              (mlp): Mlp(
                (fc1): Linear(in_features=1024, out_features=4736, bias=True)
                (act): GELU(approximate='none')
                (drop1): Dropout(p=0.0, inplace=False)
                (norm): Identity()
                (fc2): Linear(in_features=4736, out_features=1024, bias=True)
                (drop2): Dropout(p=0.0, inplace=False)
              )
              (ls2): Identity()
              (dropout): Dropout(p=0.0, inplace=False)
            )
            (1): Block(
              (norm1): LayerNorm((1024,), eps=1e-05, elementwise_affine=True)
              (attn): Attention(
                (qkv): Linear(in_features=1024, out_features=3072, bias=True)
                (proj): Linear(in_features=1024, out_features=1024, bias=True)
              )
              (ls1): Identity()
              (drop_path): DropPath(drop_prob=0.003)
              (norm2): LayerNorm((1024,), eps=1e-05, elementwise_affine=True)
              (mlp): Mlp(
                (fc1): Linear(in_features=1024, out_features=4736, bias=True)
                (act): GELU(approximate='none')
                (drop1): Dropout(p=0.0, inplace=False)
                (norm): Identity()
                (fc2): Linear(in_features=4736, out_features=1024, bias=True)
                (drop2): Dropout(p=0.0, inplace=False)
              )
              (ls2): Identity()
              (dropout): Dropout(p=0.0, inplace=False)
            )
            (2): Block(
              (norm1): LayerNorm((1024,), eps=1e-05, elementwise_affine=True)
              (attn): Attention(
                (qkv): Linear(in_features=1024, out_features=3072, bias=True)
                (proj): Linear(in_features=1024, out_features=1024, bias=True)
              )
              (ls1): Identity()
              (drop_path): DropPath(drop_prob=0.006)
              (norm2): LayerNorm((1024,), eps=1e-05, elementwise_affine=True)
              (mlp): Mlp(
                (fc1): Linear(in_features=1024, out_features=4736, bias=True)
                (act): GELU(approximate='none')
                (drop1): Dropout(p=0.0, inplace=False)
                (norm): Identity()
                (fc2): Linear(in_features=4736, out_features=1024, bias=True)
                (drop2): Dropout(p=0.0, inplace=False)
              )
              (ls2): Identity()
              (dropout): Dropout(p=0.0, inplace=False)
            )
            (3): Block(
              (norm1): LayerNorm((1024,), eps=1e-05, elementwise_affine=True)
              (attn): Attention(
                (qkv): Linear(in_features=1024, out_features=3072, bias=True)
                (proj): Linear(in_features=1024, out_features=1024, bias=True)
              )
              (ls1): Identity()
              (drop_path): DropPath(drop_prob=0.010)
              (norm2): LayerNorm((1024,), eps=1e-05, elementwise_affine=True)
              (mlp): Mlp(
                (fc1): Linear(in_features=1024, out_features=4736, bias=True)
                (act): GELU(approximate='none')
                (drop1): Dropout(p=0.0, inplace=False)
                (norm): Identity()
                (fc2): Linear(in_features=4736, out_features=1024, bias=True)
                (drop2): Dropout(p=0.0, inplace=False)
              )
              (ls2): Identity()
              (dropout): Dropout(p=0.0, inplace=False)
            )
            (4): Block(
              (norm1): LayerNorm((1024,), eps=1e-05, elementwise_affine=True)
              (attn): Attention(
                (qkv): Linear(in_features=1024, out_features=3072, bias=True)
                (proj): Linear(in_features=1024, out_features=1024, bias=True)
              )
              (ls1): Identity()
              (drop_path): DropPath(drop_prob=0.013)
              (norm2): LayerNorm((1024,), eps=1e-05, elementwise_affine=True)
              (mlp): Mlp(
                (fc1): Linear(in_features=1024, out_features=4736, bias=True)
                (act): GELU(approximate='none')
                (drop1): Dropout(p=0.0, inplace=False)
                (norm): Identity()
                (fc2): Linear(in_features=4736, out_features=1024, bias=True)
                (drop2): Dropout(p=0.0, inplace=False)
              )
              (ls2): Identity()
              (dropout): Dropout(p=0.0, inplace=False)
            )
            (5): Block(
              (norm1): LayerNorm((1024,), eps=1e-05, elementwise_affine=True)
              (attn): Attention(
                (qkv): Linear(in_features=1024, out_features=3072, bias=True)
                (proj): Linear(in_features=1024, out_features=1024, bias=True)
              )
              (ls1): Identity()
              (drop_path): DropPath(drop_prob=0.016)
              (norm2): LayerNorm((1024,), eps=1e-05, elementwise_affine=True)
              (mlp): Mlp(
                (fc1): Linear(in_features=1024, out_features=4736, bias=True)
                (act): GELU(approximate='none')
                (drop1): Dropout(p=0.0, inplace=False)
                (norm): Identity()
                (fc2): Linear(in_features=4736, out_features=1024, bias=True)
                (drop2): Dropout(p=0.0, inplace=False)
              )
              (ls2): Identity()
              (dropout): Dropout(p=0.0, inplace=False)
            )
            (6): Block(
              (norm1): LayerNorm((1024,), eps=1e-05, elementwise_affine=True)
              (attn): Attention(
                (qkv): Linear(in_features=1024, out_features=3072, bias=True)
                (proj): Linear(in_features=1024, out_features=1024, bias=True)
              )
              (ls1): Identity()
              (drop_path): DropPath(drop_prob=0.019)
              (norm2): LayerNorm((1024,), eps=1e-05, elementwise_affine=True)
              (mlp): Mlp(
                (fc1): Linear(in_features=1024, out_features=4736, bias=True)
                (act): GELU(approximate='none')
                (drop1): Dropout(p=0.0, inplace=False)
                (norm): Identity()
                (fc2): Linear(in_features=4736, out_features=1024, bias=True)
                (drop2): Dropout(p=0.0, inplace=False)
              )
              (ls2): Identity()
              (dropout): Dropout(p=0.0, inplace=False)
            )
            (7): Block(
              (norm1): LayerNorm((1024,), eps=1e-05, elementwise_affine=True)
              (attn): Attention(
                (qkv): Linear(in_features=1024, out_features=3072, bias=True)
                (proj): Linear(in_features=1024, out_features=1024, bias=True)
              )
              (ls1): Identity()
              (drop_path): DropPath(drop_prob=0.023)
              (norm2): LayerNorm((1024,), eps=1e-05, elementwise_affine=True)
              (mlp): Mlp(
                (fc1): Linear(in_features=1024, out_features=4736, bias=True)
                (act): GELU(approximate='none')
                (drop1): Dropout(p=0.0, inplace=False)
                (norm): Identity()
                (fc2): Linear(in_features=4736, out_features=1024, bias=True)
                (drop2): Dropout(p=0.0, inplace=False)
              )
              (ls2): Identity()
              (dropout): Dropout(p=0.0, inplace=False)
            )
            (8): Block(
              (norm1): LayerNorm((1024,), eps=1e-05, elementwise_affine=True)
              (attn): Attention(
                (qkv): Linear(in_features=1024, out_features=3072, bias=True)
                (proj): Linear(in_features=1024, out_features=1024, bias=True)
              )
              (ls1): Identity()
              (drop_path): DropPath(drop_prob=0.026)
              (norm2): LayerNorm((1024,), eps=1e-05, elementwise_affine=True)
              (mlp): Mlp(
                (fc1): Linear(in_features=1024, out_features=4736, bias=True)
                (act): GELU(approximate='none')
                (drop1): Dropout(p=0.0, inplace=False)
                (norm): Identity()
                (fc2): Linear(in_features=4736, out_features=1024, bias=True)
                (drop2): Dropout(p=0.0, inplace=False)
              )
              (ls2): Identity()
              (dropout): Dropout(p=0.0, inplace=False)
            )
            (9): Block(
              (norm1): LayerNorm((1024,), eps=1e-05, elementwise_affine=True)
              (attn): Attention(
                (qkv): Linear(in_features=1024, out_features=3072, bias=True)
                (proj): Linear(in_features=1024, out_features=1024, bias=True)
              )
              (ls1): Identity()
              (drop_path): DropPath(drop_prob=0.029)
              (norm2): LayerNorm((1024,), eps=1e-05, elementwise_affine=True)
              (mlp): Mlp(
                (fc1): Linear(in_features=1024, out_features=4736, bias=True)
                (act): GELU(approximate='none')
                (drop1): Dropout(p=0.0, inplace=False)
                (norm): Identity()
                (fc2): Linear(in_features=4736, out_features=1024, bias=True)
                (drop2): Dropout(p=0.0, inplace=False)
              )
              (ls2): Identity()
              (dropout): Dropout(p=0.0, inplace=False)
            )
            (10): Block(
              (norm1): LayerNorm((1024,), eps=1e-05, elementwise_affine=True)
              (attn): Attention(
                (qkv): Linear(in_features=1024, out_features=3072, bias=True)
                (proj): Linear(in_features=1024, out_features=1024, bias=True)
              )
              (ls1): Identity()
              (drop_path): DropPath(drop_prob=0.032)
              (norm2): LayerNorm((1024,), eps=1e-05, elementwise_affine=True)
              (mlp): Mlp(
                (fc1): Linear(in_features=1024, out_features=4736, bias=True)
                (act): GELU(approximate='none')
                (drop1): Dropout(p=0.0, inplace=False)
                (norm): Identity()
                (fc2): Linear(in_features=4736, out_features=1024, bias=True)
                (drop2): Dropout(p=0.0, inplace=False)
              )
              (ls2): Identity()
              (dropout): Dropout(p=0.0, inplace=False)
            )
            (11): Block(
              (norm1): LayerNorm((1024,), eps=1e-05, elementwise_affine=True)
              (attn): Attention(
                (qkv): Linear(in_features=1024, out_features=3072, bias=True)
                (proj): Linear(in_features=1024, out_features=1024, bias=True)
              )
              (ls1): Identity()
              (drop_path): DropPath(drop_prob=0.035)
              (norm2): LayerNorm((1024,), eps=1e-05, elementwise_affine=True)
              (mlp): Mlp(
                (fc1): Linear(in_features=1024, out_features=4736, bias=True)
                (act): GELU(approximate='none')
                (drop1): Dropout(p=0.0, inplace=False)
                (norm): Identity()
                (fc2): Linear(in_features=4736, out_features=1024, bias=True)
                (drop2): Dropout(p=0.0, inplace=False)
              )
              (ls2): Identity()
              (dropout): Dropout(p=0.0, inplace=False)
            )
            (12): Block(
              (norm1): LayerNorm((1024,), eps=1e-05, elementwise_affine=True)
              (attn): Attention(
                (qkv): Linear(in_features=1024, out_features=3072, bias=True)
                (proj): Linear(in_features=1024, out_features=1024, bias=True)
              )
              (ls1): Identity()
              (drop_path): DropPath(drop_prob=0.039)
              (norm2): LayerNorm((1024,), eps=1e-05, elementwise_affine=True)
              (mlp): Mlp(
                (fc1): Linear(in_features=1024, out_features=4736, bias=True)
                (act): GELU(approximate='none')
                (drop1): Dropout(p=0.0, inplace=False)
                (norm): Identity()
                (fc2): Linear(in_features=4736, out_features=1024, bias=True)
                (drop2): Dropout(p=0.0, inplace=False)
              )
              (ls2): Identity()
              (dropout): Dropout(p=0.0, inplace=False)
            )
            (13): Block(
              (norm1): LayerNorm((1024,), eps=1e-05, elementwise_affine=True)
              (attn): Attention(
                (qkv): Linear(in_features=1024, out_features=3072, bias=True)
                (proj): Linear(in_features=1024, out_features=1024, bias=True)
              )
              (ls1): Identity()
              (drop_path): DropPath(drop_prob=0.042)
              (norm2): LayerNorm((1024,), eps=1e-05, elementwise_affine=True)
              (mlp): Mlp(
                (fc1): Linear(in_features=1024, out_features=4736, bias=True)
                (act): GELU(approximate='none')
                (drop1): Dropout(p=0.0, inplace=False)
                (norm): Identity()
                (fc2): Linear(in_features=4736, out_features=1024, bias=True)
                (drop2): Dropout(p=0.0, inplace=False)
              )
              (ls2): Identity()
              (dropout): Dropout(p=0.0, inplace=False)
            )
            (14): Block(
              (norm1): LayerNorm((1024,), eps=1e-05, elementwise_affine=True)
              (attn): Attention(
                (qkv): Linear(in_features=1024, out_features=3072, bias=True)
                (proj): Linear(in_features=1024, out_features=1024, bias=True)
              )
              (ls1): Identity()
              (drop_path): DropPath(drop_prob=0.045)
              (norm2): LayerNorm((1024,), eps=1e-05, elementwise_affine=True)
              (mlp): Mlp(
                (fc1): Linear(in_features=1024, out_features=4736, bias=True)
                (act): GELU(approximate='none')
                (drop1): Dropout(p=0.0, inplace=False)
                (norm): Identity()
                (fc2): Linear(in_features=4736, out_features=1024, bias=True)
                (drop2): Dropout(p=0.0, inplace=False)
              )
              (ls2): Identity()
              (dropout): Dropout(p=0.0, inplace=False)
            )
            (15): Block(
              (norm1): LayerNorm((1024,), eps=1e-05, elementwise_affine=True)
              (attn): Attention(
                (qkv): Linear(in_features=1024, out_features=3072, bias=True)
                (proj): Linear(in_features=1024, out_features=1024, bias=True)
              )
              (ls1): Identity()
              (drop_path): DropPath(drop_prob=0.048)
              (norm2): LayerNorm((1024,), eps=1e-05, elementwise_affine=True)
              (mlp): Mlp(
                (fc1): Linear(in_features=1024, out_features=4736, bias=True)
                (act): GELU(approximate='none')
                (drop1): Dropout(p=0.0, inplace=False)
                (norm): Identity()
                (fc2): Linear(in_features=4736, out_features=1024, bias=True)
                (drop2): Dropout(p=0.0, inplace=False)
              )
              (ls2): Identity()
              (dropout): Dropout(p=0.0, inplace=False)
            )
            (16): Block(
              (norm1): LayerNorm((1024,), eps=1e-05, elementwise_affine=True)
              (attn): Attention(
                (qkv): Linear(in_features=1024, out_features=3072, bias=True)
                (proj): Linear(in_features=1024, out_features=1024, bias=True)
              )
              (ls1): Identity()
              (drop_path): DropPath(drop_prob=0.052)
              (norm2): LayerNorm((1024,), eps=1e-05, elementwise_affine=True)
              (mlp): Mlp(
                (fc1): Linear(in_features=1024, out_features=4736, bias=True)
                (act): GELU(approximate='none')
                (drop1): Dropout(p=0.0, inplace=False)
                (norm): Identity()
                (fc2): Linear(in_features=4736, out_features=1024, bias=True)
                (drop2): Dropout(p=0.0, inplace=False)
              )
              (ls2): Identity()
              (dropout): Dropout(p=0.0, inplace=False)
            )
            (17): Block(
              (norm1): LayerNorm((1024,), eps=1e-05, elementwise_affine=True)
              (attn): Attention(
                (qkv): Linear(in_features=1024, out_features=3072, bias=True)
                (proj): Linear(in_features=1024, out_features=1024, bias=True)
              )
              (ls1): Identity()
              (drop_path): DropPath(drop_prob=0.055)
              (norm2): LayerNorm((1024,), eps=1e-05, elementwise_affine=True)
              (mlp): Mlp(
                (fc1): Linear(in_features=1024, out_features=4736, bias=True)
                (act): GELU(approximate='none')
                (drop1): Dropout(p=0.0, inplace=False)
                (norm): Identity()
                (fc2): Linear(in_features=4736, out_features=1024, bias=True)
                (drop2): Dropout(p=0.0, inplace=False)
              )
              (ls2): Identity()
              (dropout): Dropout(p=0.0, inplace=False)
            )
            (18): Block(
              (norm1): LayerNorm((1024,), eps=1e-05, elementwise_affine=True)
              (attn): Attention(
                (qkv): Linear(in_features=1024, out_features=3072, bias=True)
                (proj): Linear(in_features=1024, out_features=1024, bias=True)
              )
              (ls1): Identity()
              (drop_path): DropPath(drop_prob=0.058)
              (norm2): LayerNorm((1024,), eps=1e-05, elementwise_affine=True)
              (mlp): Mlp(
                (fc1): Linear(in_features=1024, out_features=4736, bias=True)
                (act): GELU(approximate='none')
                (drop1): Dropout(p=0.0, inplace=False)
                (norm): Identity()
                (fc2): Linear(in_features=4736, out_features=1024, bias=True)
                (drop2): Dropout(p=0.0, inplace=False)
              )
              (ls2): Identity()
              (dropout): Dropout(p=0.0, inplace=False)
            )
            (19): Block(
              (norm1): LayerNorm((1024,), eps=1e-05, elementwise_affine=True)
              (attn): Attention(
                (qkv): Linear(in_features=1024, out_features=3072, bias=True)
                (proj): Linear(in_features=1024, out_features=1024, bias=True)
              )
              (ls1): Identity()
              (drop_path): DropPath(drop_prob=0.061)
              (norm2): LayerNorm((1024,), eps=1e-05, elementwise_affine=True)
              (mlp): Mlp(
                (fc1): Linear(in_features=1024, out_features=4736, bias=True)
                (act): GELU(approximate='none')
                (drop1): Dropout(p=0.0, inplace=False)
                (norm): Identity()
                (fc2): Linear(in_features=4736, out_features=1024, bias=True)
                (drop2): Dropout(p=0.0, inplace=False)
              )
              (ls2): Identity()
              (dropout): Dropout(p=0.0, inplace=False)
            )
            (20): Block(
              (norm1): LayerNorm((1024,), eps=1e-05, elementwise_affine=True)
              (attn): Attention(
                (qkv): Linear(in_features=1024, out_features=3072, bias=True)
                (proj): Linear(in_features=1024, out_features=1024, bias=True)
              )
              (ls1): Identity()
              (drop_path): DropPath(drop_prob=0.065)
              (norm2): LayerNorm((1024,), eps=1e-05, elementwise_affine=True)
              (mlp): Mlp(
                (fc1): Linear(in_features=1024, out_features=4736, bias=True)
                (act): GELU(approximate='none')
                (drop1): Dropout(p=0.0, inplace=False)
                (norm): Identity()
                (fc2): Linear(in_features=4736, out_features=1024, bias=True)
                (drop2): Dropout(p=0.0, inplace=False)
              )
              (ls2): Identity()
              (dropout): Dropout(p=0.0, inplace=False)
            )
            (21): Block(
              (norm1): LayerNorm((1024,), eps=1e-05, elementwise_affine=True)
              (attn): Attention(
                (qkv): Linear(in_features=1024, out_features=3072, bias=True)
                (proj): Linear(in_features=1024, out_features=1024, bias=True)
              )
              (ls1): Identity()
              (drop_path): DropPath(drop_prob=0.068)
              (norm2): LayerNorm((1024,), eps=1e-05, elementwise_affine=True)
              (mlp): Mlp(
                (fc1): Linear(in_features=1024, out_features=4736, bias=True)
                (act): GELU(approximate='none')
                (drop1): Dropout(p=0.0, inplace=False)
                (norm): Identity()
                (fc2): Linear(in_features=4736, out_features=1024, bias=True)
                (drop2): Dropout(p=0.0, inplace=False)
              )
              (ls2): Identity()
              (dropout): Dropout(p=0.0, inplace=False)
            )
            (22): Block(
              (norm1): LayerNorm((1024,), eps=1e-05, elementwise_affine=True)
              (attn): Attention(
                (qkv): Linear(in_features=1024, out_features=3072, bias=True)
                (proj): Linear(in_features=1024, out_features=1024, bias=True)
              )
              (ls1): Identity()
              (drop_path): DropPath(drop_prob=0.071)
              (norm2): LayerNorm((1024,), eps=1e-05, elementwise_affine=True)
              (mlp): Mlp(
                (fc1): Linear(in_features=1024, out_features=4736, bias=True)
                (act): GELU(approximate='none')
                (drop1): Dropout(p=0.0, inplace=False)
                (norm): Identity()
                (fc2): Linear(in_features=4736, out_features=1024, bias=True)
                (drop2): Dropout(p=0.0, inplace=False)
              )
              (ls2): Identity()
              (dropout): Dropout(p=0.0, inplace=False)
            )
            (23): Block(
              (norm1): LayerNorm((1024,), eps=1e-05, elementwise_affine=True)
              (attn): Attention(
                (qkv): Linear(in_features=1024, out_features=3072, bias=True)
                (proj): Linear(in_features=1024, out_features=1024, bias=True)
              )
              (ls1): Identity()
              (drop_path): DropPath(drop_prob=0.074)
              (norm2): LayerNorm((1024,), eps=1e-05, elementwise_affine=True)
              (mlp): Mlp(
                (fc1): Linear(in_features=1024, out_features=4736, bias=True)
                (act): GELU(approximate='none')
                (drop1): Dropout(p=0.0, inplace=False)
                (norm): Identity()
                (fc2): Linear(in_features=4736, out_features=1024, bias=True)
                (drop2): Dropout(p=0.0, inplace=False)
              )
              (ls2): Identity()
              (dropout): Dropout(p=0.0, inplace=False)
            )
            (24): Block(
              (norm1): LayerNorm((1024,), eps=1e-05, elementwise_affine=True)
              (attn): Attention(
                (qkv): Linear(in_features=1024, out_features=3072, bias=True)
                (proj): Linear(in_features=1024, out_features=1024, bias=True)
              )
              (ls1): Identity()
              (drop_path): DropPath(drop_prob=0.077)
              (norm2): LayerNorm((1024,), eps=1e-05, elementwise_affine=True)
              (mlp): Mlp(
                (fc1): Linear(in_features=1024, out_features=4736, bias=True)
                (act): GELU(approximate='none')
                (drop1): Dropout(p=0.0, inplace=False)
                (norm): Identity()
                (fc2): Linear(in_features=4736, out_features=1024, bias=True)
                (drop2): Dropout(p=0.0, inplace=False)
              )
              (ls2): Identity()
              (dropout): Dropout(p=0.0, inplace=False)
            )
            (25): Block(
              (norm1): LayerNorm((1024,), eps=1e-05, elementwise_affine=True)
              (attn): Attention(
                (qkv): Linear(in_features=1024, out_features=3072, bias=True)
                (proj): Linear(in_features=1024, out_features=1024, bias=True)
              )
              (ls1): Identity()
              (drop_path): DropPath(drop_prob=0.081)
              (norm2): LayerNorm((1024,), eps=1e-05, elementwise_affine=True)
              (mlp): Mlp(
                (fc1): Linear(in_features=1024, out_features=4736, bias=True)
                (act): GELU(approximate='none')
                (drop1): Dropout(p=0.0, inplace=False)
                (norm): Identity()
                (fc2): Linear(in_features=4736, out_features=1024, bias=True)
                (drop2): Dropout(p=0.0, inplace=False)
              )
              (ls2): Identity()
              (dropout): Dropout(p=0.0, inplace=False)
            )
            (26): Block(
              (norm1): LayerNorm((1024,), eps=1e-05, elementwise_affine=True)
              (attn): Attention(
                (qkv): Linear(in_features=1024, out_features=3072, bias=True)
                (proj): Linear(in_features=1024, out_features=1024, bias=True)
              )
              (ls1): Identity()
              (drop_path): DropPath(drop_prob=0.084)
              (norm2): LayerNorm((1024,), eps=1e-05, elementwise_affine=True)
              (mlp): Mlp(
                (fc1): Linear(in_features=1024, out_features=4736, bias=True)
                (act): GELU(approximate='none')
                (drop1): Dropout(p=0.0, inplace=False)
                (norm): Identity()
                (fc2): Linear(in_features=4736, out_features=1024, bias=True)
                (drop2): Dropout(p=0.0, inplace=False)
              )
              (ls2): Identity()
              (dropout): Dropout(p=0.0, inplace=False)
            )
            (27): Block(
              (norm1): LayerNorm((1024,), eps=1e-05, elementwise_affine=True)
              (attn): Attention(
                (qkv): Linear(in_features=1024, out_features=3072, bias=True)
                (proj): Linear(in_features=1024, out_features=1024, bias=True)
              )
              (ls1): Identity()
              (drop_path): DropPath(drop_prob=0.087)
              (norm2): LayerNorm((1024,), eps=1e-05, elementwise_affine=True)
              (mlp): Mlp(
                (fc1): Linear(in_features=1024, out_features=4736, bias=True)
                (act): GELU(approximate='none')
                (drop1): Dropout(p=0.0, inplace=False)
                (norm): Identity()
                (fc2): Linear(in_features=4736, out_features=1024, bias=True)
                (drop2): Dropout(p=0.0, inplace=False)
              )
              (ls2): Identity()
              (dropout): Dropout(p=0.0, inplace=False)
            )
            (28): Block(
              (norm1): LayerNorm((1024,), eps=1e-05, elementwise_affine=True)
              (attn): Attention(
                (qkv): Linear(in_features=1024, out_features=3072, bias=True)
                (proj): Linear(in_features=1024, out_features=1024, bias=True)
              )
              (ls1): Identity()
              (drop_path): DropPath(drop_prob=0.090)
              (norm2): LayerNorm((1024,), eps=1e-05, elementwise_affine=True)
              (mlp): Mlp(
                (fc1): Linear(in_features=1024, out_features=4736, bias=True)
                (act): GELU(approximate='none')
                (drop1): Dropout(p=0.0, inplace=False)
                (norm): Identity()
                (fc2): Linear(in_features=4736, out_features=1024, bias=True)
                (drop2): Dropout(p=0.0, inplace=False)
              )
              (ls2): Identity()
              (dropout): Dropout(p=0.0, inplace=False)
            )
            (29): Block(
              (norm1): LayerNorm((1024,), eps=1e-05, elementwise_affine=True)
              (attn): Attention(
                (qkv): Linear(in_features=1024, out_features=3072, bias=True)
                (proj): Linear(in_features=1024, out_features=1024, bias=True)
              )
              (ls1): Identity()
              (drop_path): DropPath(drop_prob=0.094)
              (norm2): LayerNorm((1024,), eps=1e-05, elementwise_affine=True)
              (mlp): Mlp(
                (fc1): Linear(in_features=1024, out_features=4736, bias=True)
                (act): GELU(approximate='none')
                (drop1): Dropout(p=0.0, inplace=False)
                (norm): Identity()
                (fc2): Linear(in_features=4736, out_features=1024, bias=True)
                (drop2): Dropout(p=0.0, inplace=False)
              )
              (ls2): Identity()
              (dropout): Dropout(p=0.0, inplace=False)
            )
            (30): Block(
              (norm1): LayerNorm((1024,), eps=1e-05, elementwise_affine=True)
              (attn): Attention(
                (qkv): Linear(in_features=1024, out_features=3072, bias=True)
                (proj): Linear(in_features=1024, out_features=1024, bias=True)
              )
              (ls1): Identity()
              (drop_path): DropPath(drop_prob=0.097)
              (norm2): LayerNorm((1024,), eps=1e-05, elementwise_affine=True)
              (mlp): Mlp(
                (fc1): Linear(in_features=1024, out_features=4736, bias=True)
                (act): GELU(approximate='none')
                (drop1): Dropout(p=0.0, inplace=False)
                (norm): Identity()
                (fc2): Linear(in_features=4736, out_features=1024, bias=True)
                (drop2): Dropout(p=0.0, inplace=False)
              )
              (ls2): Identity()
              (dropout): Dropout(p=0.0, inplace=False)
            )
            (31): Block(
              (norm1): LayerNorm((1024,), eps=1e-05, elementwise_affine=True)
              (attn): Attention(
                (qkv): Linear(in_features=1024, out_features=3072, bias=True)
                (proj): Linear(in_features=1024, out_features=1024, bias=True)
              )
              (ls1): Identity()
              (drop_path): DropPath(drop_prob=0.100)
              (norm2): LayerNorm((1024,), eps=1e-05, elementwise_affine=True)
              (mlp): Mlp(
                (fc1): Linear(in_features=1024, out_features=4736, bias=True)
                (act): GELU(approximate='none')
                (drop1): Dropout(p=0.0, inplace=False)
                (norm): Identity()
                (fc2): Linear(in_features=4736, out_features=1024, bias=True)
                (drop2): Dropout(p=0.0, inplace=False)
              )
              (ls2): Identity()
              (dropout): Dropout(p=0.0, inplace=False)
            )
          )
          (ln_pre): LayerNorm((1024,), eps=1e-05, elementwise_affine=True)
          (ln_post): Identity()
        )
        (position_encoding): PositionEmbeddingSine()
        (convs): ModuleList(
          (0): Sequential(
            (dconv_2x2_0): ConvTranspose2d(1024, 512, kernel_size=(2, 2), stride=(2, 2))
            (gelu): GELU(approximate='none')
            (dconv_2x2_1): ConvTranspose2d(512, 256, kernel_size=(2, 2), stride=(2, 2))
            (conv_1x1): Conv2d(256, 256, kernel_size=(1, 1), stride=(1, 1))
            (conv_3x3): Conv2d(256, 256, kernel_size=(3, 3), stride=(1, 1), padding=(1, 1))
          )
          (1): Sequential(
            (dconv_2x2): ConvTranspose2d(1024, 512, kernel_size=(2, 2), stride=(2, 2))
            (conv_1x1): Conv2d(512, 256, kernel_size=(1, 1), stride=(1, 1))
            (conv_3x3): Conv2d(256, 256, kernel_size=(3, 3), stride=(1, 1), padding=(1, 1))
          )
          (2): Sequential(
            (conv_1x1): Conv2d(1024, 256, kernel_size=(1, 1), stride=(1, 1))
            (conv_3x3): Conv2d(256, 256, kernel_size=(3, 3), stride=(1, 1), padding=(1, 1))
          )
          (3): Sequential(
            (maxpool_2x2): MaxPool2d(kernel_size=2, stride=2, padding=0, dilation=1, ceil_mode=False)
            (conv_1x1): Conv2d(1024, 256, kernel_size=(1, 1), stride=(1, 1))
            (conv_3x3): Conv2d(256, 256, kernel_size=(3, 3), stride=(1, 1), padding=(1, 1))
          )
        )
        (sam2_convs): ModuleList(
          (0): Sequential(
            (dconv_2x2_0): ConvTranspose2d(1024, 512, kernel_size=(2, 2), stride=(2, 2))
            (gelu): GELU(approximate='none')
            (dconv_2x2_1): ConvTranspose2d(512, 256, kernel_size=(2, 2), stride=(2, 2))
            (conv_1x1): Conv2d(256, 256, kernel_size=(1, 1), stride=(1, 1))
            (conv_3x3): Conv2d(256, 256, kernel_size=(3, 3), stride=(1, 1), padding=(1, 1))
          )
          (1): Sequential(
            (dconv_2x2): ConvTranspose2d(1024, 512, kernel_size=(2, 2), stride=(2, 2))
            (conv_1x1): Conv2d(512, 256, kernel_size=(1, 1), stride=(1, 1))
            (conv_3x3): Conv2d(256, 256, kernel_size=(3, 3), stride=(1, 1), padding=(1, 1))
          )
          (2): Sequential(
            (conv_1x1): Conv2d(1024, 256, kernel_size=(1, 1), stride=(1, 1))
            (conv_3x3): Conv2d(256, 256, kernel_size=(3, 3), stride=(1, 1), padding=(1, 1))
          )
          (3): Sequential(
            (maxpool_2x2): MaxPool2d(kernel_size=2, stride=2, padding=0, dilation=1, ceil_mode=False)
            (conv_1x1): Conv2d(1024, 256, kernel_size=(1, 1), stride=(1, 1))
            (conv_3x3): Conv2d(256, 256, kernel_size=(3, 3), stride=(1, 1), padding=(1, 1))
          )
        )
      )
      (language_backbone): VETextEncoder(
        (encoder): TextTransformer(
          (token_embedding): Embedding(49408, 1024)
          (transformer): Transformer(
            (resblocks): ModuleList(
              (0-23): 24 x ResidualAttentionBlock(
                (attn): MultiheadAttention(
                  (out_proj): NonDynamicallyQuantizableLinear(in_features=1024, out_features=1024, bias=True)
                )
                (ln_1): LayerNorm((1024,), eps=1e-05, elementwise_affine=True)
                (ln_2): LayerNorm((1024,), eps=1e-05, elementwise_affine=True)
                (ls_1): Identity()
                (ls_2): Identity()
                (mlp): Sequential(
                  (c_fc): Linear(in_features=1024, out_features=4096, bias=True)
                  (gelu): GELU(approximate='none')
                  (c_proj): Linear(in_features=4096, out_features=1024, bias=True)
                )
              )
            )
          )
          (ln_final): LayerNorm((1024,), eps=1e-05, elementwise_affine=True)
        )
        (resizer): Linear(in_features=1024, out_features=256, bias=True)
      )
    )
    (geometry_encoder): SequenceGeometryEncoder(
      (pos_enc): PositionEmbeddingSine()
      (label_embed): Embedding(2, 256)
      (cls_embed): Embedding(1, 256)
      (points_direct_project): Linear(in_features=2, out_features=256, bias=True)
      (points_pool_project): Linear(in_features=256, out_features=256, bias=True)
      (points_pos_enc_project): Linear(in_features=256, out_features=256, bias=True)
      (boxes_direct_project): Linear(in_features=4, out_features=256, bias=True)
      (boxes_pool_project): Conv2d(256, 256, kernel_size=(7, 7), stride=(1, 1))
      (boxes_pos_enc_project): Linear(in_features=258, out_features=256, bias=True)
      (final_proj): Linear(in_features=256, out_features=256, bias=True)
      (norm): LayerNorm((256,), eps=1e-05, elementwise_affine=True)
      (img_pre_norm): LayerNorm((256,), eps=1e-05, elementwise_affine=True)
      (encode): ModuleList(
        (0-2): 3 x TransformerEncoderLayer(
          (self_attn): MultiheadAttentionWrapper(
            (out_proj): NonDynamicallyQuantizableLinear(in_features=256, out_features=256, bias=True)
          )
          (cross_attn_image): MultiheadAttentionWrapper(
            (out_proj): NonDynamicallyQuantizableLinear(in_features=256, out_features=256, bias=True)
          )
          (linear1): Linear(in_features=256, out_features=2048, bias=True)
          (dropout): Dropout(p=0.1, inplace=False)
          (linear2): Linear(in_features=2048, out_features=256, bias=True)
          (norm1): LayerNorm((256,), eps=1e-05, elementwise_affine=True)
          (norm2): LayerNorm((256,), eps=1e-05, elementwise_affine=True)
          (norm3): LayerNorm((256,), eps=1e-05, elementwise_affine=True)
          (dropout1): Dropout(p=0.1, inplace=False)
          (dropout2): Dropout(p=0.1, inplace=False)
          (dropout3): Dropout(p=0.1, inplace=False)
        )
      )
      (encode_norm): LayerNorm((256,), eps=1e-05, elementwise_affine=True)
    )
    (transformer): TransformerWrapper(
      (encoder): TransformerEncoderFusion(
        (layers): ModuleList(
          (0-5): 6 x TransformerEncoderLayer(
            (self_attn): MultiheadAttentionWrapper(
              (out_proj): NonDynamicallyQuantizableLinear(in_features=256, out_features=256, bias=True)
            )
            (cross_attn_image): MultiheadAttentionWrapper(
              (out_proj): NonDynamicallyQuantizableLinear(in_features=256, out_features=256, bias=True)
            )
            (linear1): Linear(in_features=256, out_features=2048, bias=True)
            (dropout): Dropout(p=0.1, inplace=False)
            (linear2): Linear(in_features=2048, out_features=256, bias=True)
            (norm1): LayerNorm((256,), eps=1e-05, elementwise_affine=True)
            (norm2): LayerNorm((256,), eps=1e-05, elementwise_affine=True)
            (norm3): LayerNorm((256,), eps=1e-05, elementwise_affine=True)
            (dropout1): Dropout(p=0.1, inplace=False)
            (dropout2): Dropout(p=0.1, inplace=False)
            (dropout3): Dropout(p=0.1, inplace=False)
          )
        )
      )
      (decoder): TransformerDecoder(
        (layers): ModuleList(
          (0-5): 6 x TransformerDecoderLayer(
            (cross_attn): MultiheadAttentionWrapper(
              (out_proj): NonDynamicallyQuantizableLinear(in_features=256, out_features=256, bias=True)
            )
            (dropout1): Dropout(p=0.1, inplace=False)
            (norm1): LayerNorm((256,), eps=1e-05, elementwise_affine=True)
            (ca_text): MultiheadAttention(
              (out_proj): NonDynamicallyQuantizableLinear(in_features=256, out_features=256, bias=True)
            )
            (catext_dropout): Dropout(p=0.1, inplace=False)
            (catext_norm): LayerNorm((256,), eps=1e-05, elementwise_affine=True)
            (self_attn): MultiheadAttention(
              (out_proj): NonDynamicallyQuantizableLinear(in_features=256, out_features=256, bias=True)
            )
            (dropout2): Dropout(p=0.1, inplace=False)
            (norm2): LayerNorm((256,), eps=1e-05, elementwise_affine=True)
            (linear1): Linear(in_features=256, out_features=2048, bias=True)
            (dropout3): Dropout(p=0.1, inplace=False)
            (linear2): Linear(in_features=2048, out_features=256, bias=True)
            (dropout4): Dropout(p=0.1, inplace=False)
            (norm3): LayerNorm((256,), eps=1e-05, elementwise_affine=True)
          )
        )
        (norm): LayerNorm((256,), eps=1e-05, elementwise_affine=True)
        (bbox_embed): MLP(
          (layers): ModuleList(
            (0-1): 2 x Linear(in_features=256, out_features=256, bias=True)
            (2): Linear(in_features=256, out_features=4, bias=True)
          )
          (drop): Identity()
          (out_norm): Identity()
        )
        (query_embed): Embedding(200, 256)
        (reference_points): Embedding(200, 4)
        (boxRPB_embed_x): MLP(
          (layers): ModuleList(
            (0): Linear(in_features=2, out_features=256, bias=True)
            (1): Linear(in_features=256, out_features=8, bias=True)
          )
          (drop): Identity()
          (out_norm): Identity()
        )
        (boxRPB_embed_y): MLP(
          (layers): ModuleList(
            (0): Linear(in_features=2, out_features=256, bias=True)
            (1): Linear(in_features=256, out_features=8, bias=True)
          )
          (drop): Identity()
          (out_norm): Identity()
        )
        (presence_token): Embedding(1, 256)
        (presence_token_head): MLP(
          (layers): ModuleList(
            (0-1): 2 x Linear(in_features=256, out_features=256, bias=True)
            (2): Linear(in_features=256, out_features=1, bias=True)
          )
          (drop): Identity()
          (out_norm): Identity()
        )
        (presence_token_out_norm): LayerNorm((256,), eps=1e-05, elementwise_affine=True)
        (ref_point_head): MLP(
          (layers): ModuleList(
            (0): Linear(in_features=512, out_features=256, bias=True)
            (1): Linear(in_features=256, out_features=256, bias=True)
          )
          (drop): Identity()
          (out_norm): Identity()
        )
      )
    )
    (segmentation_head): UniversalSegmentationHead(
      (pixel_decoder): PixelDecoder(
        (conv_layers): ModuleList(
          (0-2): 3 x Conv2d(256, 256, kernel_size=(3, 3), stride=(1, 1), padding=(1, 1))
        )
        (norms): ModuleList(
          (0-2): 3 x GroupNorm(8, 256, eps=1e-05, affine=True)
        )
      )
      (mask_predictor): MaskPredictor(
        (mask_embed): MLP(
          (layers): ModuleList(
            (0-2): 3 x Linear(in_features=256, out_features=256, bias=True)
          )
          (drop): Identity()
          (out_norm): Identity()
        )
      )
      (cross_attend_prompt): MultiheadAttentionWrapper(
        (out_proj): NonDynamicallyQuantizableLinear(in_features=256, out_features=256, bias=True)
      )
      (cross_attn_norm): LayerNorm((256,), eps=1e-05, elementwise_affine=True)
      (semantic_seg_head): Conv2d(256, 1, kernel_size=(1, 1), stride=(1, 1))
      (instance_seg_head): Conv2d(256, 256, kernel_size=(1, 1), stride=(1, 1))
    )
    (dot_prod_scoring): DotProductScoring(
      (prompt_mlp): MLP(
        (layers): ModuleList(
          (0): Linear(in_features=256, out_features=2048, bias=True)
          (1): Linear(in_features=2048, out_features=256, bias=True)
        )
        (drop): Dropout(p=0.1, inplace=False)
        (out_norm): LayerNorm((256,), eps=1e-05, elementwise_affine=True)
      )
      (prompt_proj): Linear(in_features=256, out_features=256, bias=True)
      (hs_proj): Linear(in_features=256, out_features=256, bias=True)
    )
    (matcher): BinaryHungarianMatcherV2(
      (norm): Sigmoid()
    )
  )
  (tracker): Sam3TrackerPredictor(
    (mask_downsample): Conv2d(1, 1, kernel_size=(4, 4), stride=(4, 4))
    (transformer): TransformerWrapper(
      (encoder): TransformerEncoderCrossAttention(
        (layers): ModuleList(
          (0-3): 4 x TransformerDecoderLayerv2(
            (self_attn): RoPEAttention(
              (q_proj): Linear(in_features=256, out_features=256, bias=True)
              (k_proj): Linear(in_features=256, out_features=256, bias=True)
              (v_proj): Linear(in_features=256, out_features=256, bias=True)
              (out_proj): Linear(in_features=256, out_features=256, bias=True)
            )
            (cross_attn_image): RoPEAttention(
              (q_proj): Linear(in_features=256, out_features=256, bias=True)
              (k_proj): Linear(in_features=64, out_features=256, bias=True)
              (v_proj): Linear(in_features=64, out_features=256, bias=True)
              (out_proj): Linear(in_features=256, out_features=256, bias=True)
            )
            (linear1): Linear(in_features=256, out_features=2048, bias=True)
            (dropout): Dropout(p=0.1, inplace=False)
            (linear2): Linear(in_features=2048, out_features=256, bias=True)
            (norm1): LayerNorm((256,), eps=1e-05, elementwise_affine=True)
            (norm2): LayerNorm((256,), eps=1e-05, elementwise_affine=True)
            (norm3): LayerNorm((256,), eps=1e-05, elementwise_affine=True)
            (dropout1): Dropout(p=0.1, inplace=False)
            (dropout2): Dropout(p=0.1, inplace=False)
            (dropout3): Dropout(p=0.1, inplace=False)
          )
        )
        (norm): LayerNorm((256,), eps=1e-05, elementwise_affine=True)
      )
    )
    (maskmem_backbone): SimpleMaskEncoder(
      (mask_downsampler): SimpleMaskDownSampler(
        (encoder): Sequential(
          (0): Conv2d(1, 4, kernel_size=(3, 3), stride=(2, 2), padding=(1, 1))
          (1): LayerNorm2d()
          (2): GELU(approximate='none')
          (3): Conv2d(4, 16, kernel_size=(3, 3), stride=(2, 2), padding=(1, 1))
          (4): LayerNorm2d()
          (5): GELU(approximate='none')
          (6): Conv2d(16, 64, kernel_size=(3, 3), stride=(2, 2), padding=(1, 1))
          (7): LayerNorm2d()
          (8): GELU(approximate='none')
          (9): Conv2d(64, 256, kernel_size=(3, 3), stride=(2, 2), padding=(1, 1))
          (10): LayerNorm2d()
          (11): GELU(approximate='none')
          (12): Conv2d(256, 256, kernel_size=(1, 1), stride=(1, 1))
        )
      )
      (pix_feat_proj): Conv2d(256, 256, kernel_size=(1, 1), stride=(1, 1))
      (fuser): SimpleFuser(
        (proj): Identity()
        (layers): ModuleList(
          (0-1): 2 x CXBlock(
            (dwconv): Conv2d(256, 256, kernel_size=(7, 7), stride=(1, 1), padding=(3, 3), groups=256)
            (norm): LayerNorm2d()
            (pwconv1): Linear(in_features=256, out_features=1024, bias=True)
            (act): GELU(approximate='none')
            (pwconv2): Linear(in_features=1024, out_features=256, bias=True)
            (drop_path): Identity()
          )
        )
      )
      (position_encoding): PositionEmbeddingSine()
      (out_proj): Conv2d(256, 64, kernel_size=(1, 1), stride=(1, 1))
    )
    (sam_prompt_encoder): PromptEncoder(
      (pe_layer): PositionEmbeddingRandom()
      (point_embeddings): ModuleList(
        (0-3): 4 x Embedding(1, 256)
      )
      (not_a_point_embed): Embedding(1, 256)
      (mask_downscaling): Sequential(
        (0): Conv2d(1, 4, kernel_size=(2, 2), stride=(2, 2))
        (1): LayerNorm2d()
        (2): GELU(approximate='none')
        (3): Conv2d(4, 16, kernel_size=(2, 2), stride=(2, 2))
        (4): LayerNorm2d()
        (5): GELU(approximate='none')
        (6): Conv2d(16, 256, kernel_size=(1, 1), stride=(1, 1))
      )
      (no_mask_embed): Embedding(1, 256)
    )
    (sam_mask_decoder): MaskDecoder(
      (transformer): TwoWayTransformer(
        (layers): ModuleList(
          (0-1): 2 x TwoWayAttentionBlock(
            (self_attn): Attention(
              (q_proj): Linear(in_features=256, out_features=256, bias=True)
              (k_proj): Linear(in_features=256, out_features=256, bias=True)
              (v_proj): Linear(in_features=256, out_features=256, bias=True)
              (out_proj): Linear(in_features=256, out_features=256, bias=True)
            )
            (norm1): LayerNorm((256,), eps=1e-05, elementwise_affine=True)
            (cross_attn_token_to_image): Attention(
              (q_proj): Linear(in_features=256, out_features=128, bias=True)
              (k_proj): Linear(in_features=256, out_features=128, bias=True)
              (v_proj): Linear(in_features=256, out_features=128, bias=True)
              (out_proj): Linear(in_features=128, out_features=256, bias=True)
            )
            (norm2): LayerNorm((256,), eps=1e-05, elementwise_affine=True)
            (mlp): MLPBlock(
              (lin1): Linear(in_features=256, out_features=2048, bias=True)
              (lin2): Linear(in_features=2048, out_features=256, bias=True)
              (act): ReLU()
            )
            (norm3): LayerNorm((256,), eps=1e-05, elementwise_affine=True)
            (norm4): LayerNorm((256,), eps=1e-05, elementwise_affine=True)
            (cross_attn_image_to_token): Attention(
              (q_proj): Linear(in_features=256, out_features=128, bias=True)
              (k_proj): Linear(in_features=256, out_features=128, bias=True)
              (v_proj): Linear(in_features=256, out_features=128, bias=True)
              (out_proj): Linear(in_features=128, out_features=256, bias=True)
            )
          )
        )
        (final_attn_token_to_image): Attention(
          (q_proj): Linear(in_features=256, out_features=128, bias=True)
          (k_proj): Linear(in_features=256, out_features=128, bias=True)
          (v_proj): Linear(in_features=256, out_features=128, bias=True)
          (out_proj): Linear(in_features=128, out_features=256, bias=True)
        )
        (norm_final_attn): LayerNorm((256,), eps=1e-05, elementwise_affine=True)
      )
      (iou_token): Embedding(1, 256)
      (mask_tokens): Embedding(4, 256)
      (obj_score_token): Embedding(1, 256)
      (output_upscaling): Sequential(
        (0): ConvTranspose2d(256, 64, kernel_size=(2, 2), stride=(2, 2))
        (1): LayerNorm2d()
        (2): GELU(approximate='none')
        (3): ConvTranspose2d(64, 32, kernel_size=(2, 2), stride=(2, 2))
        (4): GELU(approximate='none')
      )
      (conv_s0): Conv2d(256, 32, kernel_size=(1, 1), stride=(1, 1))
      (conv_s1): Conv2d(256, 64, kernel_size=(1, 1), stride=(1, 1))
      (output_hypernetworks_mlps): ModuleList(
        (0-3): 4 x MLP(
          (layers): ModuleList(
            (0-1): 2 x Linear(in_features=256, out_features=256, bias=True)
            (2): Linear(in_features=256, out_features=32, bias=True)
          )
        )
      )
      (iou_prediction_head): MLP(
        (layers): ModuleList(
          (0-1): 2 x Linear(in_features=256, out_features=256, bias=True)
          (2): Linear(in_features=256, out_features=4, bias=True)
        )
      )
      (pred_obj_score_head): MLP(
        (layers): ModuleList(
          (0-1): 2 x Linear(in_features=256, out_features=256, bias=True)
          (2): Linear(in_features=256, out_features=1, bias=True)
        )
      )
    )
    (obj_ptr_proj): MLP(
      (layers): ModuleList(
        (0-2): 3 x Linear(in_features=256, out_features=256, bias=True)
      )
    )
    (obj_ptr_tpos_proj): Linear(in_features=256, out_features=64, bias=True)
  )
)
INFO 2026-05-16 22:17:24,093 trainer.py:1250: 	Total parameters 860 M
INFO 2026-05-16 22:17:24,094 trainer.py:1251: 	Trainable parameters 860 M
INFO 2026-05-16 22:17:24,094 trainer.py:1254: 	Non-Trainable parameters 0  
INFO 2026-05-16 22:17:24,094 trainer.py:1257: ====================
INFO 2026-05-16 22:17:24,775 trainer.py:1179: Finished setting up components: Model, loss, optim, meters etc.
INFO 2026-05-16 22:17:24,775 trainer.py: 368: Moving components to device cuda:0 and local rank 0.
INFO 2026-05-16 22:17:24,781 trainer.py: 374: Done moving components to device cuda:0 and local rank 0.
INFO 2026-05-16 22:17:24,796 optimizer.py: 244: Matches for param_name [detector.segmentation_head.*]: {'detector.segmentation_head.mask_predictor.mask_embed.layers.2.bias', 'detector.segmentation_head.mask_predictor.mask_embed.layers.0.weight', 'detector.segmentation_head.pixel_decoder.norms.0.bias', 'detector.segmentation_head.pixel_decoder.norms.1.weight', 'detector.segmentation_head.pixel_decoder.conv_layers.2.bias', 'detector.segmentation_head.semantic_seg_head.bias', 'detector.segmentation_head.instance_seg_head.weight', 'detector.segmentation_head.cross_attend_prompt.in_proj_weight', 'detector.segmentation_head.pixel_decoder.conv_layers.0.bias', 'detector.segmentation_head.cross_attn_norm.bias', 'detector.segmentation_head.pixel_decoder.conv_layers.1.weight', 'detector.segmentation_head.pixel_decoder.norms.2.weight', 'detector.segmentation_head.pixel_decoder.conv_layers.0.weight', 'detector.segmentation_head.pixel_decoder.norms.0.weight', 'detector.segmentation_head.mask_predictor.mask_embed.layers.0.bias', 'detector.segmentation_head.pixel_decoder.conv_layers.1.bias', 'detector.segmentation_head.cross_attend_prompt.in_proj_bias', 'detector.segmentation_head.mask_predictor.mask_embed.layers.1.weight', 'detector.segmentation_head.cross_attend_prompt.out_proj.bias', 'detector.segmentation_head.instance_seg_head.bias', 'detector.segmentation_head.semantic_seg_head.weight', 'detector.segmentation_head.pixel_decoder.norms.2.bias', 'detector.segmentation_head.mask_predictor.mask_embed.layers.2.weight', 'detector.segmentation_head.cross_attend_prompt.out_proj.weight', 'detector.segmentation_head.cross_attn_norm.weight', 'detector.segmentation_head.pixel_decoder.conv_layers.2.weight', 'detector.segmentation_head.mask_predictor.mask_embed.layers.1.bias', 'detector.segmentation_head.pixel_decoder.norms.1.bias'}
INFO 2026-05-16 22:17:24,810 optimizer.py: 244: Matches for param_name [detector.transformer.decoder.*]: {'detector.transformer.decoder.layers.1.linear2.bias', 'detector.transformer.decoder.layers.5.cross_attn.out_proj.weight', 'detector.transformer.decoder.layers.5.cross_attn.in_proj_weight', 'detector.transformer.decoder.layers.4.catext_norm.weight', 'detector.transformer.decoder.query_embed.weight', 'detector.transformer.decoder.layers.0.self_attn.in_proj_weight', 'detector.transformer.decoder.layers.5.linear1.weight', 'detector.transformer.decoder.layers.4.self_attn.in_proj_weight', 'detector.transformer.decoder.layers.3.ca_text.out_proj.bias', 'detector.transformer.decoder.presence_token_out_norm.weight', 'detector.transformer.decoder.layers.2.catext_norm.bias', 'detector.transformer.decoder.layers.4.norm1.weight', 'detector.transformer.decoder.layers.1.cross_attn.out_proj.bias', 'detector.transformer.decoder.layers.3.self_attn.out_proj.weight', 'detector.transformer.decoder.layers.2.ca_text.out_proj.bias', 'detector.transformer.decoder.presence_token_head.layers.0.weight', 'detector.transformer.decoder.layers.5.ca_text.in_proj_bias', 'detector.transformer.decoder.layers.2.linear2.bias', 'detector.transformer.decoder.layers.3.cross_attn.in_proj_bias', 'detector.transformer.decoder.layers.4.norm1.bias', 'detector.transformer.decoder.layers.4.ca_text.in_proj_weight', 'detector.transformer.decoder.reference_points.weight', 'detector.transformer.decoder.layers.0.linear1.weight', 'detector.transformer.decoder.layers.1.norm1.bias', 'detector.transformer.decoder.layers.5.ca_text.out_proj.weight', 'detector.transformer.decoder.layers.5.norm1.bias', 'detector.transformer.decoder.layers.3.cross_attn.in_proj_weight', 'detector.transformer.decoder.layers.0.cross_attn.out_proj.bias', 'detector.transformer.decoder.layers.4.linear1.weight', 'detector.transformer.decoder.layers.0.norm1.bias', 'detector.transformer.decoder.layers.3.ca_text.in_proj_bias', 'detector.transformer.decoder.layers.3.cross_attn.out_proj.bias', 'detector.transformer.decoder.layers.2.cross_attn.out_proj.weight', 'detector.transformer.decoder.presence_token_head.layers.2.weight', 'detector.transformer.decoder.layers.2.linear1.weight', 'detector.transformer.decoder.layers.0.norm2.bias', 'detector.transformer.decoder.layers.0.linear2.bias', 'detector.transformer.decoder.layers.1.self_attn.in_proj_bias', 'detector.transformer.decoder.layers.0.ca_text.in_proj_weight', 'detector.transformer.decoder.layers.0.norm3.bias', 'detector.transformer.decoder.ref_point_head.layers.0.weight', 'detector.transformer.decoder.layers.0.catext_norm.bias', 'detector.transformer.decoder.layers.2.cross_attn.out_proj.bias', 'detector.transformer.decoder.layers.3.norm2.weight', 'detector.transformer.decoder.layers.0.cross_attn.in_proj_weight', 'detector.transformer.decoder.boxRPB_embed_x.layers.0.weight', 'detector.transformer.decoder.layers.1.self_attn.out_proj.bias', 'detector.transformer.decoder.layers.4.ca_text.out_proj.bias', 'detector.transformer.decoder.layers.0.norm1.weight', 'detector.transformer.decoder.layers.3.norm3.weight', 'detector.transformer.decoder.bbox_embed.layers.1.weight', 'detector.transformer.decoder.layers.4.cross_attn.in_proj_bias', 'detector.transformer.decoder.layers.1.norm3.weight', 'detector.transformer.decoder.boxRPB_embed_y.layers.1.weight', 'detector.transformer.decoder.layers.5.norm3.bias', 'detector.transformer.decoder.layers.1.linear1.weight', 'detector.transformer.decoder.presence_token_head.layers.1.bias', 'detector.transformer.decoder.layers.0.cross_attn.out_proj.weight', 'detector.transformer.decoder.layers.0.norm3.weight', 'detector.transformer.decoder.layers.4.cross_attn.out_proj.bias', 'detector.transformer.decoder.layers.5.self_attn.out_proj.weight', 'detector.transformer.decoder.layers.5.self_attn.out_proj.bias', 'detector.transformer.decoder.layers.5.cross_attn.in_proj_bias', 'detector.transformer.decoder.layers.0.cross_attn.in_proj_bias', 'detector.transformer.decoder.layers.1.norm2.bias', 'detector.transformer.decoder.layers.1.cross_attn.in_proj_weight', 'detector.transformer.decoder.layers.1.catext_norm.bias', 'detector.transformer.decoder.bbox_embed.layers.0.weight', 'detector.transformer.decoder.layers.3.cross_attn.out_proj.weight', 'detector.transformer.decoder.bbox_embed.layers.2.weight', 'detector.transformer.decoder.presence_token_head.layers.1.weight', 'detector.transformer.decoder.layers.2.ca_text.out_proj.weight', 'detector.transformer.decoder.layers.5.catext_norm.weight', 'detector.transformer.decoder.layers.4.linear2.weight', 'detector.transformer.decoder.layers.4.norm2.bias', 'detector.transformer.decoder.layers.5.norm3.weight', 'detector.transformer.decoder.layers.3.norm2.bias', 'detector.transformer.decoder.ref_point_head.layers.1.bias', 'detector.transformer.decoder.layers.1.norm2.weight', 'detector.transformer.decoder.layers.4.ca_text.in_proj_bias', 'detector.transformer.decoder.layers.4.norm3.weight', 'detector.transformer.decoder.presence_token.weight', 'detector.transformer.decoder.layers.1.ca_text.out_proj.bias', 'detector.transformer.decoder.layers.2.self_attn.in_proj_weight', 'detector.transformer.decoder.layers.2.ca_text.in_proj_bias', 'detector.transformer.decoder.layers.4.linear2.bias', 'detector.transformer.decoder.layers.4.cross_attn.out_proj.weight', 'detector.transformer.decoder.ref_point_head.layers.0.bias', 'detector.transformer.decoder.ref_point_head.layers.1.weight', 'detector.transformer.decoder.layers.1.linear2.weight', 'detector.transformer.decoder.layers.3.norm3.bias', 'detector.transformer.decoder.layers.0.ca_text.in_proj_bias', 'detector.transformer.decoder.layers.5.norm2.weight', 'detector.transformer.decoder.layers.1.self_attn.in_proj_weight', 'detector.transformer.decoder.layers.1.ca_text.in_proj_bias', 'detector.transformer.decoder.layers.4.cross_attn.in_proj_weight', 'detector.transformer.decoder.presence_token_head.layers.2.bias', 'detector.transformer.decoder.norm.bias', 'detector.transformer.decoder.layers.4.self_attn.out_proj.bias', 'detector.transformer.decoder.layers.2.linear2.weight', 'detector.transformer.decoder.layers.3.norm1.bias', 'detector.transformer.decoder.layers.0.linear2.weight', 'detector.transformer.decoder.bbox_embed.layers.1.bias', 'detector.transformer.decoder.layers.4.linear1.bias', 'detector.transformer.decoder.layers.1.catext_norm.weight', 'detector.transformer.decoder.layers.3.linear2.bias', 'detector.transformer.decoder.layers.0.ca_text.out_proj.weight', 'detector.transformer.decoder.layers.1.cross_attn.out_proj.weight', 'detector.transformer.decoder.layers.5.norm2.bias', 'detector.transformer.decoder.layers.1.ca_text.out_proj.weight', 'detector.transformer.decoder.layers.4.self_attn.out_proj.weight', 'detector.transformer.decoder.boxRPB_embed_y.layers.0.weight', 'detector.transformer.decoder.layers.0.norm2.weight', 'detector.transformer.decoder.layers.2.norm1.bias', 'detector.transformer.decoder.layers.5.ca_text.in_proj_weight', 'detector.transformer.decoder.layers.2.cross_attn.in_proj_weight', 'detector.transformer.decoder.layers.5.self_attn.in_proj_bias', 'detector.transformer.decoder.layers.5.cross_attn.out_proj.bias', 'detector.transformer.decoder.layers.0.self_attn.out_proj.bias', 'detector.transformer.decoder.layers.3.ca_text.out_proj.weight', 'detector.transformer.decoder.layers.4.norm3.bias', 'detector.transformer.decoder.layers.1.cross_attn.in_proj_bias', 'detector.transformer.decoder.layers.3.norm1.weight', 'detector.transformer.decoder.layers.3.linear1.weight', 'detector.transformer.decoder.layers.3.linear1.bias', 'detector.transformer.decoder.layers.4.self_attn.in_proj_bias', 'detector.transformer.decoder.layers.0.catext_norm.weight', 'detector.transformer.decoder.layers.2.cross_attn.in_proj_bias', 'detector.transformer.decoder.boxRPB_embed_x.layers.0.bias', 'detector.transformer.decoder.layers.1.ca_text.in_proj_weight', 'detector.transformer.decoder.layers.0.self_attn.in_proj_bias', 'detector.transformer.decoder.boxRPB_embed_y.layers.1.bias', 'detector.transformer.decoder.layers.2.ca_text.in_proj_weight', 'detector.transformer.decoder.layers.5.self_attn.in_proj_weight', 'detector.transformer.decoder.presence_token_out_norm.bias', 'detector.transformer.decoder.layers.5.linear2.weight', 'detector.transformer.decoder.layers.3.ca_text.in_proj_weight', 'detector.transformer.decoder.bbox_embed.layers.0.bias', 'detector.transformer.decoder.layers.2.norm1.weight', 'detector.transformer.decoder.presence_token_head.layers.0.bias', 'detector.transformer.decoder.layers.3.self_attn.in_proj_bias', 'detector.transformer.decoder.layers.2.self_attn.in_proj_bias', 'detector.transformer.decoder.layers.0.linear1.bias', 'detector.transformer.decoder.layers.3.linear2.weight', 'detector.transformer.decoder.boxRPB_embed_y.layers.0.bias', 'detector.transformer.decoder.layers.2.norm2.weight', 'detector.transformer.decoder.layers.5.linear2.bias', 'detector.transformer.decoder.layers.2.norm2.bias', 'detector.transformer.decoder.norm.weight', 'detector.transformer.decoder.boxRPB_embed_x.layers.1.weight', 'detector.transformer.decoder.layers.4.norm2.weight', 'detector.transformer.decoder.layers.0.ca_text.out_proj.bias', 'detector.transformer.decoder.layers.5.catext_norm.bias', 'detector.transformer.decoder.layers.5.linear1.bias', 'detector.transformer.decoder.bbox_embed.layers.2.bias', 'detector.transformer.decoder.boxRPB_embed_x.layers.1.bias', 'detector.transformer.decoder.layers.4.ca_text.out_proj.weight', 'detector.transformer.decoder.layers.2.self_attn.out_proj.weight', 'detector.transformer.decoder.layers.2.self_attn.out_proj.bias', 'detector.transformer.decoder.layers.5.ca_text.out_proj.bias', 'detector.transformer.decoder.layers.2.norm3.weight', 'detector.transformer.decoder.layers.1.norm1.weight', 'detector.transformer.decoder.layers.2.norm3.bias', 'detector.transformer.decoder.layers.0.self_attn.out_proj.weight', 'detector.transformer.decoder.layers.1.self_attn.out_proj.weight', 'detector.transformer.decoder.layers.4.catext_norm.bias', 'detector.transformer.decoder.layers.1.linear1.bias', 'detector.transformer.decoder.layers.1.norm3.bias', 'detector.transformer.decoder.layers.5.norm1.weight', 'detector.transformer.decoder.layers.3.catext_norm.bias', 'detector.transformer.decoder.layers.2.linear1.bias', 'detector.transformer.decoder.layers.3.self_attn.out_proj.bias', 'detector.transformer.decoder.layers.3.self_attn.in_proj_weight', 'detector.transformer.decoder.layers.3.catext_norm.weight', 'detector.transformer.decoder.layers.2.catext_norm.weight'}
INFO 2026-05-16 22:17:24,818 optimizer.py: 244: Matches for param_name [detector.dot_prod_scoring.*]: {'detector.dot_prod_scoring.prompt_mlp.layers.0.weight', 'detector.dot_prod_scoring.hs_proj.bias', 'detector.dot_prod_scoring.hs_proj.weight', 'detector.dot_prod_scoring.prompt_mlp.layers.1.weight', 'detector.dot_prod_scoring.prompt_mlp.out_norm.weight', 'detector.dot_prod_scoring.prompt_proj.weight', 'detector.dot_prod_scoring.prompt_mlp.layers.0.bias', 'detector.dot_prod_scoring.prompt_mlp.out_norm.bias', 'detector.dot_prod_scoring.prompt_mlp.layers.1.bias', 'detector.dot_prod_scoring.prompt_proj.bias'}
INFO 2026-05-16 22:17:24,819 optimizer.py: 244: Matches for param_name [tracker.sam_mask_decoder.*]: {'tracker.sam_mask_decoder.conv_s0.weight', 'tracker.sam_mask_decoder.iou_prediction_head.layers.0.bias', 'tracker.sam_mask_decoder.transformer.layers.0.cross_attn_image_to_token.v_proj.weight', 'tracker.sam_mask_decoder.transformer.layers.0.cross_attn_token_to_image.k_proj.weight', 'tracker.sam_mask_decoder.output_hypernetworks_mlps.1.layers.1.bias', 'tracker.sam_mask_decoder.iou_token.weight', 'tracker.sam_mask_decoder.transformer.final_attn_token_to_image.v_proj.bias', 'tracker.sam_mask_decoder.transformer.layers.1.cross_attn_token_to_image.k_proj.bias', 'tracker.sam_mask_decoder.transformer.layers.0.self_attn.out_proj.bias', 'tracker.sam_mask_decoder.transformer.layers.1.cross_attn_token_to_image.v_proj.bias', 'tracker.sam_mask_decoder.transformer.layers.1.norm3.weight', 'tracker.sam_mask_decoder.output_hypernetworks_mlps.2.layers.0.weight', 'tracker.sam_mask_decoder.transformer.layers.0.norm2.weight', 'tracker.sam_mask_decoder.pred_obj_score_head.layers.2.bias', 'tracker.sam_mask_decoder.transformer.layers.1.self_attn.out_proj.bias', 'tracker.sam_mask_decoder.transformer.final_attn_token_to_image.out_proj.bias', 'tracker.sam_mask_decoder.transformer.layers.0.cross_attn_token_to_image.q_proj.bias', 'tracker.sam_mask_decoder.transformer.layers.1.cross_attn_token_to_image.q_proj.bias', 'tracker.sam_mask_decoder.iou_prediction_head.layers.2.bias', 'tracker.sam_mask_decoder.output_upscaling.0.bias', 'tracker.sam_mask_decoder.transformer.layers.0.cross_attn_token_to_image.out_proj.weight', 'tracker.sam_mask_decoder.transformer.layers.1.cross_attn_image_to_token.v_proj.bias', 'tracker.sam_mask_decoder.output_hypernetworks_mlps.2.layers.1.bias', 'tracker.sam_mask_decoder.transformer.layers.0.cross_attn_token_to_image.v_proj.bias', 'tracker.sam_mask_decoder.output_hypernetworks_mlps.3.layers.1.weight', 'tracker.sam_mask_decoder.pred_obj_score_head.layers.1.bias', 'tracker.sam_mask_decoder.output_upscaling.1.bias', 'tracker.sam_mask_decoder.transformer.layers.0.self_attn.k_proj.weight', 'tracker.sam_mask_decoder.transformer.layers.1.norm1.bias', 'tracker.sam_mask_decoder.transformer.layers.1.cross_attn_image_to_token.v_proj.weight', 'tracker.sam_mask_decoder.transformer.layers.0.mlp.lin1.bias', 'tracker.sam_mask_decoder.iou_prediction_head.layers.1.weight', 'tracker.sam_mask_decoder.transformer.layers.1.cross_attn_image_to_token.q_proj.bias', 'tracker.sam_mask_decoder.transformer.layers.1.cross_attn_image_to_token.k_proj.weight', 'tracker.sam_mask_decoder.transformer.layers.1.self_attn.v_proj.bias', 'tracker.sam_mask_decoder.transformer.layers.0.norm2.bias', 'tracker.sam_mask_decoder.transformer.final_attn_token_to_image.out_proj.weight', 'tracker.sam_mask_decoder.transformer.layers.1.self_attn.q_proj.weight', 'tracker.sam_mask_decoder.conv_s1.bias', 'tracker.sam_mask_decoder.transformer.layers.0.cross_attn_image_to_token.k_proj.bias', 'tracker.sam_mask_decoder.iou_prediction_head.layers.1.bias', 'tracker.sam_mask_decoder.transformer.layers.0.norm1.weight', 'tracker.sam_mask_decoder.transformer.layers.1.cross_attn_token_to_image.out_proj.bias', 'tracker.sam_mask_decoder.iou_prediction_head.layers.2.weight', 'tracker.sam_mask_decoder.transformer.layers.1.cross_attn_image_to_token.out_proj.weight', 'tracker.sam_mask_decoder.transformer.layers.1.self_attn.out_proj.weight', 'tracker.sam_mask_decoder.transformer.layers.0.self_attn.v_proj.weight', 'tracker.sam_mask_decoder.output_hypernetworks_mlps.1.layers.0.weight', 'tracker.sam_mask_decoder.transformer.layers.1.self_attn.k_proj.weight', 'tracker.sam_mask_decoder.output_upscaling.3.weight', 'tracker.sam_mask_decoder.transformer.layers.1.cross_attn_token_to_image.out_proj.weight', 'tracker.sam_mask_decoder.transformer.layers.0.self_attn.q_proj.weight', 'tracker.sam_mask_decoder.output_hypernetworks_mlps.1.layers.2.bias', 'tracker.sam_mask_decoder.transformer.layers.1.norm4.bias', 'tracker.sam_mask_decoder.transformer.norm_final_attn.weight', 'tracker.sam_mask_decoder.output_hypernetworks_mlps.3.layers.0.bias', 'tracker.sam_mask_decoder.output_hypernetworks_mlps.0.layers.2.bias', 'tracker.sam_mask_decoder.obj_score_token.weight', 'tracker.sam_mask_decoder.mask_tokens.weight', 'tracker.sam_mask_decoder.transformer.norm_final_attn.bias', 'tracker.sam_mask_decoder.transformer.layers.0.cross_attn_image_to_token.v_proj.bias', 'tracker.sam_mask_decoder.output_hypernetworks_mlps.0.layers.1.weight', 'tracker.sam_mask_decoder.transformer.layers.1.mlp.lin2.bias', 'tracker.sam_mask_decoder.output_hypernetworks_mlps.1.layers.1.weight', 'tracker.sam_mask_decoder.output_hypernetworks_mlps.3.layers.0.weight', 'tracker.sam_mask_decoder.transformer.layers.1.mlp.lin2.weight', 'tracker.sam_mask_decoder.iou_prediction_head.layers.0.weight', 'tracker.sam_mask_decoder.transformer.layers.0.cross_attn_image_to_token.out_proj.bias', 'tracker.sam_mask_decoder.output_upscaling.3.bias', 'tracker.sam_mask_decoder.transformer.layers.0.cross_attn_image_to_token.out_proj.weight', 'tracker.sam_mask_decoder.transformer.layers.1.mlp.lin1.bias', 'tracker.sam_mask_decoder.transformer.layers.1.cross_attn_token_to_image.v_proj.weight', 'tracker.sam_mask_decoder.output_hypernetworks_mlps.2.layers.1.weight', 'tracker.sam_mask_decoder.conv_s0.bias', 'tracker.sam_mask_decoder.transformer.layers.1.norm4.weight', 'tracker.sam_mask_decoder.pred_obj_score_head.layers.1.weight', 'tracker.sam_mask_decoder.output_hypernetworks_mlps.3.layers.2.bias', 'tracker.sam_mask_decoder.transformer.final_attn_token_to_image.q_proj.bias', 'tracker.sam_mask_decoder.output_upscaling.1.weight', 'tracker.sam_mask_decoder.transformer.layers.0.norm1.bias', 'tracker.sam_mask_decoder.pred_obj_score_head.layers.0.bias', 'tracker.sam_mask_decoder.transformer.layers.0.norm3.weight', 'tracker.sam_mask_decoder.transformer.layers.0.mlp.lin2.bias', 'tracker.sam_mask_decoder.transformer.final_attn_token_to_image.k_proj.weight', 'tracker.sam_mask_decoder.transformer.layers.1.self_attn.v_proj.weight', 'tracker.sam_mask_decoder.output_hypernetworks_mlps.1.layers.2.weight', 'tracker.sam_mask_decoder.transformer.layers.1.self_attn.k_proj.bias', 'tracker.sam_mask_decoder.transformer.layers.0.cross_attn_token_to_image.out_proj.bias', 'tracker.sam_mask_decoder.output_hypernetworks_mlps.2.layers.2.bias', 'tracker.sam_mask_decoder.transformer.layers.0.cross_attn_image_to_token.q_proj.bias', 'tracker.sam_mask_decoder.transformer.layers.0.mlp.lin2.weight', 'tracker.sam_mask_decoder.transformer.layers.1.cross_attn_token_to_image.k_proj.weight', 'tracker.sam_mask_decoder.transformer.final_attn_token_to_image.k_proj.bias', 'tracker.sam_mask_decoder.transformer.layers.1.cross_attn_token_to_image.q_proj.weight', 'tracker.sam_mask_decoder.transformer.layers.0.self_attn.out_proj.weight', 'tracker.sam_mask_decoder.transformer.layers.0.self_attn.q_proj.bias', 'tracker.sam_mask_decoder.output_hypernetworks_mlps.2.layers.0.bias', 'tracker.sam_mask_decoder.transformer.layers.1.norm2.bias', 'tracker.sam_mask_decoder.output_hypernetworks_mlps.0.layers.2.weight', 'tracker.sam_mask_decoder.output_hypernetworks_mlps.0.layers.0.bias', 'tracker.sam_mask_decoder.transformer.layers.0.mlp.lin1.weight', 'tracker.sam_mask_decoder.transformer.layers.0.cross_attn_token_to_image.k_proj.bias', 'tracker.sam_mask_decoder.output_hypernetworks_mlps.0.layers.1.bias', 'tracker.sam_mask_decoder.output_hypernetworks_mlps.3.layers.2.weight', 'tracker.sam_mask_decoder.transformer.layers.1.cross_attn_image_to_token.out_proj.bias', 'tracker.sam_mask_decoder.transformer.final_attn_token_to_image.q_proj.weight', 'tracker.sam_mask_decoder.pred_obj_score_head.layers.2.weight', 'tracker.sam_mask_decoder.transformer.final_attn_token_to_image.v_proj.weight', 'tracker.sam_mask_decoder.output_hypernetworks_mlps.0.layers.0.weight', 'tracker.sam_mask_decoder.transformer.layers.0.norm4.weight', 'tracker.sam_mask_decoder.transformer.layers.1.mlp.lin1.weight', 'tracker.sam_mask_decoder.transformer.layers.1.norm1.weight', 'tracker.sam_mask_decoder.transformer.layers.0.cross_attn_image_to_token.k_proj.weight', 'tracker.sam_mask_decoder.transformer.layers.1.cross_attn_image_to_token.k_proj.bias', 'tracker.sam_mask_decoder.transformer.layers.1.norm2.weight', 'tracker.sam_mask_decoder.transformer.layers.0.norm4.bias', 'tracker.sam_mask_decoder.transformer.layers.0.self_attn.k_proj.bias', 'tracker.sam_mask_decoder.transformer.layers.0.cross_attn_image_to_token.q_proj.weight', 'tracker.sam_mask_decoder.pred_obj_score_head.layers.0.weight', 'tracker.sam_mask_decoder.output_upscaling.0.weight', 'tracker.sam_mask_decoder.output_hypernetworks_mlps.3.layers.1.bias', 'tracker.sam_mask_decoder.transformer.layers.0.norm3.bias', 'tracker.sam_mask_decoder.output_hypernetworks_mlps.1.layers.0.bias', 'tracker.sam_mask_decoder.transformer.layers.1.norm3.bias', 'tracker.sam_mask_decoder.transformer.layers.0.cross_attn_token_to_image.q_proj.weight', 'tracker.sam_mask_decoder.output_hypernetworks_mlps.2.layers.2.weight', 'tracker.sam_mask_decoder.transformer.layers.0.cross_attn_token_to_image.v_proj.weight', 'tracker.sam_mask_decoder.transformer.layers.1.self_attn.q_proj.bias', 'tracker.sam_mask_decoder.transformer.layers.0.self_attn.v_proj.bias', 'tracker.sam_mask_decoder.transformer.layers.1.cross_attn_image_to_token.q_proj.weight', 'tracker.sam_mask_decoder.conv_s1.weight'}
INFO 2026-05-16 22:17:24,827 optimizer.py: 244: Matches for param_name [detector.backbone.vision_backbone.*]: {'detector.backbone.vision_backbone.trunk.blocks.13.attn.qkv.weight', 'detector.backbone.vision_backbone.trunk.blocks.10.norm1.bias', 'detector.backbone.vision_backbone.trunk.blocks.29.attn.qkv.weight', 'detector.backbone.vision_backbone.trunk.blocks.18.norm1.bias', 'detector.backbone.vision_backbone.trunk.blocks.6.attn.qkv.bias', 'detector.backbone.vision_backbone.sam2_convs.3.conv_3x3.bias', 'detector.backbone.vision_backbone.trunk.blocks.4.attn.proj.bias', 'detector.backbone.vision_backbone.trunk.blocks.7.mlp.fc2.weight', 'detector.backbone.vision_backbone.trunk.blocks.19.mlp.fc1.bias', 'detector.backbone.vision_backbone.trunk.blocks.31.mlp.fc1.weight', 'detector.backbone.vision_backbone.trunk.blocks.9.mlp.fc1.bias', 'detector.backbone.vision_backbone.trunk.blocks.8.attn.proj.weight', 'detector.backbone.vision_backbone.trunk.blocks.16.mlp.fc1.weight', 'detector.backbone.vision_backbone.trunk.blocks.0.attn.proj.weight', 'detector.backbone.vision_backbone.trunk.blocks.0.norm1.bias', 'detector.backbone.vision_backbone.trunk.blocks.26.norm1.bias', 'detector.backbone.vision_backbone.sam2_convs.0.dconv_2x2_0.bias', 'detector.backbone.vision_backbone.trunk.blocks.3.attn.qkv.weight', 'detector.backbone.vision_backbone.trunk.blocks.11.mlp.fc2.bias', 'detector.backbone.vision_backbone.sam2_convs.0.dconv_2x2_0.weight', 'detector.backbone.vision_backbone.trunk.blocks.29.attn.proj.weight', 'detector.backbone.vision_backbone.trunk.blocks.11.mlp.fc1.bias', 'detector.backbone.vision_backbone.trunk.blocks.17.mlp.fc2.weight', 'detector.backbone.vision_backbone.trunk.blocks.8.mlp.fc2.weight', 'detector.backbone.vision_backbone.trunk.blocks.24.mlp.fc1.bias', 'detector.backbone.vision_backbone.trunk.blocks.1.mlp.fc2.bias', 'detector.backbone.vision_backbone.trunk.blocks.5.mlp.fc1.bias', 'detector.backbone.vision_backbone.trunk.blocks.18.attn.proj.weight', 'detector.backbone.vision_backbone.trunk.blocks.3.attn.qkv.bias', 'detector.backbone.vision_backbone.convs.2.conv_3x3.weight', 'detector.backbone.vision_backbone.trunk.blocks.21.attn.proj.bias', 'detector.backbone.vision_backbone.trunk.blocks.20.mlp.fc1.weight', 'detector.backbone.vision_backbone.trunk.blocks.20.attn.proj.bias', 'detector.backbone.vision_backbone.trunk.blocks.3.mlp.fc1.bias', 'detector.backbone.vision_backbone.trunk.blocks.20.mlp.fc2.bias', 'detector.backbone.vision_backbone.trunk.blocks.3.attn.proj.weight', 'detector.backbone.vision_backbone.trunk.blocks.18.norm2.bias', 'detector.backbone.vision_backbone.trunk.blocks.6.mlp.fc1.weight', 'detector.backbone.vision_backbone.trunk.blocks.18.attn.qkv.weight', 'detector.backbone.vision_backbone.convs.0.conv_1x1.bias', 'detector.backbone.vision_backbone.trunk.blocks.28.attn.proj.bias', 'detector.backbone.vision_backbone.trunk.blocks.28.norm1.bias', 'detector.backbone.vision_backbone.trunk.blocks.27.norm1.weight', 'detector.backbone.vision_backbone.trunk.blocks.31.norm2.weight', 'detector.backbone.vision_backbone.trunk.blocks.20.attn.proj.weight', 'detector.backbone.vision_backbone.trunk.blocks.17.attn.proj.weight', 'detector.backbone.vision_backbone.trunk.blocks.25.norm2.bias', 'detector.backbone.vision_backbone.trunk.blocks.1.attn.proj.bias', 'detector.backbone.vision_backbone.convs.1.conv_3x3.weight', 'detector.backbone.vision_backbone.trunk.blocks.27.attn.proj.weight', 'detector.backbone.vision_backbone.trunk.blocks.14.norm1.bias', 'detector.backbone.vision_backbone.trunk.blocks.24.mlp.fc2.weight', 'detector.backbone.vision_backbone.trunk.pos_embed', 'detector.backbone.vision_backbone.trunk.blocks.5.norm2.weight', 'detector.backbone.vision_backbone.trunk.blocks.21.attn.proj.weight', 'detector.backbone.vision_backbone.trunk.blocks.28.norm2.bias', 'detector.backbone.vision_backbone.trunk.blocks.22.attn.qkv.bias', 'detector.backbone.vision_backbone.trunk.blocks.2.attn.qkv.bias', 'detector.backbone.vision_backbone.trunk.blocks.31.attn.qkv.weight', 'detector.backbone.vision_backbone.convs.0.dconv_2x2_0.weight', 'detector.backbone.vision_backbone.trunk.blocks.16.norm2.bias', 'detector.backbone.vision_backbone.trunk.blocks.28.mlp.fc1.weight', 'detector.backbone.vision_backbone.sam2_convs.0.dconv_2x2_1.weight', 'detector.backbone.vision_backbone.convs.3.conv_3x3.weight', 'detector.backbone.vision_backbone.trunk.blocks.25.mlp.fc2.bias', 'detector.backbone.vision_backbone.trunk.blocks.16.norm2.weight', 'detector.backbone.vision_backbone.trunk.blocks.4.norm2.bias', 'detector.backbone.vision_backbone.trunk.blocks.18.mlp.fc1.weight', 'detector.backbone.vision_backbone.trunk.blocks.24.attn.qkv.weight', 'detector.backbone.vision_backbone.trunk.blocks.14.norm2.bias', 'detector.backbone.vision_backbone.trunk.blocks.14.attn.qkv.weight', 'detector.backbone.vision_backbone.trunk.blocks.21.norm1.weight', 'detector.backbone.vision_backbone.trunk.blocks.26.mlp.fc1.bias', 'detector.backbone.vision_backbone.trunk.blocks.2.mlp.fc1.weight', 'detector.backbone.vision_backbone.trunk.blocks.13.norm1.weight', 'detector.backbone.vision_backbone.trunk.blocks.13.mlp.fc1.weight', 'detector.backbone.vision_backbone.trunk.blocks.6.attn.proj.bias', 'detector.backbone.vision_backbone.sam2_convs.1.dconv_2x2.bias', 'detector.backbone.vision_backbone.trunk.blocks.23.attn.proj.weight', 'detector.backbone.vision_backbone.trunk.blocks.21.norm2.weight', 'detector.backbone.vision_backbone.trunk.blocks.8.norm2.bias', 'detector.backbone.vision_backbone.trunk.blocks.9.attn.qkv.bias', 'detector.backbone.vision_backbone.trunk.blocks.13.attn.qkv.bias', 'detector.backbone.vision_backbone.trunk.blocks.6.norm1.bias', 'detector.backbone.vision_backbone.trunk.blocks.27.mlp.fc2.bias', 'detector.backbone.vision_backbone.sam2_convs.0.conv_1x1.weight', 'detector.backbone.vision_backbone.trunk.blocks.11.attn.proj.weight', 'detector.backbone.vision_backbone.sam2_convs.3.conv_1x1.bias', 'detector.backbone.vision_backbone.trunk.blocks.27.attn.qkv.bias', 'detector.backbone.vision_backbone.trunk.blocks.14.mlp.fc2.weight', 'detector.backbone.vision_backbone.trunk.blocks.30.mlp.fc1.weight', 'detector.backbone.vision_backbone.trunk.blocks.19.norm2.bias', 'detector.backbone.vision_backbone.trunk.blocks.25.attn.proj.bias', 'detector.backbone.vision_backbone.trunk.blocks.30.norm1.weight', 'detector.backbone.vision_backbone.trunk.blocks.18.norm2.weight', 'detector.backbone.vision_backbone.trunk.blocks.0.norm1.weight', 'detector.backbone.vision_backbone.trunk.blocks.28.mlp.fc2.weight', 'detector.backbone.vision_backbone.trunk.blocks.6.mlp.fc2.bias', 'detector.backbone.vision_backbone.trunk.blocks.4.norm2.weight', 'detector.backbone.vision_backbone.trunk.blocks.31.mlp.fc2.bias', 'detector.backbone.vision_backbone.trunk.blocks.12.mlp.fc1.bias', 'detector.backbone.vision_backbone.trunk.blocks.22.mlp.fc2.bias', 'detector.backbone.vision_backbone.trunk.blocks.0.mlp.fc2.bias', 'detector.backbone.vision_backbone.trunk.blocks.21.mlp.fc1.bias', 'detector.backbone.vision_backbone.trunk.blocks.28.attn.qkv.bias', 'detector.backbone.vision_backbone.trunk.blocks.31.attn.proj.weight', 'detector.backbone.vision_backbone.trunk.blocks.23.attn.qkv.weight', 'detector.backbone.vision_backbone.trunk.blocks.20.norm2.weight', 'detector.backbone.vision_backbone.trunk.blocks.16.attn.proj.weight', 'detector.backbone.vision_backbone.trunk.blocks.27.norm2.weight', 'detector.backbone.vision_backbone.trunk.blocks.2.attn.proj.bias', 'detector.backbone.vision_backbone.trunk.blocks.21.attn.qkv.weight', 'detector.backbone.vision_backbone.sam2_convs.1.conv_1x1.weight', 'detector.backbone.vision_backbone.trunk.blocks.15.norm1.bias', 'detector.backbone.vision_backbone.trunk.blocks.9.norm1.bias', 'detector.backbone.vision_backbone.trunk.blocks.5.attn.proj.weight', 'detector.backbone.vision_backbone.sam2_convs.3.conv_3x3.weight', 'detector.backbone.vision_backbone.trunk.blocks.14.mlp.fc1.bias', 'detector.backbone.vision_backbone.trunk.blocks.26.mlp.fc2.bias', 'detector.backbone.vision_backbone.trunk.blocks.8.mlp.fc1.bias', 'detector.backbone.vision_backbone.trunk.blocks.9.mlp.fc2.weight', 'detector.backbone.vision_backbone.sam2_convs.0.dconv_2x2_1.bias', 'detector.backbone.vision_backbone.trunk.blocks.30.attn.proj.weight', 'detector.backbone.vision_backbone.convs.0.dconv_2x2_0.bias', 'detector.backbone.vision_backbone.trunk.blocks.19.attn.qkv.weight', 'detector.backbone.vision_backbone.trunk.blocks.26.norm2.bias', 'detector.backbone.vision_backbone.trunk.blocks.0.attn.qkv.weight', 'detector.backbone.vision_backbone.trunk.blocks.21.mlp.fc2.weight', 'detector.backbone.vision_backbone.trunk.blocks.5.mlp.fc2.weight', 'detector.backbone.vision_backbone.trunk.ln_pre.weight', 'detector.backbone.vision_backbone.trunk.blocks.29.attn.proj.bias', 'detector.backbone.vision_backbone.trunk.blocks.28.norm2.weight', 'detector.backbone.vision_backbone.trunk.blocks.21.mlp.fc1.weight', 'detector.backbone.vision_backbone.trunk.blocks.30.norm2.bias', 'detector.backbone.vision_backbone.convs.1.dconv_2x2.bias', 'detector.backbone.vision_backbone.trunk.blocks.21.attn.qkv.bias', 'detector.backbone.vision_backbone.trunk.blocks.2.norm2.bias', 'detector.backbone.vision_backbone.trunk.blocks.21.norm1.bias', 'detector.backbone.vision_backbone.trunk.blocks.20.norm2.bias', 'detector.backbone.vision_backbone.trunk.blocks.18.mlp.fc1.bias', 'detector.backbone.vision_backbone.convs.1.conv_1x1.weight', 'detector.backbone.vision_backbone.trunk.blocks.12.norm1.weight', 'detector.backbone.vision_backbone.trunk.blocks.12.norm1.bias', 'detector.backbone.vision_backbone.trunk.blocks.13.norm2.bias', 'detector.backbone.vision_backbone.trunk.blocks.8.norm1.bias', 'detector.backbone.vision_backbone.convs.1.dconv_2x2.weight', 'detector.backbone.vision_backbone.trunk.blocks.10.attn.proj.weight', 'detector.backbone.vision_backbone.trunk.blocks.24.norm1.weight', 'detector.backbone.vision_backbone.trunk.blocks.19.norm1.bias', 'detector.backbone.vision_backbone.sam2_convs.2.conv_1x1.bias', 'detector.backbone.vision_backbone.trunk.blocks.30.attn.proj.bias', 'detector.backbone.vision_backbone.trunk.blocks.31.attn.qkv.bias', 'detector.backbone.vision_backbone.convs.0.dconv_2x2_1.weight', 'detector.backbone.vision_backbone.trunk.blocks.22.attn.proj.bias', 'detector.backbone.vision_backbone.trunk.blocks.11.norm2.weight', 'detector.backbone.vision_backbone.trunk.blocks.25.norm1.bias', 'detector.backbone.vision_backbone.trunk.blocks.2.attn.qkv.weight', 'detector.backbone.vision_backbone.trunk.blocks.20.attn.qkv.bias', 'detector.backbone.vision_backbone.convs.2.conv_3x3.bias', 'detector.backbone.vision_backbone.trunk.blocks.22.norm1.bias', 'detector.backbone.vision_backbone.trunk.blocks.19.mlp.fc2.bias', 'detector.backbone.vision_backbone.trunk.blocks.3.norm2.bias', 'detector.backbone.vision_backbone.trunk.blocks.26.attn.proj.bias', 'detector.backbone.vision_backbone.trunk.blocks.31.norm1.bias', 'detector.backbone.vision_backbone.trunk.blocks.7.mlp.fc1.weight', 'detector.backbone.vision_backbone.trunk.blocks.5.attn.qkv.weight', 'detector.backbone.vision_backbone.trunk.blocks.24.norm2.weight', 'detector.backbone.vision_backbone.trunk.blocks.8.mlp.fc1.weight', 'detector.backbone.vision_backbone.trunk.blocks.23.mlp.fc2.bias', 'detector.backbone.vision_backbone.trunk.blocks.10.attn.qkv.weight', 'detector.backbone.vision_backbone.trunk.blocks.22.mlp.fc1.bias', 'detector.backbone.vision_backbone.trunk.blocks.0.attn.proj.bias', 'detector.backbone.vision_backbone.trunk.blocks.23.attn.proj.bias', 'detector.backbone.vision_backbone.trunk.blocks.7.norm2.weight', 'detector.backbone.vision_backbone.trunk.ln_pre.bias', 'detector.backbone.vision_backbone.trunk.blocks.2.norm1.bias', 'detector.backbone.vision_backbone.trunk.blocks.25.attn.qkv.weight', 'detector.backbone.vision_backbone.trunk.blocks.24.norm2.bias', 'detector.backbone.vision_backbone.trunk.blocks.26.norm1.weight', 'detector.backbone.vision_backbone.trunk.blocks.28.norm1.weight', 'detector.backbone.vision_backbone.trunk.blocks.13.norm2.weight', 'detector.backbone.vision_backbone.trunk.blocks.29.mlp.fc2.bias', 'detector.backbone.vision_backbone.convs.2.conv_1x1.bias', 'detector.backbone.vision_backbone.trunk.blocks.23.mlp.fc1.weight', 'detector.backbone.vision_backbone.trunk.blocks.13.mlp.fc1.bias', 'detector.backbone.vision_backbone.trunk.blocks.11.attn.proj.bias', 'detector.backbone.vision_backbone.trunk.blocks.10.norm1.weight', 'detector.backbone.vision_backbone.trunk.blocks.23.mlp.fc2.weight', 'detector.backbone.vision_backbone.trunk.blocks.8.attn.proj.bias', 'detector.backbone.vision_backbone.trunk.blocks.4.attn.qkv.bias', 'detector.backbone.vision_backbone.trunk.blocks.3.attn.proj.bias', 'detector.backbone.vision_backbone.trunk.patch_embed.proj.weight', 'detector.backbone.vision_backbone.trunk.blocks.7.norm1.weight', 'detector.backbone.vision_backbone.trunk.blocks.12.attn.proj.bias', 'detector.backbone.vision_backbone.trunk.blocks.17.attn.proj.bias', 'detector.backbone.vision_backbone.sam2_convs.2.conv_3x3.weight', 'detector.backbone.vision_backbone.trunk.blocks.1.attn.qkv.weight', 'detector.backbone.vision_backbone.trunk.blocks.19.attn.proj.weight', 'detector.backbone.vision_backbone.trunk.blocks.22.mlp.fc2.weight', 'detector.backbone.vision_backbone.trunk.blocks.6.norm2.bias', 'detector.backbone.vision_backbone.trunk.blocks.27.mlp.fc1.weight', 'detector.backbone.vision_backbone.trunk.blocks.16.attn.qkv.bias', 'detector.backbone.vision_backbone.trunk.blocks.0.norm2.weight', 'detector.backbone.vision_backbone.trunk.blocks.12.mlp.fc2.bias', 'detector.backbone.vision_backbone.trunk.blocks.2.attn.proj.weight', 'detector.backbone.vision_backbone.trunk.blocks.30.mlp.fc1.bias', 'detector.backbone.vision_backbone.trunk.blocks.11.mlp.fc1.weight', 'detector.backbone.vision_backbone.trunk.blocks.10.mlp.fc2.bias', 'detector.backbone.vision_backbone.trunk.blocks.12.mlp.fc2.weight', 'detector.backbone.vision_backbone.trunk.blocks.22.mlp.fc1.weight', 'detector.backbone.vision_backbone.trunk.blocks.23.norm2.weight', 'detector.backbone.vision_backbone.trunk.blocks.22.attn.qkv.weight', 'detector.backbone.vision_backbone.trunk.blocks.4.mlp.fc2.weight', 'detector.backbone.vision_backbone.trunk.blocks.4.mlp.fc2.bias', 'detector.backbone.vision_backbone.convs.3.conv_1x1.weight', 'detector.backbone.vision_backbone.trunk.blocks.7.norm1.bias', 'detector.backbone.vision_backbone.trunk.blocks.30.attn.qkv.bias', 'detector.backbone.vision_backbone.trunk.blocks.8.attn.qkv.bias', 'detector.backbone.vision_backbone.trunk.blocks.6.mlp.fc2.weight', 'detector.backbone.vision_backbone.trunk.blocks.19.attn.proj.bias', 'detector.backbone.vision_backbone.trunk.blocks.14.attn.proj.weight', 'detector.backbone.vision_backbone.trunk.blocks.15.attn.proj.weight', 'detector.backbone.vision_backbone.trunk.blocks.3.norm2.weight', 'detector.backbone.vision_backbone.trunk.blocks.30.mlp.fc2.weight', 'detector.backbone.vision_backbone.trunk.blocks.28.attn.proj.weight', 'detector.backbone.vision_backbone.trunk.blocks.3.norm1.bias', 'detector.backbone.vision_backbone.trunk.blocks.19.mlp.fc2.weight', 'detector.backbone.vision_backbone.trunk.blocks.13.norm1.bias', 'detector.backbone.vision_backbone.trunk.blocks.30.norm1.bias', 'detector.backbone.vision_backbone.trunk.blocks.12.norm2.bias', 'detector.backbone.vision_backbone.trunk.blocks.7.norm2.bias', 'detector.backbone.vision_backbone.trunk.blocks.8.norm1.weight', 'detector.backbone.vision_backbone.trunk.blocks.16.mlp.fc1.bias', 'detector.backbone.vision_backbone.trunk.blocks.4.norm1.weight', 'detector.backbone.vision_backbone.trunk.blocks.4.mlp.fc1.bias', 'detector.backbone.vision_backbone.sam2_convs.3.conv_1x1.weight', 'detector.backbone.vision_backbone.trunk.blocks.29.attn.qkv.bias', 'detector.backbone.vision_backbone.trunk.blocks.26.attn.qkv.bias', 'detector.backbone.vision_backbone.trunk.blocks.14.attn.qkv.bias', 'detector.backbone.vision_backbone.trunk.blocks.4.attn.proj.weight', 'detector.backbone.vision_backbone.trunk.blocks.9.norm1.weight', 'detector.backbone.vision_backbone.trunk.blocks.7.attn.proj.bias', 'detector.backbone.vision_backbone.trunk.blocks.23.mlp.fc1.bias', 'detector.backbone.vision_backbone.trunk.blocks.9.norm2.bias', 'detector.backbone.vision_backbone.trunk.blocks.20.mlp.fc2.weight', 'detector.backbone.vision_backbone.trunk.blocks.6.attn.proj.weight', 'detector.backbone.vision_backbone.trunk.blocks.5.attn.proj.bias', 'detector.backbone.vision_backbone.trunk.blocks.8.mlp.fc2.bias', 'detector.backbone.vision_backbone.trunk.blocks.20.attn.qkv.weight', 'detector.backbone.vision_backbone.trunk.blocks.30.norm2.weight', 'detector.backbone.vision_backbone.trunk.blocks.24.attn.qkv.bias', 'detector.backbone.vision_backbone.trunk.blocks.19.mlp.fc1.weight', 'detector.backbone.vision_backbone.sam2_convs.1.dconv_2x2.weight', 'detector.backbone.vision_backbone.trunk.blocks.15.attn.proj.bias', 'detector.backbone.vision_backbone.trunk.blocks.25.norm2.weight', 'detector.backbone.vision_backbone.trunk.blocks.16.mlp.fc2.bias', 'detector.backbone.vision_backbone.trunk.blocks.8.attn.qkv.weight', 'detector.backbone.vision_backbone.sam2_convs.1.conv_3x3.weight', 'detector.backbone.vision_backbone.trunk.blocks.10.attn.qkv.bias', 'detector.backbone.vision_backbone.trunk.blocks.22.norm2.weight', 'detector.backbone.vision_backbone.trunk.blocks.4.mlp.fc1.weight', 'detector.backbone.vision_backbone.convs.3.conv_3x3.bias', 'detector.backbone.vision_backbone.trunk.blocks.2.norm2.weight', 'detector.backbone.vision_backbone.trunk.blocks.29.mlp.fc1.bias', 'detector.backbone.vision_backbone.trunk.blocks.3.mlp.fc2.bias', 'detector.backbone.vision_backbone.trunk.blocks.18.norm1.weight', 'detector.backbone.vision_backbone.trunk.blocks.0.mlp.fc1.weight', 'detector.backbone.vision_backbone.trunk.blocks.27.norm2.bias', 'detector.backbone.vision_backbone.trunk.blocks.9.mlp.fc1.weight', 'detector.backbone.vision_backbone.trunk.blocks.22.norm2.bias', 'detector.backbone.vision_backbone.trunk.blocks.25.mlp.fc1.bias', 'detector.backbone.vision_backbone.trunk.blocks.30.attn.qkv.weight', 'detector.backbone.vision_backbone.trunk.blocks.27.attn.proj.bias', 'detector.backbone.vision_backbone.convs.0.conv_3x3.bias', 'detector.backbone.vision_backbone.trunk.blocks.10.mlp.fc2.weight', 'detector.backbone.vision_backbone.trunk.blocks.6.norm2.weight', 'detector.backbone.vision_backbone.convs.0.conv_1x1.weight', 'detector.backbone.vision_backbone.trunk.blocks.16.mlp.fc2.weight', 'detector.backbone.vision_backbone.trunk.blocks.15.mlp.fc1.bias', 'detector.backbone.vision_backbone.trunk.blocks.20.mlp.fc1.bias', 'detector.backbone.vision_backbone.trunk.blocks.2.mlp.fc2.bias', 'detector.backbone.vision_backbone.trunk.blocks.11.attn.qkv.weight', 'detector.backbone.vision_backbone.trunk.blocks.12.mlp.fc1.weight', 'detector.backbone.vision_backbone.trunk.blocks.10.norm2.bias', 'detector.backbone.vision_backbone.trunk.blocks.0.mlp.fc1.bias', 'detector.backbone.vision_backbone.trunk.blocks.14.norm2.weight', 'detector.backbone.vision_backbone.trunk.blocks.28.attn.qkv.weight', 'detector.backbone.vision_backbone.trunk.blocks.26.mlp.fc1.weight', 'detector.backbone.vision_backbone.trunk.blocks.24.mlp.fc2.bias', 'detector.backbone.vision_backbone.trunk.blocks.27.mlp.fc1.bias', 'detector.backbone.vision_backbone.trunk.blocks.18.mlp.fc2.weight', 'detector.backbone.vision_backbone.trunk.blocks.11.norm1.weight', 'detector.backbone.vision_backbone.trunk.blocks.21.mlp.fc2.bias', 'detector.backbone.vision_backbone.trunk.blocks.31.mlp.fc2.weight', 'detector.backbone.vision_backbone.trunk.blocks.5.mlp.fc2.bias', 'detector.backbone.vision_backbone.trunk.blocks.24.attn.proj.weight', 'detector.backbone.vision_backbone.trunk.blocks.15.mlp.fc2.bias', 'detector.backbone.vision_backbone.trunk.blocks.17.mlp.fc1.bias', 'detector.backbone.vision_backbone.trunk.blocks.15.mlp.fc2.weight', 'detector.backbone.vision_backbone.convs.1.conv_1x1.bias', 'detector.backbone.vision_backbone.trunk.blocks.3.mlp.fc1.weight', 'detector.backbone.vision_backbone.sam2_convs.0.conv_1x1.bias', 'detector.backbone.vision_backbone.trunk.blocks.29.norm2.bias', 'detector.backbone.vision_backbone.trunk.blocks.19.attn.qkv.bias', 'detector.backbone.vision_backbone.trunk.blocks.25.mlp.fc2.weight', 'detector.backbone.vision_backbone.trunk.blocks.7.attn.proj.weight', 'detector.backbone.vision_backbone.convs.0.conv_3x3.weight', 'detector.backbone.vision_backbone.trunk.blocks.1.norm2.weight', 'detector.backbone.vision_backbone.trunk.blocks.16.attn.proj.bias', 'detector.backbone.vision_backbone.trunk.blocks.29.norm2.weight', 'detector.backbone.vision_backbone.trunk.blocks.14.norm1.weight', 'detector.backbone.vision_backbone.trunk.blocks.9.attn.proj.bias', 'detector.backbone.vision_backbone.trunk.blocks.17.mlp.fc2.bias', 'detector.backbone.vision_backbone.trunk.blocks.11.norm1.bias', 'detector.backbone.vision_backbone.trunk.blocks.1.mlp.fc1.weight', 'detector.backbone.vision_backbone.trunk.blocks.18.attn.proj.bias', 'detector.backbone.vision_backbone.trunk.blocks.13.attn.proj.bias', 'detector.backbone.vision_backbone.trunk.blocks.1.mlp.fc1.bias', 'detector.backbone.vision_backbone.trunk.blocks.3.mlp.fc2.weight', 'detector.backbone.vision_backbone.trunk.blocks.24.attn.proj.bias', 'detector.backbone.vision_backbone.trunk.blocks.17.attn.qkv.weight', 'detector.backbone.vision_backbone.trunk.blocks.9.attn.proj.weight', 'detector.backbone.vision_backbone.trunk.blocks.14.mlp.fc2.bias', 'detector.backbone.vision_backbone.trunk.blocks.28.mlp.fc2.bias', 'detector.backbone.vision_backbone.trunk.blocks.17.norm1.bias', 'detector.backbone.vision_backbone.sam2_convs.1.conv_1x1.bias', 'detector.backbone.vision_backbone.trunk.blocks.15.norm2.weight', 'detector.backbone.vision_backbone.trunk.blocks.9.attn.qkv.weight', 'detector.backbone.vision_backbone.trunk.blocks.25.attn.proj.weight', 'detector.backbone.vision_backbone.trunk.blocks.23.norm1.weight', 'detector.backbone.vision_backbone.trunk.blocks.12.norm2.weight', 'detector.backbone.vision_backbone.sam2_convs.2.conv_1x1.weight', 'detector.backbone.vision_backbone.trunk.blocks.10.mlp.fc1.bias', 'detector.backbone.vision_backbone.trunk.blocks.6.mlp.fc1.bias', 'detector.backbone.vision_backbone.trunk.blocks.27.mlp.fc2.weight', 'detector.backbone.vision_backbone.trunk.blocks.21.norm2.bias', 'detector.backbone.vision_backbone.trunk.blocks.22.attn.proj.weight', 'detector.backbone.vision_backbone.trunk.blocks.4.norm1.bias', 'detector.backbone.vision_backbone.trunk.blocks.10.norm2.weight', 'detector.backbone.vision_backbone.trunk.blocks.16.norm1.bias', 'detector.backbone.vision_backbone.trunk.blocks.15.attn.qkv.bias', 'detector.backbone.vision_backbone.trunk.blocks.4.attn.qkv.weight', 'detector.backbone.vision_backbone.trunk.blocks.1.norm1.weight', 'detector.backbone.vision_backbone.trunk.blocks.27.attn.qkv.weight', 'detector.backbone.vision_backbone.trunk.blocks.24.mlp.fc1.weight', 'detector.backbone.vision_backbone.trunk.blocks.5.mlp.fc1.weight', 'detector.backbone.vision_backbone.trunk.blocks.25.mlp.fc1.weight', 'detector.backbone.vision_backbone.trunk.blocks.26.mlp.fc2.weight', 'detector.backbone.vision_backbone.trunk.blocks.25.attn.qkv.bias', 'detector.backbone.vision_backbone.trunk.blocks.15.mlp.fc1.weight', 'detector.backbone.vision_backbone.trunk.blocks.23.norm1.bias', 'detector.backbone.vision_backbone.trunk.blocks.7.mlp.fc2.bias', 'detector.backbone.vision_backbone.sam2_convs.2.conv_3x3.bias', 'detector.backbone.vision_backbone.trunk.blocks.23.attn.qkv.bias', 'detector.backbone.vision_backbone.trunk.blocks.12.attn.qkv.weight', 'detector.backbone.vision_backbone.trunk.blocks.6.norm1.weight', 'detector.backbone.vision_backbone.trunk.blocks.31.mlp.fc1.bias', 'detector.backbone.vision_backbone.trunk.blocks.30.mlp.fc2.bias', 'detector.backbone.vision_backbone.trunk.blocks.17.norm2.bias', 'detector.backbone.vision_backbone.trunk.blocks.19.norm2.weight', 'detector.backbone.vision_backbone.trunk.blocks.26.attn.proj.weight', 'detector.backbone.vision_backbone.sam2_convs.1.conv_3x3.bias', 'detector.backbone.vision_backbone.trunk.blocks.16.norm1.weight', 'detector.backbone.vision_backbone.convs.3.conv_1x1.bias', 'detector.backbone.vision_backbone.trunk.blocks.22.norm1.weight', 'detector.backbone.vision_backbone.trunk.blocks.23.norm2.bias', 'detector.backbone.vision_backbone.trunk.blocks.17.attn.qkv.bias', 'detector.backbone.vision_backbone.trunk.blocks.8.norm2.weight', 'detector.backbone.vision_backbone.trunk.blocks.31.attn.proj.bias', 'detector.backbone.vision_backbone.trunk.blocks.15.norm2.bias', 'detector.backbone.vision_backbone.trunk.blocks.10.mlp.fc1.weight', 'detector.backbone.vision_backbone.trunk.blocks.0.mlp.fc2.weight', 'detector.backbone.vision_backbone.trunk.blocks.29.mlp.fc2.weight', 'detector.backbone.vision_backbone.trunk.blocks.1.attn.qkv.bias', 'detector.backbone.vision_backbone.trunk.blocks.25.norm1.weight', 'detector.backbone.vision_backbone.trunk.blocks.27.norm1.bias', 'detector.backbone.vision_backbone.trunk.blocks.5.norm1.weight', 'detector.backbone.vision_backbone.trunk.blocks.1.norm2.bias', 'detector.backbone.vision_backbone.trunk.blocks.9.mlp.fc2.bias', 'detector.backbone.vision_backbone.trunk.blocks.7.mlp.fc1.bias', 'detector.backbone.vision_backbone.trunk.blocks.26.norm2.weight', 'detector.backbone.vision_backbone.trunk.blocks.15.norm1.weight', 'detector.backbone.vision_backbone.trunk.blocks.2.mlp.fc1.bias', 'detector.backbone.vision_backbone.trunk.blocks.9.norm2.weight', 'detector.backbone.vision_backbone.trunk.blocks.19.norm1.weight', 'detector.backbone.vision_backbone.trunk.blocks.17.norm2.weight', 'detector.backbone.vision_backbone.trunk.blocks.18.attn.qkv.bias', 'detector.backbone.vision_backbone.trunk.blocks.29.norm1.weight', 'detector.backbone.vision_backbone.trunk.blocks.5.attn.qkv.bias', 'detector.backbone.vision_backbone.trunk.blocks.5.norm2.bias', 'detector.backbone.vision_backbone.trunk.blocks.11.norm2.bias', 'detector.backbone.vision_backbone.trunk.blocks.17.norm1.weight', 'detector.backbone.vision_backbone.trunk.blocks.20.norm1.bias', 'detector.backbone.vision_backbone.trunk.blocks.16.attn.qkv.weight', 'detector.backbone.vision_backbone.trunk.blocks.3.norm1.weight', 'detector.backbone.vision_backbone.trunk.blocks.5.norm1.bias', 'detector.backbone.vision_backbone.trunk.blocks.14.mlp.fc1.weight', 'detector.backbone.vision_backbone.sam2_convs.0.conv_3x3.weight', 'detector.backbone.vision_backbone.trunk.blocks.11.attn.qkv.bias', 'detector.backbone.vision_backbone.trunk.blocks.1.norm1.bias', 'detector.backbone.vision_backbone.convs.1.conv_3x3.bias', 'detector.backbone.vision_backbone.trunk.blocks.12.attn.qkv.bias', 'detector.backbone.vision_backbone.trunk.blocks.18.mlp.fc2.bias', 'detector.backbone.vision_backbone.trunk.blocks.31.norm2.bias', 'detector.backbone.vision_backbone.trunk.blocks.11.mlp.fc2.weight', 'detector.backbone.vision_backbone.trunk.blocks.7.attn.qkv.weight', 'detector.backbone.vision_backbone.trunk.blocks.12.attn.proj.weight', 'detector.backbone.vision_backbone.trunk.blocks.7.attn.qkv.bias', 'detector.backbone.vision_backbone.trunk.blocks.24.norm1.bias', 'detector.backbone.vision_backbone.trunk.blocks.29.mlp.fc1.weight', 'detector.backbone.vision_backbone.trunk.blocks.26.attn.qkv.weight', 'detector.backbone.vision_backbone.trunk.blocks.0.attn.qkv.bias', 'detector.backbone.vision_backbone.trunk.blocks.28.mlp.fc1.bias', 'detector.backbone.vision_backbone.trunk.blocks.17.mlp.fc1.weight', 'detector.backbone.vision_backbone.trunk.blocks.31.norm1.weight', 'detector.backbone.vision_backbone.trunk.blocks.6.attn.qkv.weight', 'detector.backbone.vision_backbone.trunk.blocks.13.mlp.fc2.weight', 'detector.backbone.vision_backbone.trunk.blocks.13.mlp.fc2.bias', 'detector.backbone.vision_backbone.convs.0.dconv_2x2_1.bias', 'detector.backbone.vision_backbone.trunk.blocks.14.attn.proj.bias', 'detector.backbone.vision_backbone.trunk.blocks.20.norm1.weight', 'detector.backbone.vision_backbone.trunk.blocks.2.norm1.weight', 'detector.backbone.vision_backbone.trunk.blocks.13.attn.proj.weight', 'detector.backbone.vision_backbone.trunk.blocks.15.attn.qkv.weight', 'detector.backbone.vision_backbone.sam2_convs.0.conv_3x3.bias', 'detector.backbone.vision_backbone.trunk.blocks.1.mlp.fc2.weight', 'detector.backbone.vision_backbone.trunk.blocks.0.norm2.bias', 'detector.backbone.vision_backbone.trunk.blocks.1.attn.proj.weight', 'detector.backbone.vision_backbone.trunk.blocks.10.attn.proj.bias', 'detector.backbone.vision_backbone.convs.2.conv_1x1.weight', 'detector.backbone.vision_backbone.trunk.blocks.29.norm1.bias', 'detector.backbone.vision_backbone.trunk.blocks.2.mlp.fc2.weight'}
INFO 2026-05-16 22:17:24,835 optimizer.py: 244: Matches for param_name [tracker.maskmem_backbone.*]: {'tracker.maskmem_backbone.mask_downsampler.encoder.3.bias', 'tracker.maskmem_backbone.out_proj.weight', 'tracker.maskmem_backbone.fuser.layers.0.dwconv.bias', 'tracker.maskmem_backbone.fuser.layers.1.dwconv.weight', 'tracker.maskmem_backbone.fuser.layers.1.dwconv.bias', 'tracker.maskmem_backbone.fuser.layers.0.pwconv1.bias', 'tracker.maskmem_backbone.pix_feat_proj.bias', 'tracker.maskmem_backbone.fuser.layers.1.pwconv2.weight', 'tracker.maskmem_backbone.mask_downsampler.encoder.10.bias', 'tracker.maskmem_backbone.fuser.layers.1.pwconv1.weight', 'tracker.maskmem_backbone.fuser.layers.1.norm.bias', 'tracker.maskmem_backbone.mask_downsampler.encoder.10.weight', 'tracker.maskmem_backbone.fuser.layers.0.dwconv.weight', 'tracker.maskmem_backbone.mask_downsampler.encoder.7.weight', 'tracker.maskmem_backbone.mask_downsampler.encoder.0.weight', 'tracker.maskmem_backbone.fuser.layers.0.pwconv2.bias', 'tracker.maskmem_backbone.mask_downsampler.encoder.4.weight', 'tracker.maskmem_backbone.mask_downsampler.encoder.12.bias', 'tracker.maskmem_backbone.fuser.layers.0.norm.weight', 'tracker.maskmem_backbone.mask_downsampler.encoder.1.bias', 'tracker.maskmem_backbone.mask_downsampler.encoder.0.bias', 'tracker.maskmem_backbone.mask_downsampler.encoder.4.bias', 'tracker.maskmem_backbone.fuser.layers.1.gamma', 'tracker.maskmem_backbone.mask_downsampler.encoder.1.weight', 'tracker.maskmem_backbone.out_proj.bias', 'tracker.maskmem_backbone.mask_downsampler.encoder.9.bias', 'tracker.maskmem_backbone.fuser.layers.1.norm.weight', 'tracker.maskmem_backbone.fuser.layers.0.pwconv2.weight', 'tracker.maskmem_backbone.mask_downsampler.encoder.12.weight', 'tracker.maskmem_backbone.fuser.layers.1.pwconv2.bias', 'tracker.maskmem_backbone.mask_downsampler.encoder.3.weight', 'tracker.maskmem_backbone.mask_downsampler.encoder.6.bias', 'tracker.maskmem_backbone.fuser.layers.0.gamma', 'tracker.maskmem_backbone.mask_downsampler.encoder.7.bias', 'tracker.maskmem_backbone.fuser.layers.0.pwconv1.weight', 'tracker.maskmem_backbone.fuser.layers.0.norm.bias', 'tracker.maskmem_backbone.fuser.layers.1.pwconv1.bias', 'tracker.maskmem_backbone.mask_downsampler.encoder.6.weight', 'tracker.maskmem_backbone.mask_downsampler.encoder.9.weight', 'tracker.maskmem_backbone.pix_feat_proj.weight'}
INFO 2026-05-16 22:17:24,835 optimizer.py: 244: Matches for param_name [detector.backbone.language_backbone.*]: {'detector.backbone.language_backbone.encoder.transformer.resblocks.3.attn.in_proj_weight', 'detector.backbone.language_backbone.encoder.transformer.resblocks.13.ln_1.bias', 'detector.backbone.language_backbone.encoder.transformer.resblocks.22.mlp.c_proj.bias', 'detector.backbone.language_backbone.encoder.transformer.resblocks.13.mlp.c_fc.bias', 'detector.backbone.language_backbone.encoder.transformer.resblocks.23.ln_1.bias', 'detector.backbone.language_backbone.encoder.transformer.resblocks.14.mlp.c_fc.bias', 'detector.backbone.language_backbone.encoder.transformer.resblocks.13.attn.in_proj_weight', 'detector.backbone.language_backbone.encoder.transformer.resblocks.8.ln_2.weight', 'detector.backbone.language_backbone.encoder.transformer.resblocks.11.attn.in_proj_bias', 'detector.backbone.language_backbone.encoder.transformer.resblocks.15.mlp.c_proj.bias', 'detector.backbone.language_backbone.encoder.transformer.resblocks.19.ln_2.weight', 'detector.backbone.language_backbone.encoder.transformer.resblocks.10.attn.out_proj.weight', 'detector.backbone.language_backbone.encoder.transformer.resblocks.19.attn.in_proj_bias', 'detector.backbone.language_backbone.encoder.transformer.resblocks.15.attn.out_proj.bias', 'detector.backbone.language_backbone.encoder.transformer.resblocks.7.attn.in_proj_weight', 'detector.backbone.language_backbone.encoder.transformer.resblocks.14.attn.out_proj.weight', 'detector.backbone.language_backbone.encoder.transformer.resblocks.12.ln_2.bias', 'detector.backbone.language_backbone.encoder.transformer.resblocks.18.attn.in_proj_weight', 'detector.backbone.language_backbone.encoder.transformer.resblocks.9.mlp.c_proj.bias', 'detector.backbone.language_backbone.encoder.transformer.resblocks.19.mlp.c_fc.weight', 'detector.backbone.language_backbone.encoder.transformer.resblocks.5.ln_1.weight', 'detector.backbone.language_backbone.encoder.transformer.resblocks.8.ln_1.weight', 'detector.backbone.language_backbone.encoder.transformer.resblocks.23.ln_2.weight', 'detector.backbone.language_backbone.encoder.transformer.resblocks.21.mlp.c_fc.weight', 'detector.backbone.language_backbone.encoder.transformer.resblocks.1.mlp.c_proj.weight', 'detector.backbone.language_backbone.encoder.transformer.resblocks.14.attn.in_proj_weight', 'detector.backbone.language_backbone.encoder.transformer.resblocks.23.attn.out_proj.bias', 'detector.backbone.language_backbone.encoder.transformer.resblocks.17.mlp.c_proj.weight', 'detector.backbone.language_backbone.encoder.transformer.resblocks.13.ln_2.bias', 'detector.backbone.language_backbone.encoder.transformer.resblocks.16.attn.in_proj_weight', 'detector.backbone.language_backbone.resizer.bias', 'detector.backbone.language_backbone.encoder.transformer.resblocks.18.attn.in_proj_bias', 'detector.backbone.language_backbone.encoder.transformer.resblocks.16.attn.out_proj.weight', 'detector.backbone.language_backbone.encoder.transformer.resblocks.12.mlp.c_proj.weight', 'detector.backbone.language_backbone.encoder.transformer.resblocks.10.ln_2.bias', 'detector.backbone.language_backbone.encoder.transformer.resblocks.8.mlp.c_proj.bias', 'detector.backbone.language_backbone.encoder.transformer.resblocks.6.attn.in_proj_weight', 'detector.backbone.language_backbone.encoder.ln_final.bias', 'detector.backbone.language_backbone.encoder.transformer.resblocks.15.attn.in_proj_bias', 'detector.backbone.language_backbone.encoder.transformer.resblocks.19.attn.out_proj.weight', 'detector.backbone.language_backbone.encoder.transformer.resblocks.10.mlp.c_proj.bias', 'detector.backbone.language_backbone.encoder.transformer.resblocks.16.ln_1.bias', 'detector.backbone.language_backbone.encoder.transformer.resblocks.14.mlp.c_proj.bias', 'detector.backbone.language_backbone.encoder.transformer.resblocks.20.ln_1.weight', 'detector.backbone.language_backbone.encoder.transformer.resblocks.8.ln_2.bias', 'detector.backbone.language_backbone.encoder.transformer.resblocks.13.attn.out_proj.bias', 'detector.backbone.language_backbone.encoder.transformer.resblocks.23.ln_1.weight', 'detector.backbone.language_backbone.encoder.transformer.resblocks.15.mlp.c_fc.weight', 'detector.backbone.language_backbone.encoder.transformer.resblocks.1.ln_1.bias', 'detector.backbone.language_backbone.encoder.transformer.resblocks.22.ln_1.weight', 'detector.backbone.language_backbone.encoder.transformer.resblocks.22.mlp.c_fc.weight', 'detector.backbone.language_backbone.encoder.transformer.resblocks.17.ln_2.bias', 'detector.backbone.language_backbone.encoder.transformer.resblocks.4.attn.out_proj.bias', 'detector.backbone.language_backbone.encoder.transformer.resblocks.0.ln_1.weight', 'detector.backbone.language_backbone.encoder.transformer.resblocks.7.mlp.c_proj.bias', 'detector.backbone.language_backbone.encoder.transformer.resblocks.14.mlp.c_proj.weight', 'detector.backbone.language_backbone.encoder.transformer.resblocks.15.ln_2.bias', 'detector.backbone.language_backbone.encoder.transformer.resblocks.9.ln_2.weight', 'detector.backbone.language_backbone.encoder.transformer.resblocks.5.attn.out_proj.bias', 'detector.backbone.language_backbone.encoder.transformer.resblocks.3.mlp.c_proj.weight', 'detector.backbone.language_backbone.encoder.transformer.resblocks.0.mlp.c_fc.weight', 'detector.backbone.language_backbone.encoder.transformer.resblocks.0.mlp.c_fc.bias', 'detector.backbone.language_backbone.encoder.transformer.resblocks.12.attn.out_proj.weight', 'detector.backbone.language_backbone.encoder.transformer.resblocks.4.ln_1.bias', 'detector.backbone.language_backbone.encoder.transformer.resblocks.22.attn.out_proj.weight', 'detector.backbone.language_backbone.encoder.transformer.resblocks.1.attn.out_proj.weight', 'detector.backbone.language_backbone.encoder.transformer.resblocks.4.mlp.c_fc.bias', 'detector.backbone.language_backbone.encoder.transformer.resblocks.20.attn.out_proj.bias', 'detector.backbone.language_backbone.encoder.transformer.resblocks.1.attn.out_proj.bias', 'detector.backbone.language_backbone.encoder.transformer.resblocks.8.attn.out_proj.bias', 'detector.backbone.language_backbone.encoder.transformer.resblocks.20.mlp.c_proj.weight', 'detector.backbone.language_backbone.encoder.transformer.resblocks.7.attn.out_proj.weight', 'detector.backbone.language_backbone.encoder.transformer.resblocks.19.ln_1.weight', 'detector.backbone.language_backbone.encoder.transformer.resblocks.17.attn.out_proj.bias', 'detector.backbone.language_backbone.encoder.transformer.resblocks.16.mlp.c_fc.bias', 'detector.backbone.language_backbone.encoder.transformer.resblocks.14.ln_1.weight', 'detector.backbone.language_backbone.encoder.transformer.resblocks.2.mlp.c_proj.weight', 'detector.backbone.language_backbone.encoder.transformer.resblocks.23.mlp.c_fc.bias', 'detector.backbone.language_backbone.encoder.transformer.resblocks.2.attn.out_proj.bias', 'detector.backbone.language_backbone.encoder.transformer.resblocks.3.ln_2.bias', 'detector.backbone.language_backbone.encoder.transformer.resblocks.5.ln_2.weight', 'detector.backbone.language_backbone.encoder.transformer.resblocks.2.ln_2.bias', 'detector.backbone.language_backbone.encoder.transformer.resblocks.7.mlp.c_fc.bias', 'detector.backbone.language_backbone.encoder.transformer.resblocks.6.ln_1.bias', 'detector.backbone.language_backbone.encoder.transformer.resblocks.14.attn.in_proj_bias', 'detector.backbone.language_backbone.encoder.transformer.resblocks.18.ln_1.weight', 'detector.backbone.language_backbone.encoder.transformer.resblocks.0.ln_2.weight', 'detector.backbone.language_backbone.encoder.transformer.resblocks.2.ln_1.weight', 'detector.backbone.language_backbone.encoder.transformer.resblocks.23.mlp.c_proj.bias', 'detector.backbone.language_backbone.encoder.transformer.resblocks.5.mlp.c_proj.weight', 'detector.backbone.language_backbone.encoder.transformer.resblocks.22.ln_2.weight', 'detector.backbone.language_backbone.encoder.transformer.resblocks.7.attn.out_proj.bias', 'detector.backbone.language_backbone.encoder.transformer.resblocks.7.attn.in_proj_bias', 'detector.backbone.language_backbone.encoder.transformer.resblocks.8.mlp.c_proj.weight', 'detector.backbone.language_backbone.encoder.transformer.resblocks.15.attn.out_proj.weight', 'detector.backbone.language_backbone.encoder.transformer.resblocks.23.mlp.c_fc.weight', 'detector.backbone.language_backbone.encoder.transformer.resblocks.3.mlp.c_proj.bias', 'detector.backbone.language_backbone.encoder.transformer.resblocks.18.ln_1.bias', 'detector.backbone.language_backbone.encoder.transformer.resblocks.6.mlp.c_proj.weight', 'detector.backbone.language_backbone.encoder.transformer.resblocks.23.attn.in_proj_weight', 'detector.backbone.language_backbone.encoder.transformer.resblocks.11.mlp.c_fc.bias', 'detector.backbone.language_backbone.encoder.transformer.resblocks.21.attn.out_proj.bias', 'detector.backbone.language_backbone.encoder.transformer.resblocks.13.mlp.c_proj.bias', 'detector.backbone.language_backbone.encoder.transformer.resblocks.21.attn.out_proj.weight', 'detector.backbone.language_backbone.encoder.transformer.resblocks.13.mlp.c_proj.weight', 'detector.backbone.language_backbone.encoder.transformer.resblocks.11.mlp.c_proj.bias', 'detector.backbone.language_backbone.encoder.transformer.resblocks.16.ln_1.weight', 'detector.backbone.language_backbone.encoder.transformer.resblocks.10.attn.out_proj.bias', 'detector.backbone.language_backbone.encoder.transformer.resblocks.9.attn.in_proj_weight', 'detector.backbone.language_backbone.encoder.transformer.resblocks.13.attn.in_proj_bias', 'detector.backbone.language_backbone.encoder.transformer.resblocks.6.attn.in_proj_bias', 'detector.backbone.language_backbone.encoder.transformer.resblocks.17.attn.in_proj_weight', 'detector.backbone.language_backbone.encoder.transformer.resblocks.6.ln_2.weight', 'detector.backbone.language_backbone.encoder.transformer.resblocks.16.attn.in_proj_bias', 'detector.backbone.language_backbone.encoder.transformer.resblocks.0.ln_1.bias', 'detector.backbone.language_backbone.encoder.transformer.resblocks.17.ln_1.bias', 'detector.backbone.language_backbone.encoder.transformer.resblocks.4.mlp.c_proj.bias', 'detector.backbone.language_backbone.encoder.transformer.resblocks.5.mlp.c_fc.bias', 'detector.backbone.language_backbone.encoder.transformer.resblocks.8.mlp.c_fc.weight', 'detector.backbone.language_backbone.encoder.transformer.resblocks.11.mlp.c_proj.weight', 'detector.backbone.language_backbone.encoder.transformer.resblocks.11.ln_1.bias', 'detector.backbone.language_backbone.encoder.transformer.resblocks.18.ln_2.weight', 'detector.backbone.language_backbone.encoder.transformer.resblocks.15.ln_2.weight', 'detector.backbone.language_backbone.encoder.transformer.resblocks.17.attn.in_proj_bias', 'detector.backbone.language_backbone.encoder.transformer.resblocks.0.attn.out_proj.bias', 'detector.backbone.language_backbone.encoder.transformer.resblocks.11.ln_2.weight', 'detector.backbone.language_backbone.encoder.transformer.resblocks.20.attn.in_proj_bias', 'detector.backbone.language_backbone.resizer.weight', 'detector.backbone.language_backbone.encoder.transformer.resblocks.4.ln_2.bias', 'detector.backbone.language_backbone.encoder.transformer.resblocks.3.mlp.c_fc.weight', 'detector.backbone.language_backbone.encoder.transformer.resblocks.0.mlp.c_proj.weight', 'detector.backbone.language_backbone.encoder.transformer.resblocks.4.ln_2.weight', 'detector.backbone.language_backbone.encoder.transformer.resblocks.16.attn.out_proj.bias', 'detector.backbone.language_backbone.encoder.transformer.resblocks.10.ln_1.bias', 'detector.backbone.language_backbone.encoder.transformer.resblocks.9.mlp.c_fc.weight', 'detector.backbone.language_backbone.encoder.transformer.resblocks.6.attn.out_proj.bias', 'detector.backbone.language_backbone.encoder.transformer.resblocks.14.ln_2.weight', 'detector.backbone.language_backbone.encoder.transformer.resblocks.9.attn.out_proj.weight', 'detector.backbone.language_backbone.encoder.transformer.resblocks.16.mlp.c_proj.bias', 'detector.backbone.language_backbone.encoder.transformer.resblocks.21.mlp.c_fc.bias', 'detector.backbone.language_backbone.encoder.transformer.resblocks.16.mlp.c_proj.weight', 'detector.backbone.language_backbone.encoder.transformer.resblocks.6.ln_2.bias', 'detector.backbone.language_backbone.encoder.transformer.resblocks.1.ln_2.bias', 'detector.backbone.language_backbone.encoder.transformer.resblocks.4.mlp.c_proj.weight', 'detector.backbone.language_backbone.encoder.transformer.resblocks.0.attn.in_proj_weight', 'detector.backbone.language_backbone.encoder.transformer.resblocks.1.attn.in_proj_weight', 'detector.backbone.language_backbone.encoder.transformer.resblocks.20.ln_2.bias', 'detector.backbone.language_backbone.encoder.transformer.resblocks.12.mlp.c_fc.bias', 'detector.backbone.language_backbone.encoder.transformer.resblocks.18.mlp.c_fc.weight', 'detector.backbone.language_backbone.encoder.transformer.resblocks.1.attn.in_proj_bias', 'detector.backbone.language_backbone.encoder.transformer.resblocks.20.ln_2.weight', 'detector.backbone.language_backbone.encoder.transformer.resblocks.15.attn.in_proj_weight', 'detector.backbone.language_backbone.encoder.transformer.resblocks.10.ln_1.weight', 'detector.backbone.language_backbone.encoder.transformer.resblocks.9.ln_1.bias', 'detector.backbone.language_backbone.encoder.transformer.resblocks.20.mlp.c_fc.bias', 'detector.backbone.language_backbone.encoder.transformer.resblocks.19.ln_1.bias', 'detector.backbone.language_backbone.encoder.transformer.resblocks.15.ln_1.bias', 'detector.backbone.language_backbone.encoder.transformer.resblocks.7.mlp.c_fc.weight', 'detector.backbone.language_backbone.encoder.transformer.resblocks.18.ln_2.bias', 'detector.backbone.language_backbone.encoder.transformer.resblocks.3.ln_2.weight', 'detector.backbone.language_backbone.encoder.transformer.resblocks.23.ln_2.bias', 'detector.backbone.language_backbone.encoder.transformer.resblocks.1.ln_1.weight', 'detector.backbone.language_backbone.encoder.transformer.resblocks.7.ln_2.weight', 'detector.backbone.language_backbone.encoder.token_embedding.weight', 'detector.backbone.language_backbone.encoder.transformer.resblocks.17.attn.out_proj.weight', 'detector.backbone.language_backbone.encoder.transformer.resblocks.11.attn.out_proj.bias', 'detector.backbone.language_backbone.encoder.transformer.resblocks.0.ln_2.bias', 'detector.backbone.language_backbone.encoder.transformer.resblocks.2.attn.in_proj_weight', 'detector.backbone.language_backbone.encoder.transformer.resblocks.21.mlp.c_proj.weight', 'detector.backbone.language_backbone.encoder.transformer.resblocks.22.attn.in_proj_weight', 'detector.backbone.language_backbone.encoder.transformer.resblocks.11.attn.out_proj.weight', 'detector.backbone.language_backbone.encoder.transformer.resblocks.3.attn.out_proj.bias', 'detector.backbone.language_backbone.encoder.transformer.resblocks.10.attn.in_proj_bias', 'detector.backbone.language_backbone.encoder.transformer.resblocks.4.ln_1.weight', 'detector.backbone.language_backbone.encoder.transformer.resblocks.21.mlp.c_proj.bias', 'detector.backbone.language_backbone.encoder.transformer.resblocks.19.mlp.c_proj.bias', 'detector.backbone.language_backbone.encoder.transformer.resblocks.16.ln_2.bias', 'detector.backbone.language_backbone.encoder.transformer.resblocks.9.ln_2.bias', 'detector.backbone.language_backbone.encoder.transformer.resblocks.6.mlp.c_fc.bias', 'detector.backbone.language_backbone.encoder.transformer.resblocks.9.attn.out_proj.bias', 'detector.backbone.language_backbone.encoder.transformer.resblocks.12.mlp.c_proj.bias', 'detector.backbone.language_backbone.encoder.transformer.resblocks.7.ln_2.bias', 'detector.backbone.language_backbone.encoder.transformer.resblocks.12.attn.out_proj.bias', 'detector.backbone.language_backbone.encoder.transformer.resblocks.6.mlp.c_fc.weight', 'detector.backbone.language_backbone.encoder.transformer.resblocks.3.ln_1.weight', 'detector.backbone.language_backbone.encoder.transformer.resblocks.12.ln_1.weight', 'detector.backbone.language_backbone.encoder.transformer.resblocks.19.attn.out_proj.bias', 'detector.backbone.language_backbone.encoder.transformer.resblocks.2.attn.in_proj_bias', 'detector.backbone.language_backbone.encoder.transformer.resblocks.1.mlp.c_fc.bias', 'detector.backbone.language_backbone.encoder.transformer.resblocks.1.mlp.c_proj.bias', 'detector.backbone.language_backbone.encoder.transformer.resblocks.17.mlp.c_proj.bias', 'detector.backbone.language_backbone.encoder.transformer.resblocks.17.mlp.c_fc.bias', 'detector.backbone.language_backbone.encoder.transformer.resblocks.20.attn.in_proj_weight', 'detector.backbone.language_backbone.encoder.positional_embedding', 'detector.backbone.language_backbone.encoder.transformer.resblocks.12.attn.in_proj_weight', 'detector.backbone.language_backbone.encoder.transformer.resblocks.6.attn.out_proj.weight', 'detector.backbone.language_backbone.encoder.transformer.resblocks.12.ln_2.weight', 'detector.backbone.language_backbone.encoder.transformer.resblocks.21.ln_2.bias', 'detector.backbone.language_backbone.encoder.transformer.resblocks.15.mlp.c_proj.weight', 'detector.backbone.language_backbone.encoder.transformer.resblocks.8.attn.out_proj.weight', 'detector.backbone.language_backbone.encoder.transformer.resblocks.5.ln_1.bias', 'detector.backbone.language_backbone.encoder.transformer.resblocks.15.mlp.c_fc.bias', 'detector.backbone.language_backbone.encoder.transformer.resblocks.21.attn.in_proj_bias', 'detector.backbone.language_backbone.encoder.transformer.resblocks.10.mlp.c_fc.weight', 'detector.backbone.language_backbone.encoder.transformer.resblocks.8.attn.in_proj_bias', 'detector.backbone.language_backbone.encoder.transformer.resblocks.0.mlp.c_proj.bias', 'detector.backbone.language_backbone.encoder.transformer.resblocks.11.mlp.c_fc.weight', 'detector.backbone.language_backbone.encoder.transformer.resblocks.7.ln_1.bias', 'detector.backbone.language_backbone.encoder.transformer.resblocks.13.attn.out_proj.weight', 'detector.backbone.language_backbone.encoder.transformer.resblocks.0.attn.out_proj.weight', 'detector.backbone.language_backbone.encoder.transformer.resblocks.6.ln_1.weight', 'detector.backbone.language_backbone.encoder.transformer.resblocks.4.attn.out_proj.weight', 'detector.backbone.language_backbone.encoder.transformer.resblocks.20.mlp.c_fc.weight', 'detector.backbone.language_backbone.encoder.transformer.resblocks.2.ln_2.weight', 'detector.backbone.language_backbone.encoder.transformer.resblocks.14.ln_2.bias', 'detector.backbone.language_backbone.encoder.transformer.resblocks.5.mlp.c_proj.bias', 'detector.backbone.language_backbone.encoder.transformer.resblocks.22.attn.out_proj.bias', 'detector.backbone.language_backbone.encoder.transformer.resblocks.13.mlp.c_fc.weight', 'detector.backbone.language_backbone.encoder.transformer.resblocks.21.ln_1.weight', 'detector.backbone.language_backbone.encoder.transformer.resblocks.5.mlp.c_fc.weight', 'detector.backbone.language_backbone.encoder.transformer.resblocks.22.mlp.c_fc.bias', 'detector.backbone.language_backbone.encoder.transformer.resblocks.9.ln_1.weight', 'detector.backbone.language_backbone.encoder.transformer.resblocks.5.attn.in_proj_bias', 'detector.backbone.language_backbone.encoder.transformer.resblocks.2.mlp.c_fc.bias', 'detector.backbone.language_backbone.encoder.transformer.resblocks.10.attn.in_proj_weight', 'detector.backbone.language_backbone.encoder.transformer.resblocks.8.ln_1.bias', 'detector.backbone.language_backbone.encoder.transformer.resblocks.2.ln_1.bias', 'detector.backbone.language_backbone.encoder.transformer.resblocks.2.attn.out_proj.weight', 'detector.backbone.language_backbone.encoder.transformer.resblocks.9.mlp.c_fc.bias', 'detector.backbone.language_backbone.encoder.transformer.resblocks.14.attn.out_proj.bias', 'detector.backbone.language_backbone.encoder.transformer.resblocks.21.attn.in_proj_weight', 'detector.backbone.language_backbone.encoder.transformer.resblocks.17.mlp.c_fc.weight', 'detector.backbone.language_backbone.encoder.transformer.resblocks.3.attn.out_proj.weight', 'detector.backbone.language_backbone.encoder.transformer.resblocks.1.ln_2.weight', 'detector.backbone.language_backbone.encoder.transformer.resblocks.18.mlp.c_proj.bias', 'detector.backbone.language_backbone.encoder.transformer.resblocks.12.mlp.c_fc.weight', 'detector.backbone.language_backbone.encoder.transformer.resblocks.4.mlp.c_fc.weight', 'detector.backbone.language_backbone.encoder.transformer.resblocks.2.mlp.c_proj.bias', 'detector.backbone.language_backbone.encoder.transformer.resblocks.14.ln_1.bias', 'detector.backbone.language_backbone.encoder.transformer.resblocks.18.attn.out_proj.weight', 'detector.backbone.language_backbone.encoder.transformer.resblocks.18.mlp.c_proj.weight', 'detector.backbone.language_backbone.encoder.transformer.resblocks.8.mlp.c_fc.bias', 'detector.backbone.language_backbone.encoder.ln_final.weight', 'detector.backbone.language_backbone.encoder.transformer.resblocks.16.ln_2.weight', 'detector.backbone.language_backbone.encoder.transformer.resblocks.3.attn.in_proj_bias', 'detector.backbone.language_backbone.encoder.transformer.resblocks.22.mlp.c_proj.weight', 'detector.backbone.language_backbone.encoder.transformer.resblocks.19.ln_2.bias', 'detector.backbone.language_backbone.encoder.transformer.resblocks.20.attn.out_proj.weight', 'detector.backbone.language_backbone.encoder.transformer.resblocks.7.mlp.c_proj.weight', 'detector.backbone.language_backbone.encoder.transformer.resblocks.1.mlp.c_fc.weight', 'detector.backbone.language_backbone.encoder.transformer.resblocks.3.mlp.c_fc.bias', 'detector.backbone.language_backbone.encoder.transformer.resblocks.0.attn.in_proj_bias', 'detector.backbone.language_backbone.encoder.transformer.resblocks.23.attn.out_proj.weight', 'detector.backbone.language_backbone.encoder.transformer.resblocks.22.attn.in_proj_bias', 'detector.backbone.language_backbone.encoder.transformer.resblocks.5.ln_2.bias', 'detector.backbone.language_backbone.encoder.transformer.resblocks.20.mlp.c_proj.bias', 'detector.backbone.language_backbone.encoder.transformer.resblocks.11.ln_2.bias', 'detector.backbone.language_backbone.encoder.transformer.resblocks.7.ln_1.weight', 'detector.backbone.language_backbone.encoder.transformer.resblocks.10.mlp.c_fc.bias', 'detector.backbone.language_backbone.encoder.transformer.resblocks.13.ln_2.weight', 'detector.backbone.language_backbone.encoder.transformer.resblocks.17.ln_1.weight', 'detector.backbone.language_backbone.encoder.transformer.resblocks.9.mlp.c_proj.weight', 'detector.backbone.language_backbone.encoder.text_projection', 'detector.backbone.language_backbone.encoder.transformer.resblocks.19.attn.in_proj_weight', 'detector.backbone.language_backbone.encoder.transformer.resblocks.23.attn.in_proj_bias', 'detector.backbone.language_backbone.encoder.transformer.resblocks.12.ln_1.bias', 'detector.backbone.language_backbone.encoder.transformer.resblocks.4.attn.in_proj_bias', 'detector.backbone.language_backbone.encoder.transformer.resblocks.13.ln_1.weight', 'detector.backbone.language_backbone.encoder.transformer.resblocks.11.attn.in_proj_weight', 'detector.backbone.language_backbone.encoder.transformer.resblocks.22.ln_2.bias', 'detector.backbone.language_backbone.encoder.transformer.resblocks.21.ln_2.weight', 'detector.backbone.language_backbone.encoder.transformer.resblocks.10.mlp.c_proj.weight', 'detector.backbone.language_backbone.encoder.transformer.resblocks.3.ln_1.bias', 'detector.backbone.language_backbone.encoder.transformer.resblocks.12.attn.in_proj_bias', 'detector.backbone.language_backbone.encoder.transformer.resblocks.19.mlp.c_fc.bias', 'detector.backbone.language_backbone.encoder.transformer.resblocks.22.ln_1.bias', 'detector.backbone.language_backbone.encoder.transformer.resblocks.21.ln_1.bias', 'detector.backbone.language_backbone.encoder.transformer.resblocks.18.attn.out_proj.bias', 'detector.backbone.language_backbone.encoder.transformer.resblocks.4.attn.in_proj_weight', 'detector.backbone.language_backbone.encoder.transformer.resblocks.15.ln_1.weight', 'detector.backbone.language_backbone.encoder.transformer.resblocks.5.attn.out_proj.weight', 'detector.backbone.language_backbone.encoder.transformer.resblocks.11.ln_1.weight', 'detector.backbone.language_backbone.encoder.transformer.resblocks.18.mlp.c_fc.bias', 'detector.backbone.language_backbone.encoder.transformer.resblocks.10.ln_2.weight', 'detector.backbone.language_backbone.encoder.transformer.resblocks.8.attn.in_proj_weight', 'detector.backbone.language_backbone.encoder.transformer.resblocks.19.mlp.c_proj.weight', 'detector.backbone.language_backbone.encoder.transformer.resblocks.9.attn.in_proj_bias', 'detector.backbone.language_backbone.encoder.transformer.resblocks.6.mlp.c_proj.bias', 'detector.backbone.language_backbone.encoder.transformer.resblocks.16.mlp.c_fc.weight', 'detector.backbone.language_backbone.encoder.transformer.resblocks.2.mlp.c_fc.weight', 'detector.backbone.language_backbone.encoder.transformer.resblocks.23.mlp.c_proj.weight', 'detector.backbone.language_backbone.encoder.transformer.resblocks.20.ln_1.bias', 'detector.backbone.language_backbone.encoder.transformer.resblocks.14.mlp.c_fc.weight', 'detector.backbone.language_backbone.encoder.transformer.resblocks.5.attn.in_proj_weight', 'detector.backbone.language_backbone.encoder.transformer.resblocks.17.ln_2.weight'}
INFO 2026-05-16 22:17:24,843 optimizer.py: 244: Matches for param_name [detector.geometry_encoder.*]: {'detector.geometry_encoder.encode.0.cross_attn_image.in_proj_weight', 'detector.geometry_encoder.final_proj.weight', 'detector.geometry_encoder.boxes_pool_project.bias', 'detector.geometry_encoder.encode.2.cross_attn_image.out_proj.bias', 'detector.geometry_encoder.encode.1.norm3.weight', 'detector.geometry_encoder.encode.2.norm2.bias', 'detector.geometry_encoder.encode_norm.bias', 'detector.geometry_encoder.encode.1.linear1.weight', 'detector.geometry_encoder.boxes_direct_project.bias', 'detector.geometry_encoder.encode.1.cross_attn_image.out_proj.weight', 'detector.geometry_encoder.encode.2.linear1.weight', 'detector.geometry_encoder.encode.2.cross_attn_image.out_proj.weight', 'detector.geometry_encoder.boxes_direct_project.weight', 'detector.geometry_encoder.encode.1.linear2.bias', 'detector.geometry_encoder.encode.1.norm2.weight', 'detector.geometry_encoder.encode.0.linear2.bias', 'detector.geometry_encoder.encode.0.cross_attn_image.in_proj_bias', 'detector.geometry_encoder.points_pos_enc_project.bias', 'detector.geometry_encoder.encode.0.self_attn.out_proj.weight', 'detector.geometry_encoder.encode.0.norm3.bias', 'detector.geometry_encoder.norm.weight', 'detector.geometry_encoder.encode.1.self_attn.in_proj_weight', 'detector.geometry_encoder.encode.0.norm2.bias', 'detector.geometry_encoder.encode.1.cross_attn_image.out_proj.bias', 'detector.geometry_encoder.points_direct_project.bias', 'detector.geometry_encoder.encode.1.norm1.weight', 'detector.geometry_encoder.encode.2.self_attn.in_proj_bias', 'detector.geometry_encoder.encode.1.self_attn.out_proj.weight', 'detector.geometry_encoder.encode_norm.weight', 'detector.geometry_encoder.encode.0.norm1.bias', 'detector.geometry_encoder.encode.1.linear1.bias', 'detector.geometry_encoder.boxes_pos_enc_project.weight', 'detector.geometry_encoder.encode.2.self_attn.out_proj.bias', 'detector.geometry_encoder.boxes_pos_enc_project.bias', 'detector.geometry_encoder.encode.2.self_attn.out_proj.weight', 'detector.geometry_encoder.norm.bias', 'detector.geometry_encoder.encode.1.self_attn.in_proj_bias', 'detector.geometry_encoder.encode.0.self_attn.in_proj_bias', 'detector.geometry_encoder.encode.0.norm3.weight', 'detector.geometry_encoder.encode.2.cross_attn_image.in_proj_weight', 'detector.geometry_encoder.encode.0.self_attn.in_proj_weight', 'detector.geometry_encoder.encode.2.cross_attn_image.in_proj_bias', 'detector.geometry_encoder.img_pre_norm.weight', 'detector.geometry_encoder.encode.0.linear1.weight', 'detector.geometry_encoder.points_pos_enc_project.weight', 'detector.geometry_encoder.encode.1.cross_attn_image.in_proj_weight', 'detector.geometry_encoder.encode.0.cross_attn_image.out_proj.weight', 'detector.geometry_encoder.encode.2.norm3.weight', 'detector.geometry_encoder.encode.2.norm1.bias', 'detector.geometry_encoder.encode.2.norm2.weight', 'detector.geometry_encoder.points_direct_project.weight', 'detector.geometry_encoder.encode.0.linear2.weight', 'detector.geometry_encoder.encode.0.linear1.bias', 'detector.geometry_encoder.boxes_pool_project.weight', 'detector.geometry_encoder.label_embed.weight', 'detector.geometry_encoder.points_pool_project.weight', 'detector.geometry_encoder.encode.2.linear2.bias', 'detector.geometry_encoder.encode.0.cross_attn_image.out_proj.bias', 'detector.geometry_encoder.img_pre_norm.bias', 'detector.geometry_encoder.encode.0.norm2.weight', 'detector.geometry_encoder.encode.1.norm1.bias', 'detector.geometry_encoder.encode.1.cross_attn_image.in_proj_bias', 'detector.geometry_encoder.encode.2.linear2.weight', 'detector.geometry_encoder.encode.2.self_attn.in_proj_weight', 'detector.geometry_encoder.encode.1.self_attn.out_proj.bias', 'detector.geometry_encoder.final_proj.bias', 'detector.geometry_encoder.encode.2.linear1.bias', 'detector.geometry_encoder.points_pool_project.bias', 'detector.geometry_encoder.encode.2.norm3.bias', 'detector.geometry_encoder.encode.1.norm3.bias', 'detector.geometry_encoder.encode.0.self_attn.out_proj.bias', 'detector.geometry_encoder.cls_embed.weight', 'detector.geometry_encoder.encode.1.norm2.bias', 'detector.geometry_encoder.encode.0.norm1.weight', 'detector.geometry_encoder.encode.2.norm1.weight', 'detector.geometry_encoder.encode.1.linear2.weight'}
INFO 2026-05-16 22:17:24,852 optimizer.py: 244: Matches for param_name [detector.transformer.encoder.*]: {'detector.transformer.encoder.layers.4.cross_attn_image.out_proj.bias', 'detector.transformer.encoder.layers.0.linear2.weight', 'detector.transformer.encoder.layers.2.linear1.weight', 'detector.transformer.encoder.layers.3.cross_attn_image.in_proj_weight', 'detector.transformer.encoder.layers.0.norm1.bias', 'detector.transformer.encoder.layers.3.norm1.bias', 'detector.transformer.encoder.layers.0.cross_attn_image.out_proj.weight', 'detector.transformer.encoder.layers.2.cross_attn_image.in_proj_weight', 'detector.transformer.encoder.layers.4.self_attn.out_proj.bias', 'detector.transformer.encoder.layers.0.norm1.weight', 'detector.transformer.encoder.layers.1.norm3.weight', 'detector.transformer.encoder.layers.0.linear2.bias', 'detector.transformer.encoder.layers.2.norm2.weight', 'detector.transformer.encoder.layers.5.self_attn.out_proj.bias', 'detector.transformer.encoder.layers.5.norm1.bias', 'detector.transformer.encoder.layers.5.self_attn.in_proj_weight', 'detector.transformer.encoder.layers.2.self_attn.in_proj_weight', 'detector.transformer.encoder.layers.3.cross_attn_image.in_proj_bias', 'detector.transformer.encoder.layers.1.cross_attn_image.out_proj.bias', 'detector.transformer.encoder.layers.1.linear2.bias', 'detector.transformer.encoder.layers.3.self_attn.out_proj.weight', 'detector.transformer.encoder.layers.0.norm3.bias', 'detector.transformer.encoder.layers.3.linear2.weight', 'detector.transformer.encoder.layers.3.self_attn.out_proj.bias', 'detector.transformer.encoder.layers.3.linear1.weight', 'detector.transformer.encoder.layers.4.norm2.bias', 'detector.transformer.encoder.layers.0.self_attn.out_proj.weight', 'detector.transformer.encoder.layers.2.linear2.bias', 'detector.transformer.encoder.layers.3.norm2.weight', 'detector.transformer.encoder.layers.4.norm1.bias', 'detector.transformer.encoder.layers.3.norm2.bias', 'detector.transformer.encoder.layers.0.self_attn.in_proj_bias', 'detector.transformer.encoder.layers.5.linear1.bias', 'detector.transformer.encoder.layers.0.self_attn.in_proj_weight', 'detector.transformer.encoder.layers.1.self_attn.in_proj_weight', 'detector.transformer.encoder.layers.2.linear1.bias', 'detector.transformer.encoder.layers.0.linear1.weight', 'detector.transformer.encoder.layers.3.norm3.bias', 'detector.transformer.encoder.layers.4.linear2.weight', 'detector.transformer.encoder.layers.4.norm3.weight', 'detector.transformer.encoder.layers.5.self_attn.out_proj.weight', 'detector.transformer.encoder.layers.4.linear1.weight', 'detector.transformer.encoder.layers.1.norm2.weight', 'detector.transformer.encoder.layers.0.self_attn.out_proj.bias', 'detector.transformer.encoder.layers.4.norm3.bias', 'detector.transformer.encoder.layers.1.linear1.bias', 'detector.transformer.encoder.layers.2.self_attn.out_proj.weight', 'detector.transformer.encoder.layers.2.norm3.weight', 'detector.transformer.encoder.layers.1.norm1.bias', 'detector.transformer.encoder.layers.1.self_attn.out_proj.bias', 'detector.transformer.encoder.layers.0.norm2.weight', 'detector.transformer.encoder.layers.3.linear1.bias', 'detector.transformer.encoder.layers.0.linear1.bias', 'detector.transformer.encoder.layers.1.linear2.weight', 'detector.transformer.encoder.layers.4.self_attn.in_proj_bias', 'detector.transformer.encoder.layers.1.self_attn.in_proj_bias', 'detector.transformer.encoder.layers.0.cross_attn_image.out_proj.bias', 'detector.transformer.encoder.layers.4.norm1.weight', 'detector.transformer.encoder.layers.2.linear2.weight', 'detector.transformer.encoder.layers.3.self_attn.in_proj_bias', 'detector.transformer.encoder.layers.5.linear2.bias', 'detector.transformer.encoder.layers.4.cross_attn_image.out_proj.weight', 'detector.transformer.encoder.layers.5.cross_attn_image.out_proj.bias', 'detector.transformer.encoder.layers.4.norm2.weight', 'detector.transformer.encoder.layers.5.norm2.weight', 'detector.transformer.encoder.layers.5.self_attn.in_proj_bias', 'detector.transformer.encoder.layers.4.linear1.bias', 'detector.transformer.encoder.layers.5.norm2.bias', 'detector.transformer.encoder.layers.0.cross_attn_image.in_proj_bias', 'detector.transformer.encoder.layers.2.norm1.weight', 'detector.transformer.encoder.layers.3.norm3.weight', 'detector.transformer.encoder.layers.1.cross_attn_image.out_proj.weight', 'detector.transformer.encoder.layers.1.self_attn.out_proj.weight', 'detector.transformer.encoder.layers.2.norm3.bias', 'detector.transformer.encoder.layers.2.cross_attn_image.in_proj_bias', 'detector.transformer.encoder.layers.4.cross_attn_image.in_proj_weight', 'detector.transformer.encoder.layers.4.self_attn.in_proj_weight', 'detector.transformer.encoder.layers.1.norm3.bias', 'detector.transformer.encoder.layers.2.self_attn.out_proj.bias', 'detector.transformer.encoder.layers.4.self_attn.out_proj.weight', 'detector.transformer.encoder.layers.3.cross_attn_image.out_proj.weight', 'detector.transformer.encoder.layers.2.norm2.bias', 'detector.transformer.encoder.layers.4.linear2.bias', 'detector.transformer.encoder.layers.1.linear1.weight', 'detector.transformer.encoder.layers.0.cross_attn_image.in_proj_weight', 'detector.transformer.encoder.layers.5.cross_attn_image.in_proj_weight', 'detector.transformer.encoder.layers.3.cross_attn_image.out_proj.bias', 'detector.transformer.encoder.layers.5.linear2.weight', 'detector.transformer.encoder.layers.1.norm2.bias', 'detector.transformer.encoder.layers.1.cross_attn_image.in_proj_bias', 'detector.transformer.encoder.layers.3.norm1.weight', 'detector.transformer.encoder.layers.2.norm1.bias', 'detector.transformer.encoder.layers.3.self_attn.in_proj_weight', 'detector.transformer.encoder.layers.1.norm1.weight', 'detector.transformer.encoder.layers.4.cross_attn_image.in_proj_bias', 'detector.transformer.encoder.layers.2.self_attn.in_proj_bias', 'detector.transformer.encoder.layers.5.norm3.bias', 'detector.transformer.encoder.layers.1.cross_attn_image.in_proj_weight', 'detector.transformer.encoder.layers.3.linear2.bias', 'detector.transformer.encoder.layers.5.norm3.weight', 'detector.transformer.encoder.layers.2.cross_attn_image.out_proj.weight', 'detector.transformer.encoder.layers.2.cross_attn_image.out_proj.bias', 'detector.transformer.encoder.layers.5.norm1.weight', 'detector.transformer.encoder.layers.5.linear1.weight', 'detector.transformer.encoder.layers.5.cross_attn_image.in_proj_bias', 'detector.transformer.encoder.layers.5.cross_attn_image.out_proj.weight', 'detector.transformer.encoder.layers.0.norm2.bias', 'detector.transformer.encoder.layers.0.norm3.weight'}
INFO 2026-05-16 22:17:24,860 optimizer.py: 244: Matches for param_name [tracker.transformer.encoder.*]: {'tracker.transformer.encoder.layers.0.self_attn.out_proj.bias', 'tracker.transformer.encoder.layers.2.linear2.bias', 'tracker.transformer.encoder.layers.2.cross_attn_image.v_proj.weight', 'tracker.transformer.encoder.layers.3.cross_attn_image.q_proj.weight', 'tracker.transformer.encoder.layers.0.self_attn.v_proj.weight', 'tracker.transformer.encoder.layers.3.self_attn.q_proj.bias', 'tracker.transformer.encoder.layers.3.cross_attn_image.k_proj.weight', 'tracker.transformer.encoder.layers.2.norm3.weight', 'tracker.transformer.encoder.layers.0.norm1.bias', 'tracker.transformer.encoder.layers.1.norm3.weight', 'tracker.transformer.encoder.layers.1.norm1.weight', 'tracker.transformer.encoder.layers.3.cross_attn_image.out_proj.weight', 'tracker.transformer.encoder.layers.0.norm2.weight', 'tracker.transformer.encoder.layers.1.linear2.bias', 'tracker.transformer.encoder.layers.0.norm2.bias', 'tracker.transformer.encoder.layers.1.cross_attn_image.q_proj.weight', 'tracker.transformer.encoder.layers.1.cross_attn_image.out_proj.bias', 'tracker.transformer.encoder.layers.1.norm3.bias', 'tracker.transformer.encoder.layers.3.cross_attn_image.k_proj.bias', 'tracker.transformer.encoder.layers.2.cross_attn_image.q_proj.weight', 'tracker.transformer.encoder.layers.1.linear1.bias', 'tracker.transformer.encoder.layers.1.norm1.bias', 'tracker.transformer.encoder.layers.0.cross_attn_image.q_proj.bias', 'tracker.transformer.encoder.layers.0.self_attn.k_proj.bias', 'tracker.transformer.encoder.layers.3.self_attn.k_proj.bias', 'tracker.transformer.encoder.layers.0.linear1.weight', 'tracker.transformer.encoder.layers.3.self_attn.v_proj.bias', 'tracker.transformer.encoder.layers.3.linear1.weight', 'tracker.transformer.encoder.layers.0.cross_attn_image.k_proj.bias', 'tracker.transformer.encoder.layers.2.cross_attn_image.out_proj.weight', 'tracker.transformer.encoder.layers.3.self_attn.v_proj.weight', 'tracker.transformer.encoder.layers.0.self_attn.v_proj.bias', 'tracker.transformer.encoder.layers.1.self_attn.k_proj.bias', 'tracker.transformer.encoder.layers.2.linear1.weight', 'tracker.transformer.encoder.layers.0.linear1.bias', 'tracker.transformer.encoder.layers.1.cross_attn_image.out_proj.weight', 'tracker.transformer.encoder.layers.2.norm1.bias', 'tracker.transformer.encoder.layers.1.norm2.bias', 'tracker.transformer.encoder.layers.2.self_attn.v_proj.bias', 'tracker.transformer.encoder.layers.1.self_attn.out_proj.weight', 'tracker.transformer.encoder.layers.0.self_attn.out_proj.weight', 'tracker.transformer.encoder.layers.2.self_attn.v_proj.weight', 'tracker.transformer.encoder.layers.2.self_attn.k_proj.bias', 'tracker.transformer.encoder.layers.2.cross_attn_image.k_proj.bias', 'tracker.transformer.encoder.layers.1.self_attn.out_proj.bias', 'tracker.transformer.encoder.layers.1.self_attn.v_proj.weight', 'tracker.transformer.encoder.layers.0.norm3.bias', 'tracker.transformer.encoder.layers.0.self_attn.q_proj.weight', 'tracker.transformer.encoder.layers.0.cross_attn_image.v_proj.bias', 'tracker.transformer.encoder.layers.2.cross_attn_image.k_proj.weight', 'tracker.transformer.encoder.layers.0.cross_attn_image.k_proj.weight', 'tracker.transformer.encoder.layers.3.norm1.bias', 'tracker.transformer.encoder.layers.3.norm3.bias', 'tracker.transformer.encoder.layers.0.cross_attn_image.out_proj.bias', 'tracker.transformer.encoder.layers.2.self_attn.out_proj.weight', 'tracker.transformer.encoder.layers.3.norm1.weight', 'tracker.transformer.encoder.layers.1.cross_attn_image.v_proj.weight', 'tracker.transformer.encoder.norm.weight', 'tracker.transformer.encoder.layers.0.norm3.weight', 'tracker.transformer.encoder.layers.2.linear1.bias', 'tracker.transformer.encoder.layers.0.self_attn.q_proj.bias', 'tracker.transformer.encoder.layers.3.self_attn.out_proj.bias', 'tracker.transformer.encoder.layers.1.self_attn.k_proj.weight', 'tracker.transformer.encoder.layers.1.cross_attn_image.q_proj.bias', 'tracker.transformer.encoder.layers.1.linear2.weight', 'tracker.transformer.encoder.layers.1.self_attn.q_proj.weight', 'tracker.transformer.encoder.layers.3.self_attn.q_proj.weight', 'tracker.transformer.encoder.layers.2.self_attn.out_proj.bias', 'tracker.transformer.encoder.layers.3.cross_attn_image.v_proj.weight', 'tracker.transformer.encoder.layers.2.self_attn.q_proj.weight', 'tracker.transformer.encoder.layers.1.cross_attn_image.k_proj.bias', 'tracker.transformer.encoder.layers.2.self_attn.k_proj.weight', 'tracker.transformer.encoder.layers.2.norm1.weight', 'tracker.transformer.encoder.layers.3.self_attn.out_proj.weight', 'tracker.transformer.encoder.layers.1.norm2.weight', 'tracker.transformer.encoder.layers.0.self_attn.k_proj.weight', 'tracker.transformer.encoder.layers.3.cross_attn_image.v_proj.bias', 'tracker.transformer.encoder.layers.1.cross_attn_image.v_proj.bias', 'tracker.transformer.encoder.layers.0.linear2.weight', 'tracker.transformer.encoder.layers.1.cross_attn_image.k_proj.weight', 'tracker.transformer.encoder.layers.3.linear2.bias', 'tracker.transformer.encoder.layers.0.cross_attn_image.out_proj.weight', 'tracker.transformer.encoder.layers.2.norm2.bias', 'tracker.transformer.encoder.layers.3.self_attn.k_proj.weight', 'tracker.transformer.encoder.layers.3.linear2.weight', 'tracker.transformer.encoder.layers.3.cross_attn_image.out_proj.bias', 'tracker.transformer.encoder.layers.3.linear1.bias', 'tracker.transformer.encoder.layers.3.norm2.weight', 'tracker.transformer.encoder.layers.2.cross_attn_image.q_proj.bias', 'tracker.transformer.encoder.layers.2.cross_attn_image.v_proj.bias', 'tracker.transformer.encoder.layers.0.cross_attn_image.v_proj.weight', 'tracker.transformer.encoder.layers.0.norm1.weight', 'tracker.transformer.encoder.layers.3.cross_attn_image.q_proj.bias', 'tracker.transformer.encoder.layers.2.norm3.bias', 'tracker.transformer.encoder.layers.1.self_attn.q_proj.bias', 'tracker.transformer.encoder.layers.2.cross_attn_image.out_proj.bias', 'tracker.transformer.encoder.layers.1.self_attn.v_proj.bias', 'tracker.transformer.encoder.layers.2.self_attn.q_proj.bias', 'tracker.transformer.encoder.layers.0.linear2.bias', 'tracker.transformer.encoder.norm.bias', 'tracker.transformer.encoder.layers.2.norm2.weight', 'tracker.transformer.encoder.layers.2.linear2.weight', 'tracker.transformer.encoder.layers.3.norm3.weight', 'tracker.transformer.encoder.layers.1.linear1.weight', 'tracker.transformer.encoder.layers.0.cross_attn_image.q_proj.weight', 'tracker.transformer.encoder.layers.3.norm2.bias'}
INFO 2026-05-16 22:17:24,869 optimizer.py: 244: Matches for param_name [*bias*]: {'detector.backbone.language_backbone.encoder.transformer.resblocks.13.ln_1.bias', 'detector.backbone.language_backbone.encoder.transformer.resblocks.13.mlp.c_fc.bias', 'detector.geometry_encoder.encode_norm.bias', 'detector.backbone.vision_backbone.trunk.blocks.10.norm1.bias', 'detector.backbone.language_backbone.encoder.transformer.resblocks.15.mlp.c_proj.bias', 'detector.backbone.vision_backbone.trunk.blocks.18.norm1.bias', 'detector.transformer.decoder.layers.2.catext_norm.bias', 'detector.backbone.language_backbone.encoder.transformer.resblocks.15.attn.out_proj.bias', 'detector.backbone.vision_backbone.trunk.blocks.6.attn.qkv.bias', 'detector.backbone.vision_backbone.sam2_convs.3.conv_3x3.bias', 'detector.backbone.vision_backbone.trunk.blocks.4.attn.proj.bias', 'detector.transformer.decoder.layers.2.ca_text.out_proj.bias', 'detector.backbone.vision_backbone.trunk.blocks.19.mlp.fc1.bias', 'detector.geometry_encoder.encode.0.linear2.bias', 'detector.geometry_encoder.points_pos_enc_project.bias', 'detector.transformer.decoder.layers.2.linear2.bias', 'detector.backbone.vision_backbone.trunk.blocks.9.mlp.fc1.bias', 'tracker.sam_mask_decoder.pred_obj_score_head.layers.2.bias', 'detector.transformer.encoder.layers.4.self_attn.out_proj.bias', 'tracker.sam_mask_decoder.transformer.layers.1.self_attn.out_proj.bias', 'detector.backbone.language_backbone.encoder.transformer.resblocks.10.ln_2.bias', 'tracker.transformer.encoder.layers.1.linear2.bias', 'tracker.maskmem_backbone.mask_downsampler.encoder.0.bias', 'detector.backbone.vision_backbone.trunk.blocks.0.norm1.bias', 'detector.geometry_encoder.encode.1.self_attn.in_proj_bias', 'detector.geometry_encoder.encode.0.self_attn.in_proj_bias', 'detector.transformer.encoder.layers.0.linear2.bias', 'detector.backbone.vision_backbone.trunk.blocks.26.norm1.bias', 'detector.backbone.vision_backbone.sam2_convs.0.dconv_2x2_0.bias', 'tracker.transformer.encoder.layers.1.cross_attn_image.out_proj.bias', 'detector.transformer.encoder.layers.5.self_attn.out_proj.bias', 'detector.transformer.encoder.layers.5.norm1.bias', 'tracker.sam_mask_decoder.output_upscaling.0.bias', 'tracker.obj_ptr_proj.layers.0.bias', 'detector.backbone.vision_backbone.trunk.blocks.11.mlp.fc2.bias', 'tracker.sam_mask_decoder.transformer.layers.0.cross_attn_token_to_image.v_proj.bias', 'detector.transformer.decoder.layers.0.norm2.bias', 'detector.backbone.vision_backbone.trunk.blocks.11.mlp.fc1.bias', 'tracker.sam_prompt_encoder.mask_downscaling.4.bias', 'tracker.sam_mask_decoder.output_upscaling.1.bias', 'tracker.sam_mask_decoder.transformer.layers.0.mlp.lin1.bias', 'detector.backbone.language_backbone.encoder.transformer.resblocks.4.ln_1.bias', 'detector.backbone.vision_backbone.trunk.blocks.24.mlp.fc1.bias', 'detector.transformer.encoder.layers.0.norm3.bias', 'tracker.transformer.encoder.layers.1.norm1.bias', 'detector.backbone.vision_backbone.trunk.blocks.1.mlp.fc2.bias', 'detector.backbone.vision_backbone.trunk.blocks.5.mlp.fc1.bias', 'detector.transformer.decoder.layers.4.ca_text.out_proj.bias', 'tracker.sam_mask_decoder.transformer.layers.1.cross_attn_image_to_token.q_proj.bias', 'detector.backbone.vision_backbone.trunk.blocks.3.attn.qkv.bias', 'detector.transformer.encoder.layers.3.self_attn.out_proj.bias', 'detector.transformer.decoder.layers.4.cross_attn.in_proj_bias', 'detector.transformer.encoder.layers.4.norm2.bias', 'detector.backbone.vision_backbone.trunk.blocks.21.attn.proj.bias', 'tracker.sam_prompt_encoder.mask_downscaling.1.bias', 'detector.backbone.language_backbone.encoder.transformer.resblocks.16.mlp.c_fc.bias', 'detector.backbone.vision_backbone.trunk.blocks.20.attn.proj.bias', 'detector.backbone.vision_backbone.trunk.blocks.3.mlp.fc1.bias', 'detector.backbone.language_backbone.encoder.transformer.resblocks.2.attn.out_proj.bias', 'detector.backbone.vision_backbone.trunk.blocks.20.mlp.fc2.bias', 'detector.backbone.vision_backbone.trunk.blocks.18.norm2.bias', 'detector.backbone.language_backbone.encoder.transformer.resblocks.6.ln_1.bias', 'detector.transformer.decoder.layers.5.self_attn.out_proj.bias', 'detector.backbone.language_backbone.encoder.transformer.resblocks.23.mlp.c_proj.bias', 'detector.transformer.decoder.layers.1.norm2.bias', 'detector.backbone.vision_backbone.convs.0.conv_1x1.bias', 'tracker.transformer.encoder.layers.2.norm1.bias', 'detector.backbone.vision_backbone.trunk.blocks.28.attn.proj.bias', 'tracker.transformer.encoder.layers.2.self_attn.v_proj.bias', 'detector.backbone.vision_backbone.trunk.blocks.28.norm1.bias', 'detector.backbone.language_backbone.encoder.transformer.resblocks.11.mlp.c_fc.bias', 'detector.backbone.language_backbone.encoder.transformer.resblocks.11.mlp.c_proj.bias', 'tracker.transformer.encoder.layers.2.self_attn.k_proj.bias', 'detector.backbone.language_backbone.encoder.transformer.resblocks.10.attn.out_proj.bias', 'tracker.sam_mask_decoder.transformer.layers.1.norm4.bias', 'tracker.sam_mask_decoder.output_hypernetworks_mlps.3.layers.0.bias', 'detector.backbone.language_backbone.encoder.transformer.resblocks.13.attn.in_proj_bias', 'detector.backbone.language_backbone.encoder.transformer.resblocks.6.attn.in_proj_bias', 'detector.transformer.decoder.layers.4.ca_text.in_proj_bias', 'tracker.maskmem_backbone.mask_downsampler.encoder.6.bias', 'detector.backbone.vision_backbone.trunk.blocks.25.norm2.bias', 'detector.backbone.vision_backbone.trunk.blocks.1.attn.proj.bias', 'tracker.transformer.encoder.layers.1.self_attn.out_proj.bias', 'detector.backbone.vision_backbone.trunk.blocks.14.norm1.bias', 'detector.transformer.encoder.layers.1.linear1.bias', 'detector.geometry_encoder.encode.2.norm3.bias', 'tracker.sam_mask_decoder.transformer.norm_final_attn.bias', 'detector.backbone.language_backbone.encoder.transformer.resblocks.16.attn.out_proj.bias', 'tracker.sam_mask_decoder.transformer.layers.0.cross_attn_image_to_token.v_proj.bias', 'detector.transformer.decoder.ref_point_head.layers.0.bias', 'detector.backbone.vision_backbone.trunk.blocks.28.norm2.bias', 'detector.backbone.language_backbone.encoder.transformer.resblocks.16.mlp.c_proj.bias', 'detector.backbone.language_backbone.encoder.transformer.resblocks.21.mlp.c_fc.bias', 'detector.backbone.language_backbone.encoder.transformer.resblocks.20.ln_2.bias', 'detector.backbone.language_backbone.encoder.transformer.resblocks.12.mlp.c_fc.bias', 'detector.backbone.vision_backbone.trunk.blocks.22.attn.qkv.bias', 'tracker.transformer.encoder.layers.0.cross_attn_image.v_proj.bias', 'detector.backbone.vision_backbone.trunk.blocks.2.attn.qkv.bias', 'detector.transformer.decoder.bbox_embed.layers.1.bias', 'tracker.sam_mask_decoder.transformer.layers.0.cross_attn_image_to_token.out_proj.bias', 'tracker.sam_mask_decoder.output_upscaling.3.bias', 'detector.backbone.vision_backbone.trunk.blocks.16.norm2.bias', 'detector.transformer.decoder.layers.3.linear2.bias', 'detector.backbone.language_backbone.encoder.transformer.resblocks.18.ln_2.bias', 'tracker.maskmem_backbone.mask_downsampler.encoder.10.bias', 'detector.backbone.vision_backbone.trunk.blocks.25.mlp.fc2.bias', 'detector.backbone.language_backbone.encoder.transformer.resblocks.11.attn.out_proj.bias', 'detector.backbone.language_backbone.encoder.transformer.resblocks.21.mlp.c_proj.bias', 'detector.transformer.decoder.layers.5.norm2.bias', 'detector.transformer.decoder.layers.2.norm1.bias', 'detector.backbone.vision_backbone.trunk.blocks.4.norm2.bias', 'detector.geometry_encoder.points_direct_project.bias', 'detector.transformer.encoder.layers.5.cross_attn_image.out_proj.bias', 'detector.backbone.vision_backbone.trunk.blocks.14.norm2.bias', 'detector.transformer.decoder.layers.4.norm3.bias', 'detector.geometry_encoder.boxes_pos_enc_project.bias', 'detector.transformer.encoder.layers.4.linear1.bias', 'tracker.transformer.encoder.layers.0.self_attn.q_proj.bias', 'detector.backbone.language_backbone.encoder.transformer.resblocks.1.mlp.c_proj.bias', 'detector.backbone.vision_backbone.trunk.blocks.26.mlp.fc1.bias', 'detector.backbone.language_backbone.encoder.transformer.resblocks.17.mlp.c_proj.bias', 'detector.transformer.encoder.layers.5.norm2.bias', 'detector.transformer.decoder.boxRPB_embed_x.layers.0.bias', 'tracker.transformer.encoder.layers.1.cross_attn_image.q_proj.bias', 'detector.backbone.vision_backbone.trunk.blocks.6.attn.proj.bias', 'detector.backbone.vision_backbone.sam2_convs.1.dconv_2x2.bias', 'detector.backbone.vision_backbone.trunk.blocks.8.norm2.bias', 'detector.backbone.vision_backbone.trunk.blocks.9.attn.qkv.bias', 'detector.backbone.vision_backbone.trunk.blocks.13.attn.qkv.bias', 'detector.geometry_encoder.encode.2.linear2.bias', 'detector.backbone.language_backbone.encoder.transformer.resblocks.5.ln_1.bias', 'detector.backbone.vision_backbone.trunk.blocks.6.norm1.bias', 'detector.backbone.vision_backbone.trunk.blocks.27.mlp.fc2.bias', 'tracker.sam_mask_decoder.output_hypernetworks_mlps.2.layers.2.bias', 'tracker.sam_mask_decoder.transformer.layers.0.cross_attn_image_to_token.q_proj.bias', 'detector.transformer.encoder.layers.2.cross_attn_image.in_proj_bias', 'tracker.transformer.encoder.layers.1.cross_attn_image.k_proj.bias', 'detector.backbone.language_backbone.encoder.transformer.resblocks.5.mlp.c_proj.bias', 'detector.backbone.vision_backbone.sam2_convs.3.conv_1x1.bias', 'detector.backbone.language_backbone.encoder.transformer.resblocks.22.attn.out_proj.bias', 'tracker.sam_mask_decoder.transformer.final_attn_token_to_image.k_proj.bias', 'detector.backbone.vision_backbone.trunk.blocks.27.attn.qkv.bias', 'detector.backbone.language_backbone.encoder.transformer.resblocks.22.mlp.c_fc.bias', 'detector.backbone.vision_backbone.trunk.blocks.19.norm2.bias', 'detector.backbone.language_backbone.encoder.transformer.resblocks.5.attn.in_proj_bias', 'detector.backbone.vision_backbone.trunk.blocks.25.attn.proj.bias', 'detector.backbone.language_backbone.encoder.transformer.resblocks.2.ln_1.bias', 'detector.transformer.encoder.layers.2.self_attn.out_proj.bias', 'tracker.sam_mask_decoder.output_hypernetworks_mlps.0.layers.0.bias', 'detector.transformer.decoder.layers.2.self_attn.in_proj_bias', 'detector.transformer.decoder.layers.0.linear1.bias', 'detector.backbone.vision_backbone.trunk.blocks.6.mlp.fc2.bias', 'detector.backbone.vision_backbone.trunk.blocks.31.mlp.fc2.bias', 'detector.backbone.language_backbone.encoder.transformer.resblocks.3.attn.in_proj_bias', 'detector.transformer.encoder.layers.3.cross_attn_image.out_proj.bias', 'detector.backbone.vision_backbone.trunk.blocks.12.mlp.fc1.bias', 'detector.backbone.vision_backbone.trunk.blocks.22.mlp.fc2.bias', 'detector.backbone.language_backbone.encoder.transformer.resblocks.0.attn.in_proj_bias', 'tracker.transformer.encoder.layers.2.cross_attn_image.v_proj.bias', 'detector.backbone.language_backbone.encoder.transformer.resblocks.22.attn.in_proj_bias', 'detector.backbone.vision_backbone.trunk.blocks.0.mlp.fc2.bias', 'detector.backbone.vision_backbone.trunk.blocks.21.mlp.fc1.bias', 'detector.backbone.vision_backbone.trunk.blocks.28.attn.qkv.bias', 'detector.transformer.decoder.layers.5.catext_norm.bias', 'tracker.transformer.encoder.layers.2.norm3.bias', 'tracker.sam_mask_decoder.transformer.layers.0.self_attn.k_proj.bias', 'detector.transformer.decoder.layers.2.norm3.bias', 'detector.geometry_encoder.encode.0.linear1.bias', 'detector.backbone.language_backbone.encoder.transformer.resblocks.22.ln_1.bias', 'detector.transformer.decoder.layers.1.linear1.bias', 'detector.backbone.vision_backbone.trunk.blocks.2.attn.proj.bias', 'detector.transformer.decoder.layers.3.catext_norm.bias', 'detector.geometry_encoder.encode.0.self_attn.out_proj.bias', 'tracker.sam_mask_decoder.transformer.layers.1.self_attn.q_proj.bias', 'detector.backbone.vision_backbone.trunk.blocks.15.norm1.bias', 'detector.backbone.vision_backbone.trunk.blocks.9.norm1.bias', 'detector.transformer.encoder.layers.4.cross_attn_image.out_proj.bias', 'detector.backbone.vision_backbone.trunk.blocks.14.mlp.fc1.bias', 'detector.backbone.language_backbone.encoder.transformer.resblocks.14.mlp.c_fc.bias', 'detector.backbone.vision_backbone.trunk.blocks.26.mlp.fc2.bias', 'detector.backbone.vision_backbone.trunk.blocks.8.mlp.fc1.bias', 'detector.backbone.vision_backbone.sam2_convs.0.dconv_2x2_1.bias', 'detector.transformer.decoder.layers.3.ca_text.out_proj.bias', 'tracker.sam_mask_decoder.output_hypernetworks_mlps.1.layers.1.bias', 'detector.backbone.vision_backbone.convs.0.dconv_2x2_0.bias', 'tracker.sam_mask_decoder.transformer.layers.1.cross_attn_token_to_image.k_proj.bias', 'detector.transformer.encoder.layers.3.norm1.bias', 'detector.backbone.language_backbone.encoder.transformer.resblocks.12.ln_2.bias', 'tracker.sam_mask_decoder.transformer.layers.1.cross_attn_token_to_image.v_proj.bias', 'detector.backbone.vision_backbone.trunk.blocks.26.norm2.bias', 'detector.transformer.decoder.layers.1.cross_attn.out_proj.bias', 'detector.transformer.decoder.layers.5.ca_text.in_proj_bias', 'detector.backbone.language_backbone.encoder.transformer.resblocks.23.attn.out_proj.bias', 'detector.backbone.language_backbone.encoder.transformer.resblocks.13.ln_2.bias', 'detector.backbone.language_backbone.encoder.transformer.resblocks.18.attn.in_proj_bias', 'detector.transformer.decoder.layers.4.norm1.bias', 'detector.backbone.vision_backbone.trunk.blocks.29.attn.proj.bias', 'detector.backbone.vision_backbone.trunk.blocks.30.norm2.bias', 'detector.backbone.language_backbone.encoder.ln_final.bias', 'detector.backbone.language_backbone.encoder.transformer.resblocks.15.attn.in_proj_bias', 'detector.backbone.vision_backbone.convs.1.dconv_2x2.bias', 'detector.backbone.vision_backbone.trunk.blocks.21.attn.qkv.bias', 'detector.transformer.decoder.layers.1.norm1.bias', 'detector.backbone.vision_backbone.trunk.blocks.2.norm2.bias', 'detector.backbone.language_backbone.encoder.transformer.resblocks.8.ln_2.bias', 'detector.transformer.decoder.layers.5.norm1.bias', 'detector.backbone.vision_backbone.trunk.blocks.21.norm1.bias', 'detector.backbone.language_backbone.encoder.transformer.resblocks.1.ln_1.bias', 'detector.backbone.vision_backbone.trunk.blocks.20.norm2.bias', 'detector.transformer.encoder.layers.3.cross_attn_image.in_proj_bias', 'detector.backbone.language_backbone.encoder.transformer.resblocks.7.mlp.c_proj.bias', 'tracker.maskmem_backbone.mask_downsampler.encoder.7.bias', 'detector.backbone.vision_backbone.trunk.blocks.18.mlp.fc1.bias', 'detector.backbone.vision_backbone.trunk.blocks.12.norm1.bias', 'detector.backbone.vision_backbone.trunk.blocks.13.norm2.bias', 'detector.transformer.decoder.layers.0.linear2.bias', 'detector.transformer.decoder.layers.1.self_attn.in_proj_bias', 'detector.backbone.vision_backbone.trunk.blocks.8.norm1.bias', 'tracker.sam_mask_decoder.transformer.layers.1.norm1.bias', 'tracker.transformer.encoder.layers.0.cross_attn_image.q_proj.bias', 'detector.transformer.decoder.layers.2.cross_attn.out_proj.bias', 'detector.transformer.decoder.layers.1.self_attn.out_proj.bias', 'detector.backbone.vision_backbone.trunk.blocks.19.norm1.bias', 'detector.backbone.vision_backbone.sam2_convs.2.conv_1x1.bias', 'detector.backbone.vision_backbone.trunk.blocks.30.attn.proj.bias', 'tracker.sam_mask_decoder.transformer.layers.0.norm2.bias', 'tracker.transformer.encoder.layers.0.cross_attn_image.k_proj.bias', 'detector.backbone.vision_backbone.trunk.blocks.31.attn.qkv.bias', 'tracker.sam_mask_decoder.transformer.layers.1.cross_attn_token_to_image.out_proj.bias', 'detector.backbone.language_backbone.encoder.transformer.resblocks.3.ln_2.bias', 'detector.backbone.language_backbone.encoder.transformer.resblocks.2.ln_2.bias', 'detector.backbone.vision_backbone.trunk.blocks.22.attn.proj.bias', 'detector.transformer.encoder.layers.4.norm1.bias', 'detector.backbone.vision_backbone.trunk.blocks.25.norm1.bias', 'detector.backbone.vision_backbone.trunk.blocks.20.attn.qkv.bias', 'detector.transformer.decoder.layers.1.catext_norm.bias', 'tracker.transformer.encoder.layers.1.norm2.bias', 'detector.backbone.vision_backbone.convs.2.conv_3x3.bias', 'detector.backbone.vision_backbone.trunk.blocks.22.norm1.bias', 'tracker.maskmem_backbone.fuser.layers.0.pwconv2.bias', 'detector.backbone.language_backbone.encoder.transformer.resblocks.7.attn.in_proj_bias', 'detector.transformer.encoder.layers.3.norm2.bias', 'detector.transformer.encoder.layers.0.self_attn.in_proj_bias', 'detector.backbone.vision_backbone.trunk.blocks.19.mlp.fc2.bias', 'detector.transformer.encoder.layers.2.linear1.bias', 'detector.backbone.language_backbone.encoder.transformer.resblocks.3.mlp.c_proj.bias', 'detector.backbone.language_backbone.encoder.transformer.resblocks.18.ln_1.bias', 'detector.dot_prod_scoring.prompt_mlp.out_norm.bias', 'detector.backbone.language_backbone.encoder.transformer.resblocks.21.attn.out_proj.bias', 'detector.backbone.vision_backbone.trunk.blocks.3.norm2.bias', 'detector.backbone.language_backbone.encoder.transformer.resblocks.13.mlp.c_proj.bias', 'tracker.transformer.encoder.layers.2.cross_attn_image.k_proj.bias', 'tracker.sam_mask_decoder.output_hypernetworks_mlps.0.layers.2.bias', 'detector.backbone.vision_backbone.trunk.blocks.26.attn.proj.bias', 'detector.backbone.vision_backbone.trunk.blocks.31.norm1.bias', 'detector.backbone.language_backbone.encoder.transformer.resblocks.0.ln_1.bias', 'detector.backbone.language_backbone.encoder.transformer.resblocks.17.attn.in_proj_bias', 'detector.geometry_encoder.img_pre_norm.bias', 'detector.backbone.vision_backbone.trunk.blocks.23.mlp.fc2.bias', 'detector.backbone.language_backbone.encoder.transformer.resblocks.20.attn.in_proj_bias', 'detector.backbone.language_backbone.encoder.transformer.resblocks.4.ln_2.bias', 'detector.transformer.decoder.layers.4.linear2.bias', 'detector.backbone.vision_backbone.trunk.blocks.22.mlp.fc1.bias', 'tracker.transformer.encoder.layers.0.norm3.bias', 'detector.transformer.decoder.layers.3.norm3.bias', 'detector.backbone.language_backbone.encoder.transformer.resblocks.1.ln_2.bias', 'detector.backbone.vision_backbone.trunk.blocks.0.attn.proj.bias', 'detector.transformer.decoder.norm.bias', 'detector.backbone.vision_backbone.trunk.blocks.23.attn.proj.bias', 'detector.transformer.encoder.layers.3.linear1.bias', 'detector.transformer.decoder.layers.3.norm1.bias', 'detector.backbone.language_backbone.encoder.transformer.resblocks.9.ln_1.bias', 'detector.transformer.encoder.layers.0.linear1.bias', 'detector.backbone.language_backbone.encoder.transformer.resblocks.15.ln_1.bias', 'tracker.transformer.encoder.layers.3.norm1.bias', 'tracker.maskmem_backbone.fuser.layers.1.norm.bias', 'detector.transformer.encoder.layers.1.self_attn.in_proj_bias', 'detector.transformer.encoder.layers.0.cross_attn_image.out_proj.bias', 'detector.backbone.vision_backbone.trunk.ln_pre.bias', 'detector.transformer.encoder.layers.3.self_attn.in_proj_bias', 'detector.backbone.vision_backbone.trunk.blocks.2.norm1.bias', 'detector.backbone.vision_backbone.trunk.blocks.24.norm2.bias', 'detector.geometry_encoder.encode.0.norm2.bias', 'detector.transformer.decoder.layers.5.self_attn.in_proj_bias', 'detector.transformer.decoder.layers.5.cross_attn.out_proj.bias', 'detector.backbone.language_backbone.encoder.transformer.resblocks.12.mlp.c_proj.bias', 'detector.backbone.language_backbone.encoder.transformer.resblocks.7.ln_2.bias', 'tracker.transformer.encoder.layers.2.linear1.bias', 'detector.transformer.decoder.layers.3.linear1.bias', 'detector.backbone.language_backbone.encoder.transformer.resblocks.1.mlp.c_fc.bias', 'detector.backbone.vision_backbone.trunk.blocks.29.mlp.fc2.bias', 'detector.backbone.vision_backbone.convs.2.conv_1x1.bias', 'tracker.sam_mask_decoder.transformer.layers.1.self_attn.k_proj.bias', 'detector.transformer.encoder.layers.0.cross_attn_image.in_proj_bias', 'detector.backbone.vision_backbone.trunk.blocks.13.mlp.fc1.bias', 'detector.backbone.vision_backbone.trunk.blocks.11.attn.proj.bias', 'detector.segmentation_head.pixel_decoder.norms.2.bias', 'detector.geometry_encoder.encode.1.cross_attn_image.in_proj_bias', 'detector.transformer.encoder.layers.2.norm3.bias', 'tracker.transformer.encoder.layers.2.self_attn.out_proj.bias', 'detector.backbone.vision_backbone.trunk.blocks.8.attn.proj.bias', 'detector.backbone.vision_backbone.trunk.blocks.4.attn.qkv.bias', 'detector.backbone.vision_backbone.trunk.blocks.3.attn.proj.bias', 'detector.backbone.language_backbone.encoder.transformer.resblocks.7.ln_1.bias', 'detector.backbone.vision_backbone.trunk.blocks.12.attn.proj.bias', 'detector.transformer.encoder.layers.1.norm3.bias', 'detector.backbone.vision_backbone.trunk.blocks.17.attn.proj.bias', 'tracker.maskmem_backbone.fuser.layers.0.dwconv.bias', 'tracker.transformer.encoder.layers.1.cross_attn_image.v_proj.bias', 'tracker.sam_mask_decoder.output_hypernetworks_mlps.2.layers.0.bias', 'detector.backbone.language_backbone.encoder.transformer.resblocks.2.mlp.c_proj.bias', 'detector.geometry_encoder.encode.1.linear2.bias', 'detector.transformer.decoder.layers.3.self_attn.in_proj_bias', 'detector.transformer.decoder.presence_token_head.layers.0.bias', 'detector.transformer.encoder.layers.2.norm2.bias', 'detector.backbone.language_backbone.encoder.transformer.resblocks.8.mlp.c_fc.bias', 'tracker.transformer.encoder.layers.2.norm2.bias', 'detector.geometry_encoder.encode.0.cross_attn_image.in_proj_bias', 'detector.backbone.vision_backbone.trunk.blocks.6.norm2.bias', 'tracker.sam_mask_decoder.transformer.layers.0.cross_attn_token_to_image.k_proj.bias', 'tracker.transformer.encoder.layers.3.cross_attn_image.out_proj.bias', 'detector.transformer.encoder.layers.1.norm2.bias', 'detector.backbone.vision_backbone.trunk.blocks.16.attn.qkv.bias', 'detector.transformer.decoder.boxRPB_embed_y.layers.0.bias', 'tracker.transformer.encoder.layers.3.linear1.bias', 'detector.backbone.language_backbone.encoder.transformer.resblocks.5.ln_2.bias', 'tracker.sam_prompt_encoder.mask_downscaling.3.bias', 'tracker.maskmem_backbone.mask_downsampler.encoder.1.bias', 'detector.transformer.encoder.layers.2.norm1.bias', 'detector.segmentation_head.cross_attn_norm.bias', 'detector.transformer.decoder.layers.2.norm2.bias', 'detector.backbone.vision_backbone.trunk.blocks.12.mlp.fc2.bias', 'detector.geometry_encoder.norm.bias', 'detector.transformer.encoder.layers.2.self_attn.in_proj_bias', 'detector.transformer.encoder.layers.5.norm3.bias', 'detector.transformer.decoder.layers.5.linear1.bias', 'detector.transformer.decoder.boxRPB_embed_x.layers.1.bias', 'detector.segmentation_head.pixel_decoder.conv_layers.1.bias', 'detector.segmentation_head.cross_attend_prompt.in_proj_bias', 'detector.backbone.vision_backbone.trunk.blocks.30.mlp.fc1.bias', 'detector.backbone.language_backbone.encoder.transformer.resblocks.4.attn.in_proj_bias', 'tracker.transformer.encoder.layers.1.self_attn.v_proj.bias', 'detector.backbone.vision_backbone.trunk.blocks.10.mlp.fc2.bias', 'detector.backbone.language_backbone.encoder.transformer.resblocks.19.mlp.c_fc.bias', 'tracker.sam_mask_decoder.transformer.layers.0.norm3.bias', 'detector.backbone.language_backbone.encoder.transformer.resblocks.12.attn.in_proj_bias', 'detector.backbone.language_backbone.encoder.transformer.resblocks.21.ln_1.bias', 'detector.backbone.language_backbone.encoder.transformer.resblocks.18.attn.out_proj.bias', 'tracker.transformer.encoder.layers.2.self_attn.q_proj.bias', 'tracker.sam_mask_decoder.transformer.layers.1.norm3.bias', 'tracker.transformer.encoder.layers.0.linear2.bias', 'detector.backbone.vision_backbone.trunk.blocks.4.mlp.fc2.bias', 'detector.backbone.language_backbone.encoder.transformer.resblocks.20.ln_1.bias', 'tracker.sam_mask_decoder.transformer.layers.0.self_attn.v_proj.bias', 'tracker.transformer.encoder.layers.3.norm2.bias', 'tracker.transformer.encoder.layers.0.self_attn.out_proj.bias', 'tracker.maskmem_backbone.mask_downsampler.encoder.3.bias', 'detector.backbone.vision_backbone.trunk.blocks.7.norm1.bias', 'tracker.maskmem_backbone.fuser.layers.1.dwconv.bias', 'detector.backbone.language_backbone.encoder.transformer.resblocks.11.attn.in_proj_bias', 'detector.backbone.vision_backbone.trunk.blocks.30.attn.qkv.bias', 'detector.backbone.language_backbone.encoder.transformer.resblocks.19.attn.in_proj_bias', 'tracker.transformer.encoder.layers.3.self_attn.q_proj.bias', 'tracker.sam_mask_decoder.transformer.layers.0.self_attn.out_proj.bias', 'tracker.sam_prompt_encoder.mask_downscaling.6.bias', 'detector.backbone.vision_backbone.trunk.blocks.8.attn.qkv.bias', 'detector.backbone.vision_backbone.trunk.blocks.19.attn.proj.bias', 'detector.geometry_encoder.encode.0.norm3.bias', 'detector.backbone.language_backbone.resizer.bias', 'detector.backbone.vision_backbone.trunk.blocks.3.norm1.bias', 'tracker.transformer.encoder.layers.0.norm2.bias', 'detector.backbone.vision_backbone.trunk.blocks.13.norm1.bias', 'detector.backbone.vision_backbone.trunk.blocks.30.norm1.bias', 'detector.backbone.vision_backbone.trunk.blocks.12.norm2.bias', 'detector.backbone.vision_backbone.trunk.blocks.7.norm2.bias', 'detector.backbone.language_backbone.encoder.transformer.resblocks.10.mlp.c_proj.bias', 'tracker.maskmem_backbone.mask_downsampler.encoder.4.bias', 'detector.backbone.vision_backbone.trunk.blocks.16.mlp.fc1.bias', 'detector.backbone.language_backbone.encoder.transformer.resblocks.14.mlp.c_proj.bias', 'detector.backbone.language_backbone.encoder.transformer.resblocks.16.ln_1.bias', 'detector.backbone.language_backbone.encoder.transformer.resblocks.13.attn.out_proj.bias', 'detector.backbone.vision_backbone.trunk.blocks.4.mlp.fc1.bias', 'detector.backbone.language_backbone.encoder.transformer.resblocks.17.ln_2.bias', 'detector.backbone.language_backbone.encoder.transformer.resblocks.4.attn.out_proj.bias', 'detector.backbone.vision_backbone.trunk.blocks.29.attn.qkv.bias', 'detector.transformer.decoder.layers.0.cross_attn.out_proj.bias', 'tracker.transformer.encoder.layers.3.cross_attn_image.k_proj.bias', 'detector.backbone.vision_backbone.trunk.blocks.26.attn.qkv.bias', 'tracker.sam_mask_decoder.transformer.layers.1.cross_attn_image_to_token.v_proj.bias', 'detector.transformer.decoder.layers.3.ca_text.in_proj_bias', 'detector.transformer.decoder.layers.3.cross_attn.out_proj.bias', 'tracker.transformer.encoder.layers.1.linear1.bias', 'detector.backbone.language_backbone.encoder.transformer.resblocks.5.attn.out_proj.bias', 'detector.backbone.vision_backbone.trunk.blocks.14.attn.qkv.bias', 'detector.transformer.decoder.layers.0.norm3.bias', 'tracker.transformer.encoder.layers.3.self_attn.k_proj.bias', 'tracker.transformer.encoder.layers.0.self_attn.k_proj.bias', 'detector.backbone.language_backbone.encoder.transformer.resblocks.20.attn.out_proj.bias', 'detector.backbone.language_backbone.encoder.transformer.resblocks.1.attn.out_proj.bias', 'detector.backbone.vision_backbone.trunk.blocks.7.attn.proj.bias', 'detector.backbone.language_backbone.encoder.transformer.resblocks.8.attn.out_proj.bias', 'detector.backbone.vision_backbone.trunk.blocks.23.mlp.fc1.bias', 'detector.backbone.vision_backbone.trunk.blocks.9.norm2.bias', 'tracker.sam_mask_decoder.transformer.layers.1.self_attn.v_proj.bias', 'detector.backbone.language_backbone.encoder.transformer.resblocks.17.attn.out_proj.bias', 'detector.geometry_encoder.encode.2.cross_attn_image.out_proj.bias', 'tracker.sam_mask_decoder.conv_s1.bias', 'tracker.transformer.encoder.layers.0.self_attn.v_proj.bias', 'tracker.transformer.encoder.layers.1.self_attn.k_proj.bias', 'detector.transformer.decoder.layers.4.cross_attn.out_proj.bias', 'detector.backbone.vision_backbone.trunk.blocks.5.attn.proj.bias', 'detector.backbone.language_backbone.encoder.transformer.resblocks.14.attn.in_proj_bias', 'detector.segmentation_head.semantic_seg_head.bias', 'tracker.transformer.encoder.layers.0.linear1.bias', 'detector.transformer.decoder.layers.5.cross_attn.in_proj_bias', 'detector.backbone.vision_backbone.trunk.blocks.8.mlp.fc2.bias', 'detector.transformer.decoder.layers.0.cross_attn.in_proj_bias', 'detector.backbone.vision_backbone.trunk.blocks.24.attn.qkv.bias', 'detector.backbone.vision_backbone.trunk.blocks.15.attn.proj.bias', 'detector.transformer.encoder.layers.5.linear1.bias', 'tracker.maskmem_backbone.mask_downsampler.encoder.12.bias', 'detector.geometry_encoder.encode.2.self_attn.out_proj.bias', 'detector.backbone.vision_backbone.trunk.blocks.16.mlp.fc2.bias', 'detector.transformer.decoder.layers.4.norm2.bias', 'detector.transformer.encoder.layers.3.norm3.bias', 'detector.transformer.decoder.ref_point_head.layers.1.bias', 'detector.backbone.vision_backbone.trunk.blocks.10.attn.qkv.bias', 'detector.backbone.language_backbone.encoder.transformer.resblocks.16.attn.in_proj_bias', 'detector.backbone.vision_backbone.convs.3.conv_3x3.bias', 'detector.backbone.language_backbone.encoder.transformer.resblocks.4.mlp.c_proj.bias', 'detector.backbone.vision_backbone.trunk.blocks.29.mlp.fc1.bias', 'detector.transformer.decoder.layers.1.ca_text.out_proj.bias', 'detector.transformer.encoder.layers.0.self_attn.out_proj.bias', 'detector.backbone.language_backbone.encoder.transformer.resblocks.11.ln_1.bias', 'tracker.sam_prompt_encoder.mask_downscaling.0.bias', 'detector.backbone.vision_backbone.trunk.blocks.3.mlp.fc2.bias', 'detector.backbone.vision_backbone.trunk.blocks.27.norm2.bias', 'detector.transformer.encoder.layers.4.norm3.bias', 'detector.backbone.language_backbone.encoder.transformer.resblocks.10.ln_1.bias', 'detector.backbone.vision_backbone.trunk.blocks.22.norm2.bias', 'detector.backbone.vision_backbone.trunk.blocks.25.mlp.fc1.bias', 'detector.transformer.decoder.layers.0.ca_text.in_proj_bias', 'detector.transformer.encoder.layers.1.norm1.bias', 'detector.backbone.language_backbone.encoder.transformer.resblocks.6.ln_2.bias', 'detector.backbone.vision_backbone.trunk.blocks.27.attn.proj.bias', 'detector.backbone.vision_backbone.convs.0.conv_3x3.bias', 'detector.geometry_encoder.encode.2.norm2.bias', 'detector.backbone.language_backbone.encoder.transformer.resblocks.20.mlp.c_fc.bias', 'detector.backbone.language_backbone.encoder.transformer.resblocks.19.ln_1.bias', 'detector.geometry_encoder.boxes_direct_project.bias', 'tracker.transformer.encoder.layers.3.norm3.bias', 'detector.transformer.encoder.layers.4.self_attn.in_proj_bias', 'detector.backbone.vision_backbone.trunk.blocks.15.mlp.fc1.bias', 'tracker.sam_mask_decoder.transformer.layers.1.mlp.lin1.bias', 'detector.backbone.vision_backbone.trunk.blocks.20.mlp.fc1.bias', 'detector.backbone.language_backbone.encoder.transformer.resblocks.3.attn.out_proj.bias', 'detector.backbone.vision_backbone.trunk.blocks.2.mlp.fc2.bias', 'tracker.sam_mask_decoder.conv_s0.bias', 'detector.backbone.language_backbone.encoder.transformer.resblocks.10.attn.in_proj_bias', 'detector.backbone.vision_backbone.trunk.blocks.10.norm2.bias', 'detector.transformer.encoder.layers.5.linear2.bias', 'detector.backbone.language_backbone.encoder.transformer.resblocks.16.ln_2.bias', 'detector.backbone.vision_backbone.trunk.blocks.0.mlp.fc1.bias', 'tracker.sam_mask_decoder.transformer.final_attn_token_to_image.q_proj.bias', 'tracker.sam_mask_decoder.transformer.layers.0.norm1.bias', 'tracker.sam_mask_decoder.pred_obj_score_head.layers.0.bias', 'detector.backbone.language_backbone.encoder.transformer.resblocks.6.mlp.c_fc.bias', 'detector.backbone.language_backbone.encoder.transformer.resblocks.9.attn.out_proj.bias', 'detector.transformer.encoder.layers.5.self_attn.in_proj_bias', 'detector.backbone.vision_backbone.trunk.blocks.24.mlp.fc2.bias', 'detector.backbone.language_backbone.encoder.transformer.resblocks.12.attn.out_proj.bias', 'detector.backbone.language_backbone.encoder.transformer.resblocks.2.attn.in_proj_bias', 'tracker.sam_mask_decoder.transformer.layers.0.mlp.lin2.bias', 'detector.geometry_encoder.encode.2.cross_attn_image.in_proj_bias', 'detector.backbone.vision_backbone.trunk.blocks.27.mlp.fc1.bias', 'tracker.maskmem_backbone.mask_downsampler.encoder.9.bias', 'detector.backbone.vision_backbone.trunk.blocks.21.mlp.fc2.bias', 'tracker.transformer.encoder.layers.3.self_attn.out_proj.bias', 'detector.backbone.vision_backbone.trunk.blocks.5.mlp.fc2.bias', 'detector.backbone.language_backbone.encoder.transformer.resblocks.17.mlp.c_fc.bias', 'detector.backbone.vision_backbone.trunk.blocks.15.mlp.fc2.bias', 'detector.segmentation_head.instance_seg_head.bias', 'detector.backbone.vision_backbone.trunk.blocks.17.mlp.fc1.bias', 'detector.backbone.vision_backbone.convs.1.conv_1x1.bias', 'detector.backbone.language_backbone.encoder.transformer.resblocks.21.ln_2.bias', 'detector.transformer.decoder.boxRPB_embed_y.layers.1.bias', 'detector.backbone.vision_backbone.sam2_convs.0.conv_1x1.bias', 'detector.backbone.language_backbone.encoder.transformer.resblocks.21.attn.in_proj_bias', 'detector.backbone.language_backbone.encoder.transformer.resblocks.8.attn.in_proj_bias', 'detector.backbone.language_backbone.encoder.transformer.resblocks.0.mlp.c_proj.bias', 'detector.geometry_encoder.encode.2.linear1.bias', 'detector.backbone.vision_backbone.trunk.blocks.29.norm2.bias', 'detector.backbone.vision_backbone.trunk.blocks.19.attn.qkv.bias', 'detector.segmentation_head.mask_predictor.mask_embed.layers.1.bias', 'detector.backbone.language_backbone.encoder.transformer.resblocks.14.ln_2.bias', 'detector.transformer.decoder.presence_token_out_norm.bias', 'detector.geometry_encoder.boxes_pool_project.bias', 'tracker.sam_mask_decoder.transformer.layers.0.self_attn.q_proj.bias', 'detector.backbone.language_backbone.encoder.transformer.resblocks.8.ln_1.bias', 'detector.backbone.language_backbone.encoder.transformer.resblocks.9.mlp.c_fc.bias', 'detector.backbone.vision_backbone.trunk.blocks.16.attn.proj.bias', 'tracker.sam_mask_decoder.transformer.layers.1.norm2.bias', 'detector.backbone.language_backbone.encoder.transformer.resblocks.18.mlp.c_proj.bias', 'tracker.transformer.encoder.layers.3.linear2.bias', 'detector.transformer.encoder.layers.4.linear2.bias', 'detector.backbone.vision_backbone.trunk.blocks.9.attn.proj.bias', 'detector.backbone.vision_backbone.trunk.blocks.17.mlp.fc2.bias', 'tracker.sam_mask_decoder.output_hypernetworks_mlps.0.layers.1.bias', 'detector.backbone.language_backbone.encoder.transformer.resblocks.19.ln_2.bias', 'detector.backbone.vision_backbone.trunk.blocks.11.norm1.bias', 'detector.transformer.encoder.layers.1.cross_attn_image.in_proj_bias', 'detector.backbone.language_backbone.encoder.transformer.resblocks.20.mlp.c_proj.bias', 'detector.backbone.language_backbone.encoder.transformer.resblocks.11.ln_2.bias', 'detector.backbone.vision_backbone.trunk.blocks.18.attn.proj.bias', 'detector.backbone.vision_backbone.trunk.blocks.13.attn.proj.bias', 'detector.backbone.language_backbone.encoder.transformer.resblocks.10.mlp.c_fc.bias', 'detector.transformer.decoder.bbox_embed.layers.2.bias', 'tracker.sam_mask_decoder.transformer.layers.0.norm4.bias', 'tracker.transformer.encoder.layers.3.cross_attn_image.q_proj.bias', 'detector.backbone.vision_backbone.trunk.blocks.1.mlp.fc1.bias', 'detector.transformer.decoder.layers.5.ca_text.out_proj.bias', 'detector.transformer.encoder.layers.3.linear2.bias', 'detector.transformer.decoder.layers.4.catext_norm.bias', 'detector.dot_prod_scoring.prompt_mlp.layers.1.bias', 'tracker.sam_mask_decoder.output_hypernetworks_mlps.1.layers.0.bias', 'tracker.sam_mask_decoder.output_hypernetworks_mlps.3.layers.1.bias', 'detector.backbone.vision_backbone.trunk.blocks.24.attn.proj.bias', 'detector.transformer.decoder.layers.1.norm3.bias', 'detector.backbone.language_backbone.encoder.transformer.resblocks.18.mlp.c_fc.bias', 'detector.backbone.language_backbone.encoder.transformer.resblocks.6.mlp.c_proj.bias', 'tracker.transformer.encoder.norm.bias', 'detector.backbone.language_backbone.encoder.transformer.resblocks.9.attn.in_proj_bias', 'detector.transformer.decoder.layers.3.self_attn.out_proj.bias', 'detector.backbone.vision_backbone.trunk.blocks.14.mlp.fc2.bias', 'detector.geometry_encoder.encode.1.norm2.bias', 'detector.backbone.vision_backbone.trunk.blocks.28.mlp.fc2.bias', 'detector.transformer.decoder.layers.3.norm2.bias', 'detector.backbone.vision_backbone.trunk.blocks.17.norm1.bias', 'detector.backbone.vision_backbone.sam2_convs.1.conv_1x1.bias', 'detector.transformer.decoder.layers.1.linear2.bias', 'detector.backbone.language_backbone.encoder.transformer.resblocks.22.mlp.c_proj.bias', 'detector.backbone.language_backbone.encoder.transformer.resblocks.23.ln_1.bias', 'tracker.transformer.encoder.layers.2.linear2.bias', 'detector.segmentation_head.mask_predictor.mask_embed.layers.2.bias', 'tracker.sam_mask_decoder.iou_prediction_head.layers.0.bias', 'tracker.mask_downsample.bias', 'detector.transformer.encoder.layers.0.norm1.bias', 'detector.backbone.vision_backbone.trunk.blocks.10.mlp.fc1.bias', 'tracker.sam_mask_decoder.transformer.final_attn_token_to_image.v_proj.bias', 'detector.backbone.vision_backbone.trunk.blocks.6.mlp.fc1.bias', 'detector.segmentation_head.pixel_decoder.norms.0.bias', 'detector.backbone.language_backbone.encoder.transformer.resblocks.9.mlp.c_proj.bias', 'detector.backbone.vision_backbone.trunk.blocks.21.norm2.bias', 'detector.backbone.vision_backbone.trunk.blocks.4.norm1.bias', 'detector.backbone.vision_backbone.trunk.blocks.16.norm1.bias', 'detector.geometry_encoder.encode.2.norm1.bias', 'tracker.transformer.encoder.layers.0.norm1.bias', 'detector.transformer.decoder.layers.3.cross_attn.in_proj_bias', 'detector.geometry_encoder.encode.1.cross_attn_image.out_proj.bias', 'detector.backbone.vision_backbone.trunk.blocks.15.attn.qkv.bias', 'tracker.sam_mask_decoder.transformer.final_attn_token_to_image.out_proj.bias', 'tracker.sam_mask_decoder.transformer.layers.0.cross_attn_token_to_image.q_proj.bias', 'detector.backbone.language_backbone.encoder.transformer.resblocks.8.mlp.c_proj.bias', 'tracker.sam_mask_decoder.transformer.layers.1.cross_attn_token_to_image.q_proj.bias', 'tracker.maskmem_backbone.out_proj.bias', 'tracker.sam_mask_decoder.iou_prediction_head.layers.2.bias', 'tracker.transformer.encoder.layers.1.norm3.bias', 'detector.transformer.decoder.layers.0.norm1.bias', 'tracker.sam_mask_decoder.output_hypernetworks_mlps.2.layers.1.bias', 'detector.backbone.language_backbone.encoder.transformer.resblocks.15.ln_2.bias', 'tracker.sam_mask_decoder.pred_obj_score_head.layers.1.bias', 'tracker.obj_ptr_proj.layers.2.bias', 'detector.backbone.vision_backbone.trunk.blocks.25.attn.qkv.bias', 'detector.dot_prod_scoring.hs_proj.bias', 'detector.transformer.encoder.layers.1.cross_attn_image.out_proj.bias', 'detector.transformer.encoder.layers.1.linear2.bias', 'detector.geometry_encoder.encode.0.cross_attn_image.out_proj.bias', 'detector.backbone.language_backbone.encoder.transformer.resblocks.0.mlp.c_fc.bias', 'tracker.maskmem_backbone.fuser.layers.0.norm.bias', 'detector.backbone.vision_backbone.trunk.blocks.23.norm1.bias', 'detector.backbone.vision_backbone.trunk.blocks.7.mlp.fc2.bias', 'detector.transformer.decoder.layers.0.catext_norm.bias', 'tracker.transformer.encoder.layers.3.self_attn.v_proj.bias', 'detector.backbone.language_backbone.encoder.transformer.resblocks.4.mlp.c_fc.bias', 'detector.backbone.vision_backbone.sam2_convs.2.conv_3x3.bias', 'detector.backbone.vision_backbone.trunk.blocks.23.attn.qkv.bias', 'detector.transformer.decoder.layers.5.norm3.bias', 'detector.backbone.vision_backbone.trunk.blocks.31.mlp.fc1.bias', 'detector.transformer.decoder.presence_token_head.layers.1.bias', 'detector.backbone.vision_backbone.trunk.blocks.30.mlp.fc2.bias', 'tracker.sam_mask_decoder.transformer.layers.0.cross_attn_image_to_token.k_proj.bias', 'tracker.sam_mask_decoder.iou_prediction_head.layers.1.bias', 'detector.backbone.language_backbone.encoder.transformer.resblocks.23.mlp.c_fc.bias', 'detector.transformer.encoder.layers.2.linear2.bias', 'detector.backbone.language_backbone.encoder.transformer.resblocks.7.mlp.c_fc.bias', 'detector.backbone.vision_backbone.trunk.blocks.17.norm2.bias', 'detector.segmentation_head.pixel_decoder.conv_layers.2.bias', 'detector.backbone.vision_backbone.sam2_convs.1.conv_3x3.bias', 'detector.backbone.language_backbone.encoder.transformer.resblocks.7.attn.out_proj.bias', 'detector.backbone.vision_backbone.convs.3.conv_1x1.bias', 'detector.backbone.vision_backbone.trunk.blocks.23.norm2.bias', 'detector.backbone.vision_backbone.trunk.blocks.17.attn.qkv.bias', 'detector.geometry_encoder.encode.1.linear1.bias', 'tracker.sam_mask_decoder.output_hypernetworks_mlps.1.layers.2.bias', 'detector.backbone.vision_backbone.trunk.blocks.31.attn.proj.bias', 'detector.backbone.vision_backbone.trunk.blocks.15.norm2.bias', 'tracker.maskmem_backbone.fuser.layers.1.pwconv2.bias', 'tracker.obj_ptr_tpos_proj.bias', 'detector.backbone.language_backbone.encoder.transformer.resblocks.5.mlp.c_fc.bias', 'detector.backbone.language_backbone.encoder.transformer.resblocks.0.attn.out_proj.bias', 'detector.transformer.decoder.layers.2.ca_text.in_proj_bias', 'detector.geometry_encoder.encode.1.norm1.bias', 'detector.geometry_encoder.points_pool_project.bias', 'detector.backbone.vision_backbone.trunk.blocks.1.attn.qkv.bias', 'detector.backbone.language_backbone.encoder.transformer.resblocks.6.attn.out_proj.bias', 'tracker.sam_mask_decoder.transformer.layers.1.mlp.lin2.bias', 'detector.backbone.language_backbone.encoder.transformer.resblocks.17.ln_1.bias', 'detector.dot_prod_scoring.prompt_mlp.layers.0.bias', 'detector.backbone.vision_backbone.trunk.blocks.27.norm1.bias', 'detector.backbone.vision_backbone.trunk.blocks.1.norm2.bias', 'detector.transformer.decoder.layers.1.ca_text.in_proj_bias', 'detector.transformer.encoder.layers.1.self_attn.out_proj.bias', 'detector.backbone.language_backbone.encoder.transformer.resblocks.1.attn.in_proj_bias', 'detector.transformer.decoder.presence_token_head.layers.2.bias', 'detector.backbone.vision_backbone.trunk.blocks.9.mlp.fc2.bias', 'detector.transformer.decoder.layers.4.self_attn.out_proj.bias', 'detector.backbone.vision_backbone.trunk.blocks.7.mlp.fc1.bias', 'tracker.maskmem_backbone.pix_feat_proj.bias', 'detector.transformer.decoder.layers.4.linear1.bias', 'detector.backbone.vision_backbone.trunk.blocks.2.mlp.fc1.bias', 'detector.backbone.language_backbone.encoder.transformer.resblocks.23.ln_2.bias', 'tracker.transformer.encoder.layers.0.cross_attn_image.out_proj.bias', 'detector.backbone.language_backbone.encoder.transformer.resblocks.0.ln_2.bias', 'detector.backbone.language_backbone.encoder.transformer.resblocks.19.mlp.c_proj.bias', 'tracker.sam_mask_decoder.output_hypernetworks_mlps.3.layers.2.bias', 'detector.backbone.language_backbone.encoder.transformer.resblocks.9.ln_2.bias', 'detector.segmentation_head.pixel_decoder.conv_layers.0.bias', 'detector.geometry_encoder.encode.2.self_attn.in_proj_bias', 'detector.backbone.vision_backbone.trunk.blocks.18.attn.qkv.bias', 'detector.transformer.decoder.layers.0.self_attn.out_proj.bias', 'detector.backbone.vision_backbone.trunk.blocks.5.attn.qkv.bias', 'detector.backbone.vision_backbone.trunk.blocks.5.norm2.bias', 'detector.transformer.decoder.layers.1.cross_attn.in_proj_bias', 'detector.backbone.vision_backbone.trunk.blocks.11.norm2.bias', 'detector.backbone.vision_backbone.trunk.blocks.20.norm1.bias', 'detector.backbone.language_backbone.encoder.transformer.resblocks.19.attn.out_proj.bias', 'detector.transformer.decoder.layers.4.self_attn.in_proj_bias', 'detector.backbone.vision_backbone.trunk.blocks.5.norm1.bias', 'detector.transformer.decoder.layers.2.cross_attn.in_proj_bias', 'detector.transformer.decoder.layers.0.self_attn.in_proj_bias', 'detector.backbone.vision_backbone.trunk.blocks.11.attn.qkv.bias', 'detector.backbone.vision_backbone.trunk.blocks.1.norm1.bias', 'detector.backbone.language_backbone.encoder.transformer.resblocks.15.mlp.c_fc.bias', 'detector.backbone.vision_backbone.convs.1.conv_3x3.bias', 'tracker.sam_mask_decoder.transformer.layers.0.cross_attn_token_to_image.out_proj.bias', 'detector.geometry_encoder.encode.1.self_attn.out_proj.bias', 'detector.backbone.vision_backbone.trunk.blocks.12.attn.qkv.bias', 'detector.geometry_encoder.final_proj.bias', 'detector.geometry_encoder.encode.1.norm3.bias', 'detector.backbone.vision_backbone.trunk.blocks.18.mlp.fc2.bias', 'detector.dot_prod_scoring.prompt_proj.bias', 'detector.segmentation_head.pixel_decoder.norms.1.bias', 'detector.backbone.vision_backbone.trunk.blocks.31.norm2.bias', 'tracker.transformer.encoder.layers.3.cross_attn_image.v_proj.bias', 'detector.backbone.language_backbone.encoder.transformer.resblocks.2.mlp.c_fc.bias', 'tracker.maskmem_backbone.fuser.layers.0.pwconv1.bias', 'detector.backbone.language_backbone.encoder.transformer.resblocks.14.attn.out_proj.bias', 'detector.transformer.decoder.bbox_embed.layers.0.bias', 'detector.backbone.vision_backbone.trunk.blocks.7.attn.qkv.bias', 'detector.backbone.language_backbone.encoder.transformer.resblocks.14.ln_1.bias', 'detector.backbone.vision_backbone.trunk.blocks.24.norm1.bias', 'tracker.obj_ptr_proj.layers.1.bias', 'detector.backbone.vision_backbone.trunk.blocks.0.attn.qkv.bias', 'detector.backbone.vision_backbone.trunk.blocks.28.mlp.fc1.bias', 'detector.backbone.language_backbone.encoder.transformer.resblocks.3.mlp.c_fc.bias', 'tracker.transformer.encoder.layers.2.cross_attn_image.q_proj.bias', 'detector.geometry_encoder.encode.0.norm1.bias', 'tracker.sam_mask_decoder.transformer.layers.1.cross_attn_image_to_token.out_proj.bias', 'detector.transformer.decoder.layers.5.linear2.bias', 'detector.backbone.vision_backbone.trunk.blocks.13.mlp.fc2.bias', 'detector.transformer.encoder.layers.4.cross_attn_image.in_proj_bias', 'detector.transformer.decoder.layers.0.ca_text.out_proj.bias', 'detector.backbone.vision_backbone.convs.0.dconv_2x2_1.bias', 'tracker.sam_mask_decoder.transformer.layers.1.cross_attn_image_to_token.k_proj.bias', 'detector.backbone.vision_backbone.trunk.blocks.14.attn.proj.bias', 'detector.segmentation_head.mask_predictor.mask_embed.layers.0.bias', 'tracker.transformer.encoder.layers.1.self_attn.q_proj.bias', 'tracker.transformer.encoder.layers.2.cross_attn_image.out_proj.bias', 'detector.backbone.language_backbone.encoder.transformer.resblocks.23.attn.in_proj_bias', 'detector.backbone.language_backbone.encoder.transformer.resblocks.12.ln_1.bias', 'detector.transformer.decoder.layers.2.self_attn.out_proj.bias', 'detector.segmentation_head.cross_attend_prompt.out_proj.bias', 'detector.backbone.language_backbone.encoder.transformer.resblocks.22.ln_2.bias', 'detector.backbone.language_backbone.encoder.transformer.resblocks.3.ln_1.bias', 'detector.transformer.encoder.layers.2.cross_attn_image.out_proj.bias', 'detector.backbone.vision_backbone.sam2_convs.0.conv_3x3.bias', 'detector.backbone.vision_backbone.trunk.blocks.0.norm2.bias', 'detector.transformer.encoder.layers.5.cross_attn_image.in_proj_bias', 'detector.backbone.vision_backbone.trunk.blocks.10.attn.proj.bias', 'detector.transformer.decoder.layers.2.linear1.bias', 'tracker.maskmem_backbone.fuser.layers.1.pwconv1.bias', 'detector.transformer.encoder.layers.0.norm2.bias', 'detector.backbone.vision_backbone.trunk.blocks.29.norm1.bias'}
INFO 2026-05-16 22:17:24,877 optimizer.py: 216: Matches for module_cls_name [torch.nn.LayerNorm]: {'detector.backbone.language_backbone.encoder.transformer.resblocks.13.ln_1.bias', 'detector.transformer.decoder.layers.4.catext_norm.weight', 'detector.geometry_encoder.encode.1.norm3.weight', 'detector.backbone.vision_backbone.trunk.blocks.10.norm1.bias', 'detector.geometry_encoder.encode_norm.bias', 'detector.backbone.vision_backbone.trunk.blocks.18.norm1.bias', 'detector.transformer.decoder.layers.2.catext_norm.bias', 'detector.transformer.decoder.layers.4.norm1.weight', 'tracker.transformer.encoder.layers.0.norm2.weight', 'detector.backbone.language_backbone.encoder.transformer.resblocks.10.ln_2.bias', 'detector.backbone.vision_backbone.trunk.blocks.0.norm1.bias', 'detector.backbone.vision_backbone.trunk.blocks.26.norm1.bias', 'detector.transformer.encoder.layers.5.norm1.bias', 'detector.transformer.decoder.layers.0.norm2.bias', 'detector.backbone.language_backbone.encoder.transformer.resblocks.4.ln_1.bias', 'detector.transformer.encoder.layers.0.norm3.bias', 'tracker.transformer.encoder.layers.1.norm1.bias', 'detector.transformer.decoder.layers.0.norm1.weight', 'detector.transformer.encoder.layers.4.norm2.bias', 'detector.transformer.decoder.layers.1.norm3.weight', 'detector.transformer.encoder.layers.3.norm2.weight', 'detector.backbone.vision_backbone.trunk.blocks.18.norm2.bias', 'detector.backbone.language_backbone.encoder.transformer.resblocks.6.ln_1.bias', 'detector.transformer.decoder.layers.1.norm2.bias', 'tracker.transformer.encoder.layers.2.norm1.bias', 'detector.backbone.language_backbone.encoder.transformer.resblocks.22.ln_2.weight', 'detector.backbone.vision_backbone.trunk.blocks.28.norm1.bias', 'detector.backbone.vision_backbone.trunk.blocks.27.norm1.weight', 'detector.backbone.vision_backbone.trunk.blocks.31.norm2.weight', 'detector.geometry_encoder.img_pre_norm.weight', 'detector.backbone.language_backbone.encoder.transformer.resblocks.16.ln_1.weight', 'tracker.sam_mask_decoder.transformer.layers.1.norm4.bias', 'tracker.sam_mask_decoder.transformer.norm_final_attn.weight', 'detector.backbone.vision_backbone.trunk.blocks.25.norm2.bias', 'detector.transformer.encoder.layers.1.norm2.weight', 'detector.backbone.vision_backbone.trunk.blocks.14.norm1.bias', 'detector.geometry_encoder.encode.2.norm3.bias', 'tracker.sam_mask_decoder.transformer.norm_final_attn.bias', 'detector.backbone.vision_backbone.trunk.blocks.5.norm2.weight', 'detector.backbone.vision_backbone.trunk.blocks.28.norm2.bias', 'detector.backbone.language_backbone.encoder.transformer.resblocks.14.ln_2.weight', 'detector.transformer.decoder.layers.5.norm2.weight', 'detector.backbone.language_backbone.encoder.transformer.resblocks.20.ln_2.bias', 'detector.backbone.vision_backbone.trunk.blocks.16.norm2.bias', 'detector.transformer.decoder.layers.1.catext_norm.weight', 'detector.backbone.language_backbone.encoder.transformer.resblocks.18.ln_2.bias', 'detector.backbone.language_backbone.encoder.transformer.resblocks.7.ln_2.weight', 'detector.backbone.language_backbone.encoder.transformer.resblocks.4.ln_1.weight', 'tracker.sam_mask_decoder.transformer.layers.1.norm4.weight', 'detector.transformer.decoder.layers.5.norm2.bias', 'detector.backbone.vision_backbone.trunk.blocks.16.norm2.weight', 'detector.transformer.decoder.layers.2.norm1.bias', 'detector.geometry_encoder.norm.weight', 'detector.backbone.vision_backbone.trunk.blocks.4.norm2.bias', 'tracker.transformer.encoder.layers.0.norm3.weight', 'detector.geometry_encoder.encode_norm.weight', 'detector.backbone.vision_backbone.trunk.blocks.14.norm2.bias', 'detector.transformer.decoder.layers.4.norm3.bias', 'detector.backbone.vision_backbone.trunk.blocks.21.norm1.weight', 'detector.transformer.decoder.layers.0.catext_norm.weight', 'detector.transformer.encoder.layers.5.norm2.bias', 'detector.backbone.vision_backbone.trunk.blocks.13.norm1.weight', 'detector.transformer.encoder.layers.2.norm1.weight', 'detector.backbone.vision_backbone.trunk.blocks.8.norm2.bias', 'detector.backbone.vision_backbone.trunk.blocks.21.norm2.weight', 'detector.backbone.language_backbone.encoder.transformer.resblocks.5.ln_1.bias', 'detector.backbone.vision_backbone.trunk.blocks.6.norm1.bias', 'detector.backbone.language_backbone.encoder.transformer.resblocks.6.ln_1.weight', 'detector.geometry_encoder.encode.0.norm1.weight', 'detector.backbone.vision_backbone.trunk.blocks.19.norm2.bias', 'detector.backbone.language_backbone.encoder.transformer.resblocks.2.ln_1.bias', 'detector.backbone.language_backbone.encoder.transformer.resblocks.1.ln_2.weight', 'detector.transformer.decoder.layers.2.norm1.weight', 'detector.backbone.vision_backbone.trunk.blocks.30.norm1.weight', 'detector.backbone.vision_backbone.trunk.blocks.18.norm2.weight', 'detector.backbone.vision_backbone.trunk.blocks.0.norm1.weight', 'detector.backbone.language_backbone.encoder.ln_final.weight', 'detector.backbone.vision_backbone.trunk.blocks.4.norm2.weight', 'detector.transformer.decoder.layers.5.catext_norm.bias', 'detector.backbone.language_backbone.encoder.transformer.resblocks.13.ln_2.weight', 'detector.backbone.language_backbone.encoder.transformer.resblocks.17.ln_1.weight', 'tracker.transformer.encoder.layers.2.norm3.bias', 'detector.transformer.decoder.layers.2.norm3.weight', 'detector.transformer.decoder.layers.2.norm3.bias', 'detector.backbone.vision_backbone.trunk.blocks.20.norm2.weight', 'detector.backbone.language_backbone.encoder.transformer.resblocks.22.ln_1.bias', 'detector.backbone.vision_backbone.trunk.blocks.27.norm2.weight', 'detector.transformer.encoder.layers.5.norm1.weight', 'detector.transformer.decoder.layers.3.catext_norm.bias', 'tracker.transformer.encoder.layers.3.norm3.weight', 'detector.backbone.language_backbone.encoder.transformer.resblocks.17.ln_2.weight', 'detector.transformer.decoder.layers.2.catext_norm.weight', 'detector.backbone.vision_backbone.trunk.blocks.15.norm1.bias', 'detector.backbone.vision_backbone.trunk.blocks.9.norm1.bias', 'detector.transformer.decoder.presence_token_out_norm.weight', 'detector.transformer.encoder.layers.3.norm1.bias', 'detector.backbone.language_backbone.encoder.transformer.resblocks.12.ln_2.bias', 'detector.backbone.vision_backbone.trunk.blocks.26.norm2.bias', 'detector.backbone.language_backbone.encoder.transformer.resblocks.5.ln_1.weight', 'detector.backbone.language_backbone.encoder.transformer.resblocks.8.ln_1.weight', 'tracker.sam_mask_decoder.transformer.layers.0.norm2.weight', 'detector.backbone.language_backbone.encoder.transformer.resblocks.13.ln_2.bias', 'detector.backbone.vision_backbone.trunk.ln_pre.weight', 'detector.transformer.decoder.layers.4.norm1.bias', 'detector.backbone.vision_backbone.trunk.blocks.28.norm2.weight', 'detector.backbone.vision_backbone.trunk.blocks.30.norm2.bias', 'detector.backbone.language_backbone.encoder.ln_final.bias', 'detector.transformer.decoder.layers.1.norm1.bias', 'detector.backbone.vision_backbone.trunk.blocks.2.norm2.bias', 'detector.backbone.language_backbone.encoder.transformer.resblocks.8.ln_2.bias', 'detector.transformer.decoder.layers.5.norm1.bias', 'detector.backbone.vision_backbone.trunk.blocks.21.norm1.bias', 'detector.backbone.language_backbone.encoder.transformer.resblocks.1.ln_1.bias', 'detector.backbone.vision_backbone.trunk.blocks.20.norm2.bias', 'detector.backbone.language_backbone.encoder.transformer.resblocks.22.ln_1.weight', 'detector.backbone.vision_backbone.trunk.blocks.12.norm1.weight', 'detector.backbone.vision_backbone.trunk.blocks.12.norm1.bias', 'detector.backbone.vision_backbone.trunk.blocks.13.norm2.bias', 'detector.backbone.vision_backbone.trunk.blocks.8.norm1.bias', 'tracker.sam_mask_decoder.transformer.layers.1.norm1.bias', 'detector.backbone.vision_backbone.trunk.blocks.24.norm1.weight', 'detector.backbone.vision_backbone.trunk.blocks.19.norm1.bias', 'detector.transformer.decoder.layers.3.norm3.weight', 'detector.backbone.language_backbone.encoder.transformer.resblocks.19.ln_1.weight', 'tracker.sam_mask_decoder.transformer.layers.0.norm2.bias', 'detector.backbone.language_backbone.encoder.transformer.resblocks.14.ln_1.weight', 'detector.backbone.language_backbone.encoder.transformer.resblocks.3.ln_2.bias', 'detector.transformer.decoder.layers.0.norm3.weight', 'detector.backbone.language_backbone.encoder.transformer.resblocks.2.ln_2.bias', 'detector.transformer.encoder.layers.4.norm1.bias', 'detector.backbone.language_backbone.encoder.transformer.resblocks.0.ln_2.weight', 'detector.backbone.vision_backbone.trunk.blocks.11.norm2.weight', 'detector.backbone.vision_backbone.trunk.blocks.25.norm1.bias', 'detector.transformer.decoder.layers.1.catext_norm.bias', 'tracker.transformer.encoder.layers.1.norm2.bias', 'detector.backbone.vision_backbone.trunk.blocks.22.norm1.bias', 'detector.transformer.encoder.layers.3.norm2.bias', 'detector.backbone.language_backbone.encoder.transformer.resblocks.18.ln_1.bias', 'detector.dot_prod_scoring.prompt_mlp.out_norm.bias', 'detector.backbone.vision_backbone.trunk.blocks.3.norm2.bias', 'detector.backbone.language_backbone.encoder.transformer.resblocks.6.ln_2.weight', 'detector.geometry_encoder.encode.2.norm2.weight', 'detector.backbone.vision_backbone.trunk.blocks.31.norm1.bias', 'detector.backbone.language_backbone.encoder.transformer.resblocks.0.ln_1.bias', 'detector.transformer.decoder.layers.4.norm3.weight', 'detector.geometry_encoder.img_pre_norm.bias', 'detector.backbone.vision_backbone.trunk.blocks.24.norm2.weight', 'detector.backbone.language_backbone.encoder.transformer.resblocks.4.ln_2.bias', 'tracker.transformer.encoder.layers.0.norm3.bias', 'detector.transformer.decoder.layers.3.norm3.bias', 'detector.backbone.language_backbone.encoder.transformer.resblocks.1.ln_2.bias', 'detector.transformer.encoder.layers.0.norm2.weight', 'detector.transformer.decoder.norm.bias', 'detector.transformer.decoder.layers.3.norm1.bias', 'detector.backbone.language_backbone.encoder.transformer.resblocks.9.ln_1.bias', 'detector.backbone.vision_backbone.trunk.blocks.7.norm2.weight', 'detector.backbone.language_backbone.encoder.transformer.resblocks.15.ln_1.bias', 'tracker.transformer.encoder.layers.3.norm1.bias', 'detector.backbone.language_backbone.encoder.transformer.resblocks.1.ln_1.weight', 'detector.backbone.language_backbone.encoder.transformer.resblocks.3.ln_2.weight', 'detector.backbone.vision_backbone.trunk.ln_pre.bias', 'detector.backbone.vision_backbone.trunk.blocks.2.norm1.bias', 'detector.backbone.vision_backbone.trunk.blocks.26.norm1.weight', 'detector.backbone.vision_backbone.trunk.blocks.24.norm2.bias', 'tracker.transformer.encoder.norm.weight', 'detector.geometry_encoder.encode.0.norm2.bias', 'detector.backbone.vision_backbone.trunk.blocks.28.norm1.weight', 'detector.backbone.language_backbone.encoder.transformer.resblocks.7.ln_2.bias', 'detector.backbone.language_backbone.encoder.transformer.resblocks.3.ln_1.weight', 'detector.transformer.decoder.layers.3.norm1.weight', 'detector.backbone.vision_backbone.trunk.blocks.13.norm2.weight', 'detector.transformer.encoder.layers.3.norm3.weight', 'detector.backbone.vision_backbone.trunk.blocks.10.norm1.weight', 'detector.transformer.encoder.layers.2.norm3.bias', 'detector.backbone.language_backbone.encoder.transformer.resblocks.7.ln_1.bias', 'detector.backbone.vision_backbone.trunk.blocks.7.norm1.weight', 'detector.backbone.language_backbone.encoder.transformer.resblocks.2.ln_2.weight', 'detector.transformer.encoder.layers.1.norm3.bias', 'detector.transformer.encoder.layers.2.norm2.bias', 'tracker.transformer.encoder.layers.2.norm2.bias', 'detector.backbone.language_backbone.encoder.transformer.resblocks.16.ln_2.weight', 'detector.backbone.vision_backbone.trunk.blocks.6.norm2.bias', 'detector.transformer.encoder.layers.1.norm2.bias', 'detector.transformer.encoder.layers.3.norm1.weight', 'tracker.transformer.encoder.layers.3.norm2.weight', 'detector.backbone.language_backbone.encoder.transformer.resblocks.5.ln_2.bias', 'detector.backbone.vision_backbone.trunk.blocks.0.norm2.weight', 'detector.transformer.encoder.layers.2.norm1.bias', 'detector.segmentation_head.cross_attn_norm.bias', 'detector.transformer.decoder.layers.2.norm2.bias', 'detector.geometry_encoder.norm.bias', 'tracker.sam_mask_decoder.transformer.layers.0.norm4.weight', 'detector.transformer.encoder.layers.5.norm3.bias', 'detector.transformer.encoder.layers.5.norm3.weight', 'tracker.sam_mask_decoder.transformer.layers.0.norm3.bias', 'detector.backbone.language_backbone.encoder.transformer.resblocks.21.ln_1.bias', 'tracker.sam_mask_decoder.transformer.layers.1.norm3.bias', 'detector.backbone.vision_backbone.trunk.blocks.23.norm2.weight', 'detector.backbone.language_backbone.encoder.transformer.resblocks.20.ln_1.bias', 'detector.geometry_encoder.encode.2.norm1.weight', 'tracker.transformer.encoder.layers.3.norm2.bias', 'detector.backbone.vision_backbone.trunk.blocks.7.norm1.bias', 'detector.backbone.language_backbone.encoder.transformer.resblocks.8.ln_2.weight', 'detector.backbone.language_backbone.encoder.transformer.resblocks.19.ln_2.weight', 'tracker.transformer.encoder.layers.2.norm3.weight', 'detector.geometry_encoder.encode.0.norm3.bias', 'detector.backbone.vision_backbone.trunk.blocks.3.norm2.weight', 'tracker.transformer.encoder.layers.1.norm3.weight', 'tracker.transformer.encoder.layers.1.norm1.weight', 'detector.backbone.vision_backbone.trunk.blocks.3.norm1.bias', 'tracker.transformer.encoder.layers.0.norm2.bias', 'detector.backbone.vision_backbone.trunk.blocks.13.norm1.bias', 'detector.transformer.encoder.layers.0.norm1.weight', 'detector.backbone.vision_backbone.trunk.blocks.12.norm2.bias', 'detector.backbone.vision_backbone.trunk.blocks.30.norm1.bias', 'detector.backbone.vision_backbone.trunk.blocks.7.norm2.bias', 'detector.backbone.vision_backbone.trunk.blocks.8.norm1.weight', 'detector.backbone.language_backbone.encoder.transformer.resblocks.16.ln_1.bias', 'detector.backbone.vision_backbone.trunk.blocks.4.norm1.weight', 'detector.backbone.language_backbone.encoder.transformer.resblocks.0.ln_1.weight', 'detector.backbone.language_backbone.encoder.transformer.resblocks.17.ln_2.bias', 'detector.backbone.language_backbone.encoder.transformer.resblocks.9.ln_2.weight', 'detector.transformer.decoder.layers.0.norm3.bias', 'detector.backbone.vision_backbone.trunk.blocks.9.norm1.weight', 'detector.backbone.vision_backbone.trunk.blocks.9.norm2.bias', 'tracker.sam_mask_decoder.transformer.layers.0.norm1.weight', 'detector.geometry_encoder.encode.1.norm2.weight', 'detector.backbone.language_backbone.encoder.transformer.resblocks.2.ln_1.weight', 'detector.backbone.vision_backbone.trunk.blocks.30.norm2.weight', 'detector.backbone.vision_backbone.trunk.blocks.25.norm2.weight', 'detector.geometry_encoder.encode.1.norm1.weight', 'detector.transformer.decoder.layers.4.norm2.bias', 'detector.transformer.encoder.layers.3.norm3.bias', 'detector.transformer.decoder.layers.5.norm3.weight', 'detector.backbone.vision_backbone.trunk.blocks.22.norm2.weight', 'detector.transformer.decoder.layers.1.norm2.weight', 'detector.backbone.vision_backbone.trunk.blocks.2.norm2.weight', 'detector.backbone.language_backbone.encoder.transformer.resblocks.18.ln_2.weight', 'detector.backbone.language_backbone.encoder.transformer.resblocks.11.ln_1.bias', 'detector.backbone.vision_backbone.trunk.blocks.18.norm1.weight', 'detector.backbone.vision_backbone.trunk.blocks.27.norm2.bias', 'detector.transformer.encoder.layers.4.norm3.bias', 'detector.backbone.language_backbone.encoder.transformer.resblocks.4.ln_2.weight', 'detector.transformer.encoder.layers.2.norm3.weight', 'detector.backbone.language_backbone.encoder.transformer.resblocks.10.ln_1.bias', 'detector.backbone.vision_backbone.trunk.blocks.22.norm2.bias', 'detector.transformer.encoder.layers.1.norm1.bias', 'detector.backbone.language_backbone.encoder.transformer.resblocks.6.ln_2.bias', 'detector.backbone.vision_backbone.trunk.blocks.6.norm2.weight', 'detector.backbone.language_backbone.encoder.transformer.resblocks.20.ln_2.weight', 'detector.geometry_encoder.encode.2.norm2.bias', 'detector.backbone.language_backbone.encoder.transformer.resblocks.19.ln_1.bias', 'tracker.transformer.encoder.layers.3.norm3.bias', 'tracker.transformer.encoder.layers.3.norm1.weight', 'detector.backbone.vision_backbone.trunk.blocks.10.norm2.bias', 'detector.backbone.language_backbone.encoder.transformer.resblocks.16.ln_2.bias', 'tracker.sam_mask_decoder.transformer.layers.0.norm1.bias', 'detector.transformer.encoder.layers.5.norm2.weight', 'detector.backbone.vision_backbone.trunk.blocks.14.norm2.weight', 'detector.backbone.vision_backbone.trunk.blocks.11.norm1.weight', 'detector.backbone.language_backbone.encoder.transformer.resblocks.21.ln_2.bias', 'detector.backbone.vision_backbone.trunk.blocks.29.norm2.bias', 'detector.segmentation_head.cross_attn_norm.weight', 'detector.backbone.language_backbone.encoder.transformer.resblocks.14.ln_2.bias', 'detector.transformer.decoder.presence_token_out_norm.bias', 'tracker.transformer.encoder.layers.1.norm2.weight', 'detector.backbone.vision_backbone.trunk.blocks.1.norm2.weight', 'detector.backbone.language_backbone.encoder.transformer.resblocks.8.ln_1.bias', 'detector.backbone.vision_backbone.trunk.blocks.29.norm2.weight', 'tracker.sam_mask_decoder.transformer.layers.1.norm2.bias', 'detector.backbone.vision_backbone.trunk.blocks.14.norm1.weight', 'detector.backbone.language_backbone.encoder.transformer.resblocks.19.ln_2.bias', 'detector.backbone.vision_backbone.trunk.blocks.11.norm1.bias', 'detector.geometry_encoder.encode.0.norm3.weight', 'detector.backbone.language_backbone.encoder.transformer.resblocks.11.ln_2.bias', 'detector.transformer.encoder.layers.1.norm1.weight', 'detector.transformer.decoder.layers.4.norm2.weight', 'tracker.sam_mask_decoder.transformer.layers.1.norm1.weight', 'detector.backbone.language_backbone.encoder.transformer.resblocks.7.ln_1.weight', 'detector.dot_prod_scoring.prompt_mlp.out_norm.weight', 'tracker.sam_mask_decoder.transformer.layers.0.norm4.bias', 'tracker.sam_mask_decoder.transformer.layers.1.norm2.weight', 'detector.backbone.language_backbone.encoder.transformer.resblocks.13.ln_1.weight', 'detector.transformer.decoder.layers.1.norm1.weight', 'detector.transformer.decoder.layers.4.catext_norm.bias', 'detector.transformer.decoder.layers.1.norm3.bias', 'detector.backbone.language_backbone.encoder.transformer.resblocks.15.ln_1.weight', 'detector.backbone.language_backbone.encoder.transformer.resblocks.11.ln_1.weight', 'tracker.transformer.encoder.norm.bias', 'detector.geometry_encoder.encode.1.norm2.bias', 'detector.transformer.decoder.layers.3.catext_norm.weight', 'detector.backbone.vision_backbone.trunk.blocks.17.norm1.bias', 'detector.transformer.decoder.layers.3.norm2.bias', 'detector.backbone.vision_backbone.trunk.blocks.15.norm2.weight', 'detector.backbone.language_backbone.encoder.transformer.resblocks.23.ln_1.bias', 'detector.backbone.vision_backbone.trunk.blocks.23.norm1.weight', 'detector.backbone.vision_backbone.trunk.blocks.12.norm2.weight', 'detector.transformer.encoder.layers.0.norm1.bias', 'tracker.sam_mask_decoder.transformer.layers.1.norm3.weight', 'detector.backbone.vision_backbone.trunk.blocks.21.norm2.bias', 'detector.backbone.language_backbone.encoder.transformer.resblocks.23.ln_2.weight', 'detector.backbone.vision_backbone.trunk.blocks.4.norm1.bias', 'detector.backbone.vision_backbone.trunk.blocks.10.norm2.weight', 'detector.backbone.vision_backbone.trunk.blocks.16.norm1.bias', 'detector.geometry_encoder.encode.2.norm1.bias', 'tracker.transformer.encoder.layers.0.norm1.bias', 'detector.backbone.vision_backbone.trunk.blocks.1.norm1.weight', 'detector.transformer.encoder.layers.1.norm3.weight', 'detector.transformer.encoder.layers.2.norm2.weight', 'detector.backbone.language_backbone.encoder.transformer.resblocks.20.ln_1.weight', 'detector.backbone.language_backbone.encoder.transformer.resblocks.23.ln_1.weight', 'tracker.transformer.encoder.layers.1.norm3.bias', 'detector.geometry_encoder.encode.2.norm3.weight', 'detector.transformer.decoder.layers.0.norm1.bias', 'detector.backbone.language_backbone.encoder.transformer.resblocks.15.ln_2.bias', 'detector.backbone.vision_backbone.trunk.blocks.23.norm1.bias', 'detector.transformer.decoder.layers.0.catext_norm.bias', 'detector.transformer.decoder.layers.3.norm2.weight', 'detector.transformer.decoder.layers.5.norm3.bias', 'detector.backbone.vision_backbone.trunk.blocks.6.norm1.weight', 'detector.backbone.language_backbone.encoder.transformer.resblocks.5.ln_2.weight', 'detector.backbone.vision_backbone.trunk.blocks.17.norm2.bias', 'detector.backbone.vision_backbone.trunk.blocks.19.norm2.weight', 'detector.backbone.language_backbone.encoder.transformer.resblocks.18.ln_1.weight', 'detector.backbone.vision_backbone.trunk.blocks.16.norm1.weight', 'detector.backbone.vision_backbone.trunk.blocks.22.norm1.weight', 'detector.transformer.decoder.layers.5.catext_norm.weight', 'detector.backbone.vision_backbone.trunk.blocks.23.norm2.bias', 'detector.backbone.vision_backbone.trunk.blocks.8.norm2.weight', 'detector.backbone.vision_backbone.trunk.blocks.15.norm2.bias', 'detector.transformer.encoder.layers.4.norm3.weight', 'detector.backbone.language_backbone.encoder.transformer.resblocks.11.ln_2.weight', 'detector.backbone.language_backbone.encoder.transformer.resblocks.15.ln_2.weight', 'detector.geometry_encoder.encode.1.norm1.bias', 'detector.backbone.vision_backbone.trunk.blocks.25.norm1.weight', 'detector.backbone.language_backbone.encoder.transformer.resblocks.17.ln_1.bias', 'detector.backbone.vision_backbone.trunk.blocks.27.norm1.bias', 'detector.backbone.vision_backbone.trunk.blocks.5.norm1.weight', 'detector.backbone.vision_backbone.trunk.blocks.1.norm2.bias', 'detector.backbone.language_backbone.encoder.transformer.resblocks.10.ln_1.weight', 'detector.backbone.vision_backbone.trunk.blocks.26.norm2.weight', 'detector.backbone.vision_backbone.trunk.blocks.15.norm1.weight', 'detector.backbone.language_backbone.encoder.transformer.resblocks.23.ln_2.bias', 'detector.backbone.language_backbone.encoder.transformer.resblocks.0.ln_2.bias', 'detector.transformer.encoder.layers.4.norm1.weight', 'detector.backbone.vision_backbone.trunk.blocks.9.norm2.weight', 'detector.backbone.vision_backbone.trunk.blocks.19.norm1.weight', 'detector.backbone.vision_backbone.trunk.blocks.17.norm2.weight', 'detector.transformer.decoder.layers.0.norm2.weight', 'detector.backbone.language_backbone.encoder.transformer.resblocks.9.ln_2.bias', 'detector.backbone.vision_backbone.trunk.blocks.29.norm1.weight', 'detector.backbone.vision_backbone.trunk.blocks.5.norm2.bias', 'detector.transformer.encoder.layers.4.norm2.weight', 'tracker.sam_mask_decoder.transformer.layers.0.norm3.weight', 'detector.backbone.vision_backbone.trunk.blocks.11.norm2.bias', 'detector.backbone.vision_backbone.trunk.blocks.17.norm1.weight', 'detector.backbone.vision_backbone.trunk.blocks.20.norm1.bias', 'detector.backbone.language_backbone.encoder.transformer.resblocks.12.ln_1.weight', 'detector.backbone.vision_backbone.trunk.blocks.3.norm1.weight', 'detector.backbone.vision_backbone.trunk.blocks.5.norm1.bias', 'detector.backbone.language_backbone.encoder.transformer.resblocks.12.ln_2.weight', 'detector.backbone.vision_backbone.trunk.blocks.1.norm1.bias', 'detector.geometry_encoder.encode.0.norm2.weight', 'detector.geometry_encoder.encode.1.norm3.bias', 'detector.backbone.language_backbone.encoder.transformer.resblocks.21.ln_1.weight', 'tracker.transformer.encoder.layers.2.norm1.weight', 'detector.backbone.vision_backbone.trunk.blocks.31.norm2.bias', 'detector.backbone.language_backbone.encoder.transformer.resblocks.9.ln_1.weight', 'detector.backbone.language_backbone.encoder.transformer.resblocks.14.ln_1.bias', 'detector.backbone.vision_backbone.trunk.blocks.24.norm1.bias', 'detector.transformer.decoder.layers.2.norm2.weight', 'detector.geometry_encoder.encode.0.norm1.bias', 'detector.backbone.vision_backbone.trunk.blocks.31.norm1.weight', 'detector.transformer.decoder.norm.weight', 'tracker.transformer.encoder.layers.0.norm1.weight', 'detector.backbone.vision_backbone.trunk.blocks.20.norm1.weight', 'detector.backbone.language_backbone.encoder.transformer.resblocks.12.ln_1.bias', 'detector.backbone.vision_backbone.trunk.blocks.2.norm1.weight', 'detector.backbone.language_backbone.encoder.transformer.resblocks.22.ln_2.bias', 'detector.backbone.language_backbone.encoder.transformer.resblocks.21.ln_2.weight', 'detector.backbone.language_backbone.encoder.transformer.resblocks.3.ln_1.bias', 'detector.backbone.language_backbone.encoder.transformer.resblocks.10.ln_2.weight', 'detector.transformer.decoder.layers.5.norm1.weight', 'detector.backbone.vision_backbone.trunk.blocks.0.norm2.bias', 'tracker.transformer.encoder.layers.2.norm2.weight', 'detector.transformer.encoder.layers.0.norm2.bias', 'detector.transformer.encoder.layers.0.norm3.weight', 'detector.backbone.vision_backbone.trunk.blocks.29.norm1.bias'} 
Raw dataset length = 270
Raw dataset length = 1000
Raw dataset length = 48
Raw dataset length = 27
Raw dataset length = 280
Raw dataset length = 51
Raw dataset length = 40
Raw dataset length = 198
Raw dataset length = 90
Raw dataset length = 114
Raw dataset length = 4727
Raw dataset length = 38
Raw dataset length = 441
Raw dataset length = 655
Raw dataset length = 6627
Raw dataset length = 419
Raw dataset length = 981
Raw dataset length = 20
Raw dataset length = 50
Raw dataset length = 5
Raw dataset length = 591
Raw dataset length = 216
Raw dataset length = 54
Raw dataset length = 125
Raw dataset length = 557
Raw dataset length = 1057
Raw dataset length = 1097
Raw dataset length = 1059
Raw dataset length = 405
Raw dataset length = 54
Raw dataset length = 1215
Raw dataset length = 1215
Raw dataset length = 1215
Raw dataset length = 1215
Raw dataset length = 18
Raw dataset length = 18
Raw dataset length = 7
Raw dataset length = 16
Raw dataset length = 261
Raw dataset length = 120
Raw dataset length = 42
Raw dataset length = 270
Raw dataset length = 114
Raw dataset length = 206
Raw dataset length = 206
Raw dataset length = 18
Raw dataset length = 3746
Raw dataset length = 257
Raw dataset length = 386
Raw dataset length = 51
Raw dataset length = 23
Raw dataset length = 14
Raw dataset length = 403
Raw dataset length = 403
Raw dataset length = 403
Raw dataset length = 172
Raw dataset length = 205
Raw dataset length = 125
Raw dataset length = 236
Raw dataset length = 153
Raw dataset length = 153
Raw dataset length = 18
Raw dataset length = 120
Raw dataset length = 6
Raw dataset length = 30
Raw dataset length = 18
Raw dataset length = 11
Raw dataset length = 21
Raw dataset length = 3
Raw dataset length = 49
Raw dataset length = 5
Raw dataset length = 5
Raw dataset length = 623
Raw dataset length = 900
Raw dataset length = 32
Raw dataset length = 158
Raw dataset length = 32
Training Mode Enabled: Tunable parameters: 860.06M / 860.06M
Raw dataset length = 270
Raw dataset length = 1000
Raw dataset length = 48
Raw dataset length = 27
Raw dataset length = 280
Raw dataset length = 51
Raw dataset length = 40
Raw dataset length = 198
Raw dataset length = 90
Raw dataset length = 114
Raw dataset length = 4727
Raw dataset length = 38
Raw dataset length = 441
Raw dataset length = 655
Raw dataset length = 6627
Raw dataset length = 419
Raw dataset length = 981
Raw dataset length = 20
Raw dataset length = 50
Raw dataset length = 5
Raw dataset length = 591
Raw dataset length = 216
Raw dataset length = 54
Raw dataset length = 125
Raw dataset length = 557
Raw dataset length = 1057
Raw dataset length = 1097
Raw dataset length = 1059
Raw dataset length = 405
Raw dataset length = 54
Raw dataset length = 1215
Raw dataset length = 1215
Raw dataset length = 1215
Raw dataset length = 1215
Raw dataset length = 18
Raw dataset length = 18
Raw dataset length = 7
Raw dataset length = 16
Raw dataset length = 261
Raw dataset length = 120
Raw dataset length = 42
Raw dataset length = 270
Raw dataset length = 114
Raw dataset length = 206
Raw dataset length = 206
Raw dataset length = 18
Raw dataset length = 3746
Raw dataset length = 257
Raw dataset length = 386
Raw dataset length = 51
Raw dataset length = 23
Raw dataset length = 14
Raw dataset length = 403
Raw dataset length = 403
Raw dataset length = 403
Raw dataset length = 172
Raw dataset length = 205
Raw dataset length = 125
Raw dataset length = 236
Raw dataset length = 153
Raw dataset length = 153
Raw dataset length = 18
Raw dataset length = 120
Raw dataset length = 6
Raw dataset length = 30
Raw dataset length = 18
Raw dataset length = 11
Raw dataset length = 21
Raw dataset length = 3
Raw dataset length = 49
Raw dataset length = 5
Raw dataset length = 5
Raw dataset length = 623
Raw dataset length = 900
Raw dataset length = 32
Raw dataset length = 158
Raw dataset length = 32
Training Mode Enabled: Tunable parameters: 860.06M / 860.06M
Raw dataset length = 270
Raw dataset length = 1000
Raw dataset length = 48
Raw dataset length = 27
Raw dataset length = 280
Raw dataset length = 51
Raw dataset length = 40
Raw dataset length = 198
Raw dataset length = 90
Raw dataset length = 114
Raw dataset length = 4727
Raw dataset length = 38
Raw dataset length = 441
Raw dataset length = 655
Raw dataset length = 6627
Raw dataset length = 419
Raw dataset length = 981
Raw dataset length = 20
Raw dataset length = 50
Raw dataset length = 5
Raw dataset length = 591
Raw dataset length = 216
Raw dataset length = 54
Raw dataset length = 125
Raw dataset length = 557
Raw dataset length = 1057
Raw dataset length = 1097
Raw dataset length = 1059
Raw dataset length = 405
Raw dataset length = 54
Raw dataset length = 1215
Raw dataset length = 1215
Raw dataset length = 1215
Raw dataset length = 1215
Raw dataset length = 18
Raw dataset length = 18
Raw dataset length = 7
Raw dataset length = 16
Raw dataset length = 261
Raw dataset length = 120
Raw dataset length = 42
Raw dataset length = 270
Raw dataset length = 114
Raw dataset length = 206
Raw dataset length = 206
Raw dataset length = 18
Raw dataset length = 3746
Raw dataset length = 257
Raw dataset length = 386
Raw dataset length = 51
Raw dataset length = 23
Raw dataset length = 14
Raw dataset length = 403
Raw dataset length = 403
Raw dataset length = 403
Raw dataset length = 172
Raw dataset length = 205
Raw dataset length = 125
Raw dataset length = 236
Raw dataset length = 153
Raw dataset length = 153
Raw dataset length = 18
Raw dataset length = 120
Raw dataset length = 6
Raw dataset length = 30
Raw dataset length = 18
Raw dataset length = 11
Raw dataset length = 21
Raw dataset length = 3
Raw dataset length = 49
Raw dataset length = 5
Raw dataset length = 5
Raw dataset length = 623
Raw dataset length = 900
Raw dataset length = 32
Raw dataset length = 158
Raw dataset length = 32
Training Mode Enabled: Tunable parameters: 860.06M / 860.06M
Raw dataset length = 270
Raw dataset length = 1000
Raw dataset length = 48
Raw dataset length = 27
Raw dataset length = 280
Raw dataset length = 51
Raw dataset length = 40
Raw dataset length = 198
Raw dataset length = 90
Raw dataset length = 114
Raw dataset length = 4727
Raw dataset length = 38
Raw dataset length = 441
Raw dataset length = 655
Raw dataset length = 6627
Raw dataset length = 419
Raw dataset length = 981
Raw dataset length = 20
Raw dataset length = 50
Raw dataset length = 5
Raw dataset length = 591
Raw dataset length = 216
Raw dataset length = 54
Raw dataset length = 125
Raw dataset length = 557
Raw dataset length = 1057
Raw dataset length = 1097
Raw dataset length = 1059
Raw dataset length = 405
Raw dataset length = 54
Raw dataset length = 1215
Raw dataset length = 1215
Raw dataset length = 1215
Raw dataset length = 1215
Raw dataset length = 18
Raw dataset length = 18
Raw dataset length = 7
Raw dataset length = 16
Raw dataset length = 261
Raw dataset length = 120
Raw dataset length = 42
Raw dataset length = 270
Raw dataset length = 114
Raw dataset length = 206
Raw dataset length = 206
Raw dataset length = 18
Raw dataset length = 3746
Raw dataset length = 257
Raw dataset length = 386
Raw dataset length = 51
Raw dataset length = 23
Raw dataset length = 14
Raw dataset length = 403
Raw dataset length = 403
Raw dataset length = 403
Raw dataset length = 172
Raw dataset length = 205
Raw dataset length = 125
Raw dataset length = 236
Raw dataset length = 153
Raw dataset length = 153
Raw dataset length = 18
Raw dataset length = 120
Raw dataset length = 6
Raw dataset length = 30
Raw dataset length = 18
Raw dataset length = 11
Raw dataset length = 21
Raw dataset length = 3
Raw dataset length = 49
Raw dataset length = 5
Raw dataset length = 5
Raw dataset length = 623
Raw dataset length = 900
Raw dataset length = 32
Raw dataset length = 158
Raw dataset length = 32
INFO 2026-05-16 22:21:41,497 train_utils.py: 268: Train Epoch: [0][   0/9054] | Batch Time: 102.57 (102.57) | Data Time: 95.53 (95.53) | Mem (GB): 18.00 (18.00/18.00) | Time Elapsed: 00d 00h 05m | Losses/train_medical_loss: 6.29e+01 (6.29e+01) | Losses/train_medical_val_loss: 0.00e+00 (0.00e+00)
INFO 2026-05-16 22:24:34,500 train_utils.py: 268: Train Epoch: [0][  50/9054] | Batch Time: 2.86 (5.40) | Data Time: 0.00 (2.04) | Mem (GB): 36.00 (32.86/36.00) | Time Elapsed: 00d 00h 08m | Losses/train_medical_loss: 1.03e+02 (9.66e+01) | Losses/train_medical_val_loss: 0.00e+00 (0.00e+00)
INFO 2026-05-16 22:26:53,764 train_utils.py: 268: Train Epoch: [0][ 100/9054] | Batch Time: 2.80 (4.11) | Data Time: 0.00 (1.03) | Mem (GB): 36.00 (33.00/36.00) | Time Elapsed: 00d 00h 10m | Losses/train_medical_loss: 1.01e+02 (9.50e+01) | Losses/train_medical_val_loss: 0.00e+00 (0.00e+00)
INFO 2026-05-16 22:29:14,349 train_utils.py: 268: Train Epoch: [0][ 150/9054] | Batch Time: 2.86 (3.68) | Data Time: 0.00 (0.69) | Mem (GB): 36.00 (32.84/36.00) | Time Elapsed: 00d 00h 12m | Losses/train_medical_loss: 1.04e+02 (9.63e+01) | Losses/train_medical_val_loss: 0.00e+00 (0.00e+00)
INFO 2026-05-16 22:31:34,370 train_utils.py: 268: Train Epoch: [0][ 200/9054] | Batch Time: 3.61 (3.46) | Data Time: 0.00 (0.52) | Mem (GB): 36.00 (33.07/36.00) | Time Elapsed: 00d 00h 15m | Losses/train_medical_loss: 6.78e+01 (9.52e+01) | Losses/train_medical_val_loss: 0.00e+00 (0.00e+00)
INFO 2026-05-16 22:34:33,973 train_utils.py: 268: Train Epoch: [0][ 250/9054] | Batch Time: 4.33 (3.49) | Data Time: 0.00 (0.41) | Mem (GB): 36.00 (32.84/36.00) | Time Elapsed: 00d 00h 18m | Losses/train_medical_loss: 8.62e+01 (9.34e+01) | Losses/train_medical_val_loss: 0.00e+00 (0.00e+00)
INFO 2026-05-16 22:36:54,924 train_utils.py: 268: Train Epoch: [0][ 300/9054] | Batch Time: 4.15 (3.38) | Data Time: 0.00 (0.35) | Mem (GB): 36.00 (32.99/36.00) | Time Elapsed: 00d 00h 20m | Losses/train_medical_loss: 7.15e+01 (9.12e+01) | Losses/train_medical_val_loss: 0.00e+00 (0.00e+00)
INFO 2026-05-16 22:39:21,810 train_utils.py: 268: Train Epoch: [0][ 350/9054] | Batch Time: 3.09 (3.31) | Data Time: 0.00 (0.30) | Mem (GB): 36.00 (32.92/36.00) | Time Elapsed: 00d 00h 23m | Losses/train_medical_loss: 1.14e+02 (8.95e+01) | Losses/train_medical_val_loss: 0.00e+00 (0.00e+00)
INFO 2026-05-16 22:42:06,091 train_utils.py: 268: Train Epoch: [0][ 400/9054] | Batch Time: 2.84 (3.31) | Data Time: 0.00 (0.26) | Mem (GB): 36.00 (33.14/36.00) | Time Elapsed: 00d 00h 25m | Losses/train_medical_loss: 7.42e+01 (8.81e+01) | Losses/train_medical_val_loss: 0.00e+00 (0.00e+00)
INFO 2026-05-16 22:44:35,438 train_utils.py: 268: Train Epoch: [0][ 450/9054] | Batch Time: 2.85 (3.27) | Data Time: 0.00 (0.23) | Mem (GB): 36.00 (33.14/36.00) | Time Elapsed: 00d 00h 28m | Losses/train_medical_loss: 5.33e+01 (8.66e+01) | Losses/train_medical_val_loss: 0.00e+00 (0.00e+00)
INFO 2026-05-16 22:46:54,395 train_utils.py: 268: Train Epoch: [0][ 500/9054] | Batch Time: 2.56 (3.22) | Data Time: 0.00 (0.21) | Mem (GB): 33.00 (33.14/36.00) | Time Elapsed: 00d 00h 30m | Losses/train_medical_loss: 1.25e+02 (8.46e+01) | Losses/train_medical_val_loss: 0.00e+00 (0.00e+00)
INFO 2026-05-16 22:49:14,789 train_utils.py: 268: Train Epoch: [0][ 550/9054] | Batch Time: 2.80 (3.19) | Data Time: 0.00 (0.19) | Mem (GB): 36.00 (33.21/36.00) | Time Elapsed: 00d 00h 32m | Losses/train_medical_loss: 3.79e+01 (8.36e+01) | Losses/train_medical_val_loss: 0.00e+00 (0.00e+00)
INFO 2026-05-16 22:51:57,685 train_utils.py: 268: Train Epoch: [0][ 600/9054] | Batch Time: 2.83 (3.19) | Data Time: 0.00 (0.18) | Mem (GB): 36.00 (33.20/36.00) | Time Elapsed: 00d 00h 35m | Losses/train_medical_loss: 6.95e+01 (8.21e+01) | Losses/train_medical_val_loss: 0.00e+00 (0.00e+00)
INFO 2026-05-16 22:54:19,404 train_utils.py: 268: Train Epoch: [0][ 650/9054] | Batch Time: 2.29 (3.17) | Data Time: 0.00 (0.16) | Mem (GB): 30.00 (33.15/36.00) | Time Elapsed: 00d 00h 38m | Losses/train_medical_loss: 8.02e+01 (8.09e+01) | Losses/train_medical_val_loss: 0.00e+00 (0.00e+00)
INFO 2026-05-16 22:56:39,933 train_utils.py: 268: Train Epoch: [0][ 700/9054] | Batch Time: 4.11 (3.14) | Data Time: 0.00 (0.15) | Mem (GB): 36.00 (33.10/36.00) | Time Elapsed: 00d 00h 40m | Losses/train_medical_loss: 5.47e+01 (8.03e+01) | Losses/train_medical_val_loss: 0.00e+00 (0.00e+00)
INFO 2026-05-16 22:59:00,269 train_utils.py: 268: Train Epoch: [0][ 750/9054] | Batch Time: 2.85 (3.12) | Data Time: 0.00 (0.14) | Mem (GB): 36.00 (33.14/36.00) | Time Elapsed: 00d 00h 42m | Losses/train_medical_loss: 9.68e+01 (7.95e+01) | Losses/train_medical_val_loss: 0.00e+00 (0.00e+00)
INFO 2026-05-16 23:01:55,857 train_utils.py: 268: Train Epoch: [0][ 800/9054] | Batch Time: 2.87 (3.14) | Data Time: 0.00 (0.13) | Mem (GB): 36.00 (33.13/36.00) | Time Elapsed: 00d 00h 45m | Losses/train_medical_loss: 5.64e+01 (7.86e+01) | Losses/train_medical_val_loss: 0.00e+00 (0.00e+00)
INFO 2026-05-16 23:04:15,037 train_utils.py: 268: Train Epoch: [0][ 850/9054] | Batch Time: 2.90 (3.12) | Data Time: 0.00 (0.12) | Mem (GB): 36.00 (33.17/36.00) | Time Elapsed: 00d 00h 47m | Losses/train_medical_loss: 6.40e+01 (7.76e+01) | Losses/train_medical_val_loss: 0.00e+00 (0.00e+00)
INFO 2026-05-16 23:06:34,696 train_utils.py: 268: Train Epoch: [0][ 900/9054] | Batch Time: 2.86 (3.10) | Data Time: 0.00 (0.12) | Mem (GB): 36.00 (33.18/36.00) | Time Elapsed: 00d 00h 50m | Losses/train_medical_loss: 6.42e+01 (7.68e+01) | Losses/train_medical_val_loss: 0.00e+00 (0.00e+00)
INFO 2026-05-16 23:09:18,749 train_utils.py: 268: Train Epoch: [0][ 950/9054] | Batch Time: 3.13 (3.11) | Data Time: 0.00 (0.11) | Mem (GB): 36.00 (33.15/36.00) | Time Elapsed: 00d 00h 53m | Losses/train_medical_loss: 8.29e+01 (7.63e+01) | Losses/train_medical_val_loss: 0.00e+00 (0.00e+00)
INFO 2026-05-16 23:11:50,782 train_utils.py: 268: Train Epoch: [0][1000/9054] | Batch Time: 2.84 (3.11) | Data Time: 0.00 (0.11) | Mem (GB): 36.00 (33.19/36.00) | Time Elapsed: 00d 00h 55m | Losses/train_medical_loss: 1.04e+02 (7.56e+01) | Losses/train_medical_val_loss: 0.00e+00 (0.00e+00)
INFO 2026-05-16 23:14:10,848 train_utils.py: 268: Train Epoch: [0][1050/9054] | Batch Time: 2.34 (3.09) | Data Time: 0.00 (0.10) | Mem (GB): 30.00 (33.10/36.00) | Time Elapsed: 00d 00h 57m | Losses/train_medical_loss: 5.13e+01 (7.53e+01) | Losses/train_medical_val_loss: 0.00e+00 (0.00e+00)
INFO 2026-05-16 23:16:30,897 train_utils.py: 268: Train Epoch: [0][1100/9054] | Batch Time: 2.72 (3.08) | Data Time: 0.00 (0.10) | Mem (GB): 36.00 (33.11/36.00) | Time Elapsed: 00d 01h 00m | Losses/train_medical_loss: 7.18e+01 (7.47e+01) | Losses/train_medical_val_loss: 0.00e+00 (0.00e+00)
INFO 2026-05-16 23:19:32,278 train_utils.py: 268: Train Epoch: [0][1150/9054] | Batch Time: 2.71 (3.10) | Data Time: 0.00 (0.09) | Mem (GB): 36.00 (33.14/36.00) | Time Elapsed: 00d 01h 03m | Losses/train_medical_loss: 6.12e+01 (7.39e+01) | Losses/train_medical_val_loss: 0.00e+00 (0.00e+00)
INFO 2026-05-16 23:21:50,035 train_utils.py: 268: Train Epoch: [0][1200/9054] | Batch Time: 3.97 (3.09) | Data Time: 0.00 (0.09) | Mem (GB): 36.00 (33.15/36.00) | Time Elapsed: 00d 01h 05m | Losses/train_medical_loss: 3.90e+01 (7.32e+01) | Losses/train_medical_val_loss: 0.00e+00 (0.00e+00)
INFO 2026-05-16 23:24:13,647 train_utils.py: 268: Train Epoch: [0][1250/9054] | Batch Time: 4.05 (3.08) | Data Time: 0.00 (0.09) | Mem (GB): 36.00 (33.16/36.00) | Time Elapsed: 00d 01h 07m | Losses/train_medical_loss: 2.07e+01 (7.25e+01) | Losses/train_medical_val_loss: 0.00e+00 (0.00e+00)
INFO 2026-05-16 23:26:38,923 train_utils.py: 268: Train Epoch: [0][1300/9054] | Batch Time: 2.84 (3.07) | Data Time: 0.00 (0.08) | Mem (GB): 36.00 (33.15/36.00) | Time Elapsed: 00d 01h 10m | Losses/train_medical_loss: 1.69e+01 (7.18e+01) | Losses/train_medical_val_loss: 0.00e+00 (0.00e+00)
INFO 2026-05-16 23:29:33,658 train_utils.py: 268: Train Epoch: [0][1350/9054] | Batch Time: 2.81 (3.09) | Data Time: 0.00 (0.08) | Mem (GB): 36.00 (33.16/36.00) | Time Elapsed: 00d 01h 13m | Losses/train_medical_loss: 2.11e+01 (7.10e+01) | Losses/train_medical_val_loss: 0.00e+00 (0.00e+00)
INFO 2026-05-16 23:31:53,898 train_utils.py: 268: Train Epoch: [0][1400/9054] | Batch Time: 2.88 (3.08) | Data Time: 0.00 (0.08) | Mem (GB): 36.00 (33.19/36.00) | Time Elapsed: 00d 01h 15m | Losses/train_medical_loss: 3.39e+01 (7.05e+01) | Losses/train_medical_val_loss: 0.00e+00 (0.00e+00)
INFO 2026-05-16 23:34:13,989 train_utils.py: 268: Train Epoch: [0][1450/9054] | Batch Time: 2.80 (3.07) | Data Time: 0.00 (0.07) | Mem (GB): 36.00 (33.17/36.00) | Time Elapsed: 00d 01h 17m | Losses/train_medical_loss: 4.43e+01 (7.01e+01) | Losses/train_medical_val_loss: 0.00e+00 (0.00e+00)
INFO 2026-05-16 23:36:56,714 train_utils.py: 268: Train Epoch: [0][1500/9054] | Batch Time: 15.20 (3.08) | Data Time: 0.00 (0.07) | Mem (GB): 36.00 (33.18/36.00) | Time Elapsed: 00d 01h 20m | Losses/train_medical_loss: 9.17e+01 (6.95e+01) | Losses/train_medical_val_loss: 0.00e+00 (0.00e+00)
INFO 2026-05-16 23:39:27,813 train_utils.py: 268: Train Epoch: [0][1550/9054] | Batch Time: 3.86 (3.07) | Data Time: 0.00 (0.07) | Mem (GB): 36.00 (33.21/36.00) | Time Elapsed: 00d 01h 23m | Losses/train_medical_loss: 4.66e+01 (6.91e+01) | Losses/train_medical_val_loss: 0.00e+00 (0.00e+00)
INFO 2026-05-16 23:41:48,483 train_utils.py: 268: Train Epoch: [0][1600/9054] | Batch Time: 2.82 (3.07) | Data Time: 0.00 (0.07) | Mem (GB): 36.00 (33.23/36.00) | Time Elapsed: 00d 01h 25m | Losses/train_medical_loss: 1.05e+02 (6.87e+01) | Losses/train_medical_val_loss: 0.00e+00 (0.00e+00)
INFO 2026-05-16 23:44:10,447 train_utils.py: 268: Train Epoch: [0][1650/9054] | Batch Time: 2.80 (3.06) | Data Time: 0.00 (0.06) | Mem (GB): 36.00 (33.23/36.00) | Time Elapsed: 00d 01h 27m | Losses/train_medical_loss: 5.47e+01 (6.83e+01) | Losses/train_medical_val_loss: 0.00e+00 (0.00e+00)
INFO 2026-05-16 23:47:05,865 train_utils.py: 268: Train Epoch: [0][1700/9054] | Batch Time: 2.82 (3.07) | Data Time: 0.00 (0.06) | Mem (GB): 36.00 (33.26/36.00) | Time Elapsed: 00d 01h 30m | Losses/train_medical_loss: 2.47e+01 (6.79e+01) | Losses/train_medical_val_loss: 0.00e+00 (0.00e+00)
INFO 2026-05-16 23:49:24,071 train_utils.py: 268: Train Epoch: [0][1750/9054] | Batch Time: 1.36 (3.06) | Data Time: 0.00 (0.06) | Mem (GB): 20.00 (33.24/36.00) | Time Elapsed: 00d 01h 33m | Losses/train_medical_loss: 5.60e+01 (6.75e+01) | Losses/train_medical_val_loss: 0.00e+00 (0.00e+00)
INFO 2026-05-16 23:51:44,503 train_utils.py: 268: Train Epoch: [0][1800/9054] | Batch Time: 2.73 (3.06) | Data Time: 0.00 (0.06) | Mem (GB): 36.00 (33.27/36.00) | Time Elapsed: 00d 01h 35m | Losses/train_medical_loss: 7.71e+01 (6.71e+01) | Losses/train_medical_val_loss: 0.00e+00 (0.00e+00)
INFO 2026-05-16 23:54:04,316 train_utils.py: 268: Train Epoch: [0][1850/9054] | Batch Time: 2.71 (3.05) | Data Time: 0.00 (0.06) | Mem (GB): 36.00 (33.28/36.00) | Time Elapsed: 00d 01h 37m | Losses/train_medical_loss: 8.49e+01 (6.68e+01) | Losses/train_medical_val_loss: 0.00e+00 (0.00e+00)
INFO 2026-05-16 23:56:45,481 train_utils.py: 268: Train Epoch: [0][1900/9054] | Batch Time: 2.51 (3.05) | Data Time: 0.00 (0.06) | Mem (GB): 19.00 (33.31/36.00) | Time Elapsed: 00d 01h 40m | Losses/train_medical_loss: 8.08e+01 (6.63e+01) | Losses/train_medical_val_loss: 0.00e+00 (0.00e+00)
INFO 2026-05-16 23:59:12,066 train_utils.py: 268: Train Epoch: [0][1950/9054] | Batch Time: 2.81 (3.05) | Data Time: 0.00 (0.06) | Mem (GB): 36.00 (33.30/36.00) | Time Elapsed: 00d 01h 42m | Losses/train_medical_loss: 1.44e+01 (6.61e+01) | Losses/train_medical_val_loss: 0.00e+00 (0.00e+00)
INFO 2026-05-17 00:01:30,854 train_utils.py: 268: Train Epoch: [0][2000/9054] | Batch Time: 2.84 (3.04) | Data Time: 0.00 (0.05) | Mem (GB): 36.00 (33.31/36.00) | Time Elapsed: 00d 01h 45m | Losses/train_medical_loss: 7.48e+01 (6.58e+01) | Losses/train_medical_val_loss: 0.00e+00 (0.00e+00)
INFO 2026-05-17 00:04:19,329 train_utils.py: 268: Train Epoch: [0][2050/9054] | Batch Time: 2.81 (3.05) | Data Time: 0.00 (0.05) | Mem (GB): 36.00 (33.33/36.00) | Time Elapsed: 00d 01h 48m | Losses/train_medical_loss: 6.45e+01 (6.54e+01) | Losses/train_medical_val_loss: 0.00e+00 (0.00e+00)
INFO 2026-05-17 00:06:51,804 train_utils.py: 268: Train Epoch: [0][2100/9054] | Batch Time: 2.83 (3.05) | Data Time: 0.00 (0.05) | Mem (GB): 36.00 (33.33/36.00) | Time Elapsed: 00d 01h 50m | Losses/train_medical_loss: 5.67e+01 (6.52e+01) | Losses/train_medical_val_loss: 0.00e+00 (0.00e+00)
INFO 2026-05-17 00:09:22,841 train_utils.py: 268: Train Epoch: [0][2150/9054] | Batch Time: 4.07 (3.05) | Data Time: 0.00 (0.05) | Mem (GB): 36.00 (33.34/36.00) | Time Elapsed: 00d 01h 53m | Losses/train_medical_loss: 6.64e+01 (6.49e+01) | Losses/train_medical_val_loss: 0.00e+00 (0.00e+00)
INFO 2026-05-17 00:11:43,159 train_utils.py: 268: Train Epoch: [0][2200/9054] | Batch Time: 2.83 (3.05) | Data Time: 0.00 (0.05) | Mem (GB): 36.00 (33.35/36.00) | Time Elapsed: 00d 01h 55m | Losses/train_medical_loss: 1.64e+01 (6.46e+01) | Losses/train_medical_val_loss: 0.00e+00 (0.00e+00)
INFO 2026-05-17 00:14:34,580 train_utils.py: 268: Train Epoch: [0][2250/9054] | Batch Time: 2.57 (3.05) | Data Time: 0.00 (0.05) | Mem (GB): 33.00 (33.36/36.00) | Time Elapsed: 00d 01h 58m | Losses/train_medical_loss: 1.11e+02 (6.45e+01) | Losses/train_medical_val_loss: 0.00e+00 (0.00e+00)
INFO 2026-05-17 00:16:54,357 train_utils.py: 268: Train Epoch: [0][2300/9054] | Batch Time: 2.32 (3.05) | Data Time: 0.00 (0.05) | Mem (GB): 30.00 (33.33/36.00) | Time Elapsed: 00d 02h 00m | Losses/train_medical_loss: 8.09e+01 (6.43e+01) | Losses/train_medical_val_loss: 0.00e+00 (0.00e+00)
INFO 2026-05-17 00:19:14,243 train_utils.py: 268: Train Epoch: [0][2350/9054] | Batch Time: 2.03 (3.04) | Data Time: 0.00 (0.05) | Mem (GB): 27.00 (33.32/36.00) | Time Elapsed: 00d 02h 02m | Losses/train_medical_loss: 3.49e+01 (6.43e+01) | Losses/train_medical_val_loss: 0.00e+00 (0.00e+00)
INFO 2026-05-17 00:21:34,354 train_utils.py: 268: Train Epoch: [0][2400/9054] | Batch Time: 1.81 (3.04) | Data Time: 0.00 (0.05) | Mem (GB): 25.00 (33.31/36.00) | Time Elapsed: 00d 02h 05m | Losses/train_medical_loss: 5.91e+01 (6.42e+01) | Losses/train_medical_val_loss: 0.00e+00 (0.00e+00)
INFO 2026-05-17 00:24:29,751 train_utils.py: 268: Train Epoch: [0][2450/9054] | Batch Time: 2.77 (3.05) | Data Time: 0.00 (0.05) | Mem (GB): 36.00 (33.32/36.00) | Time Elapsed: 00d 02h 08m | Losses/train_medical_loss: 5.75e+01 (6.41e+01) | Losses/train_medical_val_loss: 0.00e+00 (0.00e+00)
INFO 2026-05-17 00:26:54,865 train_utils.py: 268: Train Epoch: [0][2500/9054] | Batch Time: 2.81 (3.05) | Data Time: 0.00 (0.04) | Mem (GB): 36.00 (33.29/36.00) | Time Elapsed: 00d 02h 10m | Losses/train_medical_loss: 1.25e+01 (6.40e+01) | Losses/train_medical_val_loss: 0.00e+00 (0.00e+00)
INFO 2026-05-17 00:29:13,431 train_utils.py: 268: Train Epoch: [0][2550/9054] | Batch Time: 2.80 (3.04) | Data Time: 0.00 (0.04) | Mem (GB): 36.00 (33.28/36.00) | Time Elapsed: 00d 02h 12m | Losses/train_medical_loss: 6.26e+01 (6.38e+01) | Losses/train_medical_val_loss: 0.00e+00 (0.00e+00)
INFO 2026-05-17 00:32:00,983 train_utils.py: 268: Train Epoch: [0][2600/9054] | Batch Time: 5.14 (3.05) | Data Time: 0.00 (0.04) | Mem (GB): 36.00 (33.28/36.00) | Time Elapsed: 00d 02h 15m | Losses/train_medical_loss: 1.45e+01 (6.36e+01) | Losses/train_medical_val_loss: 0.00e+00 (0.00e+00)
INFO 2026-05-17 00:34:30,426 train_utils.py: 268: Train Epoch: [0][2650/9054] | Batch Time: 2.06 (3.04) | Data Time: 0.00 (0.04) | Mem (GB): 27.00 (33.30/36.00) | Time Elapsed: 00d 02h 18m | Losses/train_medical_loss: 6.67e+01 (6.33e+01) | Losses/train_medical_val_loss: 0.00e+00 (0.00e+00)
INFO 2026-05-17 00:36:50,020 train_utils.py: 268: Train Epoch: [0][2700/9054] | Batch Time: 2.84 (3.04) | Data Time: 0.00 (0.04) | Mem (GB): 36.00 (33.28/36.00) | Time Elapsed: 00d 02h 20m | Losses/train_medical_loss: 3.44e+01 (6.31e+01) | Losses/train_medical_val_loss: 0.00e+00 (0.00e+00)
INFO 2026-05-17 00:39:12,927 train_utils.py: 268: Train Epoch: [0][2750/9054] | Batch Time: 2.71 (3.04) | Data Time: 0.00 (0.05) | Mem (GB): 36.00 (33.26/36.00) | Time Elapsed: 00d 02h 22m | Losses/train_medical_loss: 3.54e+01 (6.30e+01) | Losses/train_medical_val_loss: 0.00e+00 (0.00e+00)
INFO 2026-05-17 00:42:03,114 train_utils.py: 268: Train Epoch: [0][2800/9054] | Batch Time: 4.14 (3.04) | Data Time: 0.00 (0.05) | Mem (GB): 36.00 (33.25/36.00) | Time Elapsed: 00d 02h 25m | Losses/train_medical_loss: 1.48e+01 (6.29e+01) | Losses/train_medical_val_loss: 0.00e+00 (0.00e+00)
INFO 2026-05-17 00:44:22,576 train_utils.py: 268: Train Epoch: [0][2850/9054] | Batch Time: 2.69 (3.04) | Data Time: 0.00 (0.04) | Mem (GB): 36.00 (33.27/36.00) | Time Elapsed: 00d 02h 28m | Losses/train_medical_loss: 4.08e+01 (6.27e+01) | Losses/train_medical_val_loss: 0.00e+00 (0.00e+00)
INFO 2026-05-17 00:46:42,270 train_utils.py: 268: Train Epoch: [0][2900/9054] | Batch Time: 2.84 (3.03) | Data Time: 0.00 (0.04) | Mem (GB): 36.00 (33.27/36.00) | Time Elapsed: 00d 02h 30m | Losses/train_medical_loss: 3.27e+01 (6.25e+01) | Losses/train_medical_val_loss: 0.00e+00 (0.00e+00)
INFO 2026-05-17 00:49:05,412 train_utils.py: 268: Train Epoch: [0][2950/9054] | Batch Time: 2.82 (3.03) | Data Time: 0.00 (0.04) | Mem (GB): 36.00 (33.29/36.00) | Time Elapsed: 00d 02h 32m | Losses/train_medical_loss: 8.25e+00 (6.24e+01) | Losses/train_medical_val_loss: 0.00e+00 (0.00e+00)
INFO 2026-05-17 00:51:57,761 train_utils.py: 268: Train Epoch: [0][3000/9054] | Batch Time: 1.60 (3.04) | Data Time: 0.00 (0.04) | Mem (GB): 22.00 (33.30/36.00) | Time Elapsed: 00d 02h 35m | Losses/train_medical_loss: 8.78e+01 (6.21e+01) | Losses/train_medical_val_loss: 0.00e+00 (0.00e+00)
INFO 2026-05-17 00:54:24,830 train_utils.py: 268: Train Epoch: [0][3050/9054] | Batch Time: 2.77 (3.04) | Data Time: 0.00 (0.04) | Mem (GB): 36.00 (33.29/36.00) | Time Elapsed: 00d 02h 38m | Losses/train_medical_loss: 1.80e+01 (6.21e+01) | Losses/train_medical_val_loss: 0.00e+00 (0.00e+00)
INFO 2026-05-17 00:56:49,090 train_utils.py: 268: Train Epoch: [0][3100/9054] | Batch Time: 2.83 (3.03) | Data Time: 0.00 (0.04) | Mem (GB): 36.00 (33.28/36.00) | Time Elapsed: 00d 02h 40m | Losses/train_medical_loss: 8.22e+01 (6.19e+01) | Losses/train_medical_val_loss: 0.00e+00 (0.00e+00)
INFO 2026-05-17 00:59:43,887 train_utils.py: 268: Train Epoch: [0][3150/9054] | Batch Time: 2.71 (3.04) | Data Time: 0.00 (0.04) | Mem (GB): 36.00 (33.27/36.00) | Time Elapsed: 00d 02h 43m | Losses/train_medical_loss: 3.89e+01 (6.18e+01) | Losses/train_medical_val_loss: 0.00e+00 (0.00e+00)
INFO 2026-05-17 01:02:03,121 train_utils.py: 268: Train Epoch: [0][3200/9054] | Batch Time: 1.52 (3.04) | Data Time: 0.00 (0.04) | Mem (GB): 22.00 (33.28/36.00) | Time Elapsed: 00d 02h 45m | Losses/train_medical_loss: 3.62e+01 (6.16e+01) | Losses/train_medical_val_loss: 0.00e+00 (0.00e+00)
INFO 2026-05-17 01:04:23,077 train_utils.py: 268: Train Epoch: [0][3250/9054] | Batch Time: 2.73 (3.03) | Data Time: 0.00 (0.04) | Mem (GB): 36.00 (33.26/36.00) | Time Elapsed: 00d 02h 48m | Losses/train_medical_loss: 9.24e+01 (6.14e+01) | Losses/train_medical_val_loss: 0.00e+00 (0.00e+00)
INFO 2026-05-17 01:06:41,567 train_utils.py: 268: Train Epoch: [0][3300/9054] | Batch Time: 1.36 (3.03) | Data Time: 0.00 (0.04) | Mem (GB): 20.00 (33.26/36.00) | Time Elapsed: 00d 02h 50m | Losses/train_medical_loss: 5.62e+01 (6.13e+01) | Losses/train_medical_val_loss: 0.00e+00 (0.00e+00)
INFO 2026-05-17 01:09:38,485 train_utils.py: 268: Train Epoch: [0][3350/9054] | Batch Time: 2.69 (3.04) | Data Time: 0.00 (0.04) | Mem (GB): 36.00 (33.27/36.00) | Time Elapsed: 00d 02h 53m | Losses/train_medical_loss: 8.99e+01 (6.11e+01) | Losses/train_medical_val_loss: 0.00e+00 (0.00e+00)
INFO 2026-05-17 01:11:57,490 train_utils.py: 268: Train Epoch: [0][3400/9054] | Batch Time: 2.73 (3.03) | Data Time: 0.00 (0.04) | Mem (GB): 36.00 (33.27/36.00) | Time Elapsed: 00d 02h 55m | Losses/train_medical_loss: 5.32e+01 (6.10e+01) | Losses/train_medical_val_loss: 0.00e+00 (0.00e+00)
INFO 2026-05-17 01:14:16,479 train_utils.py: 268: Train Epoch: [0][3450/9054] | Batch Time: 2.78 (3.03) | Data Time: 0.00 (0.04) | Mem (GB): 36.00 (33.28/36.00) | Time Elapsed: 00d 02h 57m | Losses/train_medical_loss: 9.96e+00 (6.08e+01) | Losses/train_medical_val_loss: 0.00e+00 (0.00e+00)
INFO 2026-05-17 01:16:36,687 train_utils.py: 268: Train Epoch: [0][3500/9054] | Batch Time: 2.89 (3.03) | Data Time: 0.00 (0.04) | Mem (GB): 36.00 (33.28/37.00) | Time Elapsed: 00d 03h 00m | Losses/train_medical_loss: 7.01e+01 (6.07e+01) | Losses/train_medical_val_loss: 0.00e+00 (0.00e+00)
INFO 2026-05-17 01:19:27,103 train_utils.py: 268: Train Epoch: [0][3550/9054] | Batch Time: 1.28 (3.03) | Data Time: 0.00 (0.04) | Mem (GB): 20.00 (33.27/37.00) | Time Elapsed: 00d 03h 03m | Losses/train_medical_loss: 5.95e+01 (6.05e+01) | Losses/train_medical_val_loss: 0.00e+00 (0.00e+00)
INFO 2026-05-17 01:21:47,423 train_utils.py: 268: Train Epoch: [0][3600/9054] | Batch Time: 1.32 (3.03) | Data Time: 0.00 (0.04) | Mem (GB): 20.00 (33.26/37.00) | Time Elapsed: 00d 03h 05m | Losses/train_medical_loss: 5.50e+01 (6.03e+01) | Losses/train_medical_val_loss: 0.00e+00 (0.00e+00)
INFO 2026-05-17 01:24:08,006 train_utils.py: 268: Train Epoch: [0][3650/9054] | Batch Time: 2.73 (3.03) | Data Time: 0.00 (0.03) | Mem (GB): 36.00 (33.26/37.00) | Time Elapsed: 00d 03h 07m | Losses/train_medical_loss: 8.13e+01 (6.02e+01) | Losses/train_medical_val_loss: 0.00e+00 (0.00e+00)
INFO 2026-05-17 01:27:03,219 train_utils.py: 268: Train Epoch: [0][3700/9054] | Batch Time: 2.73 (3.03) | Data Time: 0.00 (0.03) | Mem (GB): 36.00 (33.27/37.00) | Time Elapsed: 00d 03h 10m | Losses/train_medical_loss: 2.75e+01 (5.99e+01) | Losses/train_medical_val_loss: 0.00e+00 (0.00e+00)
INFO 2026-05-17 01:29:21,387 train_utils.py: 268: Train Epoch: [0][3750/9054] | Batch Time: 1.80 (3.03) | Data Time: 0.00 (0.03) | Mem (GB): 25.00 (33.26/37.00) | Time Elapsed: 00d 03h 13m | Losses/train_medical_loss: 3.76e+01 (5.99e+01) | Losses/train_medical_val_loss: 0.00e+00 (0.00e+00)
INFO 2026-05-17 01:31:44,860 train_utils.py: 268: Train Epoch: [0][3800/9054] | Batch Time: 2.84 (3.03) | Data Time: 0.00 (0.03) | Mem (GB): 36.00 (33.28/37.00) | Time Elapsed: 00d 03h 15m | Losses/train_medical_loss: 3.85e+01 (5.98e+01) | Losses/train_medical_val_loss: 0.00e+00 (0.00e+00)
INFO 2026-05-17 01:34:03,183 train_utils.py: 268: Train Epoch: [0][3850/9054] | Batch Time: 2.80 (3.02) | Data Time: 0.00 (0.03) | Mem (GB): 36.00 (33.29/37.00) | Time Elapsed: 00d 03h 17m | Losses/train_medical_loss: 3.15e+01 (5.96e+01) | Losses/train_medical_val_loss: 0.00e+00 (0.00e+00)
INFO 2026-05-17 01:36:57,170 train_utils.py: 268: Train Epoch: [0][3900/9054] | Batch Time: 4.09 (3.03) | Data Time: 0.00 (0.03) | Mem (GB): 36.00 (33.30/37.00) | Time Elapsed: 00d 03h 20m | Losses/train_medical_loss: 2.69e+01 (5.94e+01) | Losses/train_medical_val_loss: 0.00e+00 (0.00e+00)
INFO 2026-05-17 01:39:17,443 train_utils.py: 268: Train Epoch: [0][3950/9054] | Batch Time: 3.87 (3.03) | Data Time: 0.00 (0.03) | Mem (GB): 36.00 (33.29/37.00) | Time Elapsed: 00d 03h 23m | Losses/train_medical_loss: 2.89e+01 (5.93e+01) | Losses/train_medical_val_loss: 0.00e+00 (0.00e+00)
INFO 2026-05-17 01:41:35,270 train_utils.py: 268: Train Epoch: [0][4000/9054] | Batch Time: 2.83 (3.02) | Data Time: 0.00 (0.03) | Mem (GB): 36.00 (33.28/37.00) | Time Elapsed: 00d 03h 25m | Losses/train_medical_loss: 6.78e+01 (5.93e+01) | Losses/train_medical_val_loss: 0.00e+00 (0.00e+00)
INFO 2026-05-17 01:43:55,193 train_utils.py: 268: Train Epoch: [0][4050/9054] | Batch Time: 2.78 (3.02) | Data Time: 0.00 (0.03) | Mem (GB): 36.00 (33.29/37.00) | Time Elapsed: 00d 03h 27m | Losses/train_medical_loss: 1.60e+01 (5.91e+01) | Losses/train_medical_val_loss: 0.00e+00 (0.00e+00)
INFO 2026-05-17 01:46:50,984 train_utils.py: 268: Train Epoch: [0][4100/9054] | Batch Time: 3.86 (3.03) | Data Time: 0.00 (0.03) | Mem (GB): 36.00 (33.29/37.00) | Time Elapsed: 00d 03h 30m | Losses/train_medical_loss: 2.84e+01 (5.90e+01) | Losses/train_medical_val_loss: 0.00e+00 (0.00e+00)
INFO 2026-05-17 01:49:10,410 train_utils.py: 268: Train Epoch: [0][4150/9054] | Batch Time: 3.57 (3.02) | Data Time: 0.00 (0.03) | Mem (GB): 36.00 (33.28/37.00) | Time Elapsed: 00d 03h 32m | Losses/train_medical_loss: 2.45e+01 (5.89e+01) | Losses/train_medical_val_loss: 0.00e+00 (0.00e+00)
INFO 2026-05-17 01:51:30,162 train_utils.py: 268: Train Epoch: [0][4200/9054] | Batch Time: 2.77 (3.02) | Data Time: 0.00 (0.03) | Mem (GB): 36.00 (33.29/37.00) | Time Elapsed: 00d 03h 35m | Losses/train_medical_loss: 1.63e+02 (5.88e+01) | Losses/train_medical_val_loss: 0.00e+00 (0.00e+00)
INFO 2026-05-17 01:54:12,876 train_utils.py: 268: Train Epoch: [0][4250/9054] | Batch Time: 2.70 (3.02) | Data Time: 0.00 (0.03) | Mem (GB): 36.00 (33.28/37.00) | Time Elapsed: 00d 03h 37m | Losses/train_medical_loss: 5.10e+01 (5.87e+01) | Losses/train_medical_val_loss: 0.00e+00 (0.00e+00)
INFO 2026-05-17 01:56:52,843 train_utils.py: 268: Train Epoch: [0][4300/9054] | Batch Time: 2.12 (3.03) | Data Time: 0.00 (0.03) | Mem (GB): 27.00 (33.29/37.00) | Time Elapsed: 00d 03h 40m | Losses/train_medical_loss: 7.76e+01 (5.86e+01) | Losses/train_medical_val_loss: 0.00e+00 (0.00e+00)
INFO 2026-05-17 01:59:12,433 train_utils.py: 268: Train Epoch: [0][4350/9054] | Batch Time: 3.04 (3.02) | Data Time: 0.00 (0.03) | Mem (GB): 36.00 (33.29/37.00) | Time Elapsed: 00d 03h 42m | Losses/train_medical_loss: 2.65e+01 (5.84e+01) | Losses/train_medical_val_loss: 0.00e+00 (0.00e+00)
INFO 2026-05-17 02:01:31,563 train_utils.py: 268: Train Epoch: [0][4400/9054] | Batch Time: 2.83 (3.02) | Data Time: 0.00 (0.03) | Mem (GB): 36.00 (33.28/37.00) | Time Elapsed: 00d 03h 45m | Losses/train_medical_loss: 1.10e+02 (5.83e+01) | Losses/train_medical_val_loss: 0.00e+00 (0.00e+00)
INFO 2026-05-17 02:04:15,403 train_utils.py: 268: Train Epoch: [0][4450/9054] | Batch Time: 2.80 (3.02) | Data Time: 0.00 (0.03) | Mem (GB): 36.00 (33.28/37.00) | Time Elapsed: 00d 03h 47m | Losses/train_medical_loss: 3.45e+01 (5.82e+01) | Losses/train_medical_val_loss: 0.00e+00 (0.00e+00)
INFO 2026-05-17 02:06:34,813 train_utils.py: 268: Train Epoch: [0][4500/9054] | Batch Time: 2.82 (3.02) | Data Time: 0.00 (0.03) | Mem (GB): 36.00 (33.27/37.00) | Time Elapsed: 00d 03h 50m | Losses/train_medical_loss: 2.86e+01 (5.81e+01) | Losses/train_medical_val_loss: 0.00e+00 (0.00e+00)
INFO 2026-05-17 02:08:54,929 train_utils.py: 268: Train Epoch: [0][4550/9054] | Batch Time: 4.27 (3.02) | Data Time: 0.00 (0.03) | Mem (GB): 36.00 (33.27/37.00) | Time Elapsed: 00d 03h 52m | Losses/train_medical_loss: 7.54e+01 (5.79e+01) | Losses/train_medical_val_loss: 0.00e+00 (0.00e+00)
INFO 2026-05-17 02:11:19,559 train_utils.py: 268: Train Epoch: [0][4600/9054] | Batch Time: 1.86 (3.02) | Data Time: 0.00 (0.03) | Mem (GB): 25.00 (33.26/37.00) | Time Elapsed: 00d 03h 55m | Losses/train_medical_loss: 5.68e+01 (5.78e+01) | Losses/train_medical_val_loss: 0.00e+00 (0.00e+00)
INFO 2026-05-17 02:14:16,302 train_utils.py: 268: Train Epoch: [0][4650/9054] | Batch Time: 2.84 (3.02) | Data Time: 0.00 (0.03) | Mem (GB): 36.00 (33.28/37.00) | Time Elapsed: 00d 03h 57m | Losses/train_medical_loss: 1.81e+01 (5.78e+01) | Losses/train_medical_val_loss: 0.00e+00 (0.00e+00)
INFO 2026-05-17 02:16:34,413 train_utils.py: 268: Train Epoch: [0][4700/9054] | Batch Time: 1.27 (3.02) | Data Time: 0.00 (0.03) | Mem (GB): 20.00 (33.28/37.00) | Time Elapsed: 00d 04h 00m | Losses/train_medical_loss: 1.19e+02 (5.77e+01) | Losses/train_medical_val_loss: 0.00e+00 (0.00e+00)
INFO 2026-05-17 02:18:55,323 train_utils.py: 268: Train Epoch: [0][4750/9054] | Batch Time: 2.84 (3.02) | Data Time: 0.00 (0.03) | Mem (GB): 36.00 (33.29/37.00) | Time Elapsed: 00d 04h 02m | Losses/train_medical_loss: 2.50e+01 (5.76e+01) | Losses/train_medical_val_loss: 0.00e+00 (0.00e+00)
INFO 2026-05-17 02:21:26,971 train_utils.py: 268: Train Epoch: [0][4800/9054] | Batch Time: 2.77 (3.02) | Data Time: 0.00 (0.03) | Mem (GB): 36.00 (33.29/37.00) | Time Elapsed: 00d 04h 05m | Losses/train_medical_loss: 1.93e+01 (5.75e+01) | Losses/train_medical_val_loss: 0.00e+00 (0.00e+00)
INFO 2026-05-17 02:24:09,393 train_utils.py: 268: Train Epoch: [0][4850/9054] | Batch Time: 2.75 (3.02) | Data Time: 0.00 (0.03) | Mem (GB): 36.00 (33.28/37.00) | Time Elapsed: 00d 04h 07m | Losses/train_medical_loss: 3.83e+01 (5.74e+01) | Losses/train_medical_val_loss: 0.00e+00 (0.00e+00)
INFO 2026-05-17 02:26:27,911 train_utils.py: 268: Train Epoch: [0][4900/9054] | Batch Time: 2.82 (3.02) | Data Time: 0.00 (0.03) | Mem (GB): 36.00 (33.28/37.00) | Time Elapsed: 00d 04h 10m | Losses/train_medical_loss: 7.09e+01 (5.74e+01) | Losses/train_medical_val_loss: 0.00e+00 (0.00e+00)
INFO 2026-05-17 02:28:50,508 train_utils.py: 268: Train Epoch: [0][4950/9054] | Batch Time: 2.82 (3.02) | Data Time: 0.00 (0.03) | Mem (GB): 36.00 (33.29/37.00) | Time Elapsed: 00d 04h 12m | Losses/train_medical_loss: 7.88e+01 (5.73e+01) | Losses/train_medical_val_loss: 0.00e+00 (0.00e+00)
INFO 2026-05-17 02:31:46,327 train_utils.py: 268: Train Epoch: [0][5000/9054] | Batch Time: 2.87 (3.02) | Data Time: 0.00 (0.03) | Mem (GB): 36.00 (33.30/37.00) | Time Elapsed: 00d 04h 15m | Losses/train_medical_loss: 2.05e+01 (5.72e+01) | Losses/train_medical_val_loss: 0.00e+00 (0.00e+00)
INFO 2026-05-17 02:34:09,489 train_utils.py: 268: Train Epoch: [0][5050/9054] | Batch Time: 2.83 (3.02) | Data Time: 0.00 (0.03) | Mem (GB): 36.00 (33.30/37.00) | Time Elapsed: 00d 04h 17m | Losses/train_medical_loss: 1.11e+02 (5.72e+01) | Losses/train_medical_val_loss: 0.00e+00 (0.00e+00)
INFO 2026-05-17 02:36:28,506 train_utils.py: 268: Train Epoch: [0][5100/9054] | Batch Time: 2.84 (3.02) | Data Time: 0.00 (0.03) | Mem (GB): 36.00 (33.30/37.00) | Time Elapsed: 00d 04h 20m | Losses/train_medical_loss: 3.58e+01 (5.71e+01) | Losses/train_medical_val_loss: 0.00e+00 (0.00e+00)
INFO 2026-05-17 02:38:45,245 train_utils.py: 268: Train Epoch: [0][5150/9054] | Batch Time: 1.54 (3.01) | Data Time: 0.00 (0.03) | Mem (GB): 22.00 (33.28/37.00) | Time Elapsed: 00d 04h 22m | Losses/train_medical_loss: 7.96e+01 (5.70e+01) | Losses/train_medical_val_loss: 0.00e+00 (0.00e+00)
INFO 2026-05-17 02:41:42,193 train_utils.py: 268: Train Epoch: [0][5200/9054] | Batch Time: 4.08 (3.02) | Data Time: 0.00 (0.03) | Mem (GB): 36.00 (33.26/37.00) | Time Elapsed: 00d 04h 25m | Losses/train_medical_loss: 5.40e+01 (5.70e+01) | Losses/train_medical_val_loss: 0.00e+00 (0.00e+00)
INFO 2026-05-17 02:44:00,314 train_utils.py: 268: Train Epoch: [0][5250/9054] | Batch Time: 3.81 (3.02) | Data Time: 0.00 (0.03) | Mem (GB): 36.00 (33.26/37.00) | Time Elapsed: 00d 04h 27m | Losses/train_medical_loss: 1.39e+01 (5.69e+01) | Losses/train_medical_val_loss: 0.00e+00 (0.00e+00)
INFO 2026-05-17 02:46:20,648 train_utils.py: 268: Train Epoch: [0][5300/9054] | Batch Time: 2.81 (3.01) | Data Time: 0.00 (0.03) | Mem (GB): 36.00 (33.26/37.00) | Time Elapsed: 00d 04h 30m | Losses/train_medical_loss: 1.11e+01 (5.67e+01) | Losses/train_medical_val_loss: 0.00e+00 (0.00e+00)
INFO 2026-05-17 02:48:51,981 train_utils.py: 268: Train Epoch: [0][5350/9054] | Batch Time: 14.48 (3.01) | Data Time: 0.00 (0.03) | Mem (GB): 36.00 (33.25/37.00) | Time Elapsed: 00d 04h 32m | Losses/train_medical_loss: 2.40e+01 (5.67e+01) | Losses/train_medical_val_loss: 0.00e+00 (0.00e+00)
INFO 2026-05-17 02:51:34,902 train_utils.py: 268: Train Epoch: [0][5400/9054] | Batch Time: 2.83 (3.02) | Data Time: 0.00 (0.03) | Mem (GB): 36.00 (33.26/37.00) | Time Elapsed: 00d 04h 35m | Losses/train_medical_loss: 3.94e+01 (5.66e+01) | Losses/train_medical_val_loss: 0.00e+00 (0.00e+00)
INFO 2026-05-17 02:53:54,482 train_utils.py: 268: Train Epoch: [0][5450/9054] | Batch Time: 2.77 (3.02) | Data Time: 0.00 (0.03) | Mem (GB): 36.00 (33.25/37.00) | Time Elapsed: 00d 04h 37m | Losses/train_medical_loss: 5.95e+01 (5.66e+01) | Losses/train_medical_val_loss: 0.00e+00 (0.00e+00)
INFO 2026-05-17 02:56:21,031 train_utils.py: 268: Train Epoch: [0][5500/9054] | Batch Time: 3.17 (3.01) | Data Time: 0.00 (0.03) | Mem (GB): 36.00 (33.26/37.00) | Time Elapsed: 00d 04h 40m | Losses/train_medical_loss: 3.16e+01 (5.65e+01) | Losses/train_medical_val_loss: 0.00e+00 (0.00e+00)
INFO 2026-05-17 02:59:26,670 train_utils.py: 268: Train Epoch: [0][5550/9054] | Batch Time: 2.45 (3.02) | Data Time: 0.00 (0.02) | Mem (GB): 33.00 (33.26/37.00) | Time Elapsed: 00d 04h 43m | Losses/train_medical_loss: 9.77e+01 (5.64e+01) | Losses/train_medical_val_loss: 0.00e+00 (0.00e+00)
INFO 2026-05-17 03:01:34,914 train_utils.py: 268: Train Epoch: [0][5600/9054] | Batch Time: 2.84 (3.02) | Data Time: 0.00 (0.02) | Mem (GB): 36.00 (33.27/37.00) | Time Elapsed: 00d 04h 45m | Losses/train_medical_loss: 8.18e+00 (5.63e+01) | Losses/train_medical_val_loss: 0.00e+00 (0.00e+00)
INFO 2026-05-17 03:03:53,467 train_utils.py: 268: Train Epoch: [0][5650/9054] | Batch Time: 1.78 (3.01) | Data Time: 0.00 (0.02) | Mem (GB): 25.00 (33.26/37.00) | Time Elapsed: 00d 04h 47m | Losses/train_medical_loss: 6.15e+01 (5.62e+01) | Losses/train_medical_val_loss: 0.00e+00 (0.00e+00)
INFO 2026-05-17 03:06:13,564 train_utils.py: 268: Train Epoch: [0][5700/9054] | Batch Time: 2.82 (3.01) | Data Time: 0.00 (0.02) | Mem (GB): 36.00 (33.27/37.00) | Time Elapsed: 00d 04h 49m | Losses/train_medical_loss: 4.54e+01 (5.61e+01) | Losses/train_medical_val_loss: 0.00e+00 (0.00e+00)
INFO 2026-05-17 03:09:06,791 train_utils.py: 268: Train Epoch: [0][5750/9054] | Batch Time: 1.27 (3.02) | Data Time: 0.00 (0.02) | Mem (GB): 20.00 (33.26/37.00) | Time Elapsed: 00d 04h 52m | Losses/train_medical_loss: 7.70e+01 (5.61e+01) | Losses/train_medical_val_loss: 0.00e+00 (0.00e+00)
INFO 2026-05-17 03:11:28,957 train_utils.py: 268: Train Epoch: [0][5800/9054] | Batch Time: 2.84 (3.01) | Data Time: 0.00 (0.02) | Mem (GB): 36.00 (33.26/37.00) | Time Elapsed: 00d 04h 55m | Losses/train_medical_loss: 7.45e+01 (5.60e+01) | Losses/train_medical_val_loss: 0.00e+00 (0.00e+00)
INFO 2026-05-17 03:13:45,348 train_utils.py: 268: Train Epoch: [0][5850/9054] | Batch Time: 3.08 (3.01) | Data Time: 0.00 (0.02) | Mem (GB): 36.00 (33.25/37.00) | Time Elapsed: 00d 04h 57m | Losses/train_medical_loss: 7.82e+01 (5.60e+01) | Losses/train_medical_val_loss: 0.00e+00 (0.00e+00)
INFO 2026-05-17 03:16:03,285 train_utils.py: 268: Train Epoch: [0][5900/9054] | Batch Time: 2.86 (3.01) | Data Time: 0.00 (0.02) | Mem (GB): 36.00 (33.26/37.00) | Time Elapsed: 00d 04h 59m | Losses/train_medical_loss: 1.10e+02 (5.60e+01) | Losses/train_medical_val_loss: 0.00e+00 (0.00e+00)
INFO 2026-05-17 03:18:57,985 train_utils.py: 268: Train Epoch: [0][5950/9054] | Batch Time: 1.79 (3.01) | Data Time: 0.00 (0.02) | Mem (GB): 20.00 (33.25/37.00) | Time Elapsed: 00d 05h 02m | Losses/train_medical_loss: 7.44e+01 (5.59e+01) | Losses/train_medical_val_loss: 0.00e+00 (0.00e+00)
INFO 2026-05-17 03:21:17,621 train_utils.py: 268: Train Epoch: [0][6000/9054] | Batch Time: 3.25 (3.01) | Data Time: 0.00 (0.02) | Mem (GB): 25.00 (33.24/37.00) | Time Elapsed: 00d 05h 05m | Losses/train_medical_loss: 5.82e+01 (5.58e+01) | Losses/train_medical_val_loss: 0.00e+00 (0.00e+00)
INFO 2026-05-17 03:23:36,867 train_utils.py: 268: Train Epoch: [0][6050/9054] | Batch Time: 2.54 (3.01) | Data Time: 0.00 (0.02) | Mem (GB): 33.00 (33.23/37.00) | Time Elapsed: 00d 05h 07m | Losses/train_medical_loss: 3.40e+01 (5.58e+01) | Losses/train_medical_val_loss: 0.00e+00 (0.00e+00)
INFO 2026-05-17 03:26:31,840 train_utils.py: 268: Train Epoch: [0][6100/9054] | Batch Time: 14.31 (3.01) | Data Time: 0.00 (0.02) | Mem (GB): 36.00 (33.23/37.00) | Time Elapsed: 00d 05h 10m | Losses/train_medical_loss: 3.28e+01 (5.57e+01) | Losses/train_medical_val_loss: 0.00e+00 (0.00e+00)
INFO 2026-05-17 03:28:51,261 train_utils.py: 268: Train Epoch: [0][6150/9054] | Batch Time: 2.33 (3.01) | Data Time: 0.00 (0.02) | Mem (GB): 30.00 (33.23/37.00) | Time Elapsed: 00d 05h 12m | Losses/train_medical_loss: 3.15e+01 (5.56e+01) | Losses/train_medical_val_loss: 0.00e+00 (0.00e+00)
INFO 2026-05-17 03:31:09,814 train_utils.py: 268: Train Epoch: [0][6200/9054] | Batch Time: 1.47 (3.01) | Data Time: 0.00 (0.02) | Mem (GB): 22.00 (33.22/37.00) | Time Elapsed: 00d 05h 14m | Losses/train_medical_loss: 8.75e+01 (5.56e+01) | Losses/train_medical_val_loss: 0.00e+00 (0.00e+00)
INFO 2026-05-17 03:33:28,406 train_utils.py: 268: Train Epoch: [0][6250/9054] | Batch Time: 2.07 (3.01) | Data Time: 0.00 (0.02) | Mem (GB): 22.00 (33.22/37.00) | Time Elapsed: 00d 05h 17m | Losses/train_medical_loss: 6.64e+01 (5.55e+01) | Losses/train_medical_val_loss: 0.00e+00 (0.00e+00)
INFO 2026-05-17 03:36:25,406 train_utils.py: 268: Train Epoch: [0][6300/9054] | Batch Time: 3.32 (3.01) | Data Time: 0.00 (0.02) | Mem (GB): 36.00 (33.22/37.00) | Time Elapsed: 00d 05h 20m | Losses/train_medical_loss: 2.75e+01 (5.55e+01) | Losses/train_medical_val_loss: 0.00e+00 (0.00e+00)
INFO 2026-05-17 03:38:44,854 train_utils.py: 268: Train Epoch: [0][6350/9054] | Batch Time: 2.71 (3.01) | Data Time: 0.00 (0.02) | Mem (GB): 36.00 (33.24/37.00) | Time Elapsed: 00d 05h 22m | Losses/train_medical_loss: 2.74e+01 (5.54e+01) | Losses/train_medical_val_loss: 0.00e+00 (0.00e+00)
INFO 2026-05-17 03:41:04,445 train_utils.py: 268: Train Epoch: [0][6400/9054] | Batch Time: 2.01 (3.01) | Data Time: 0.00 (0.02) | Mem (GB): 22.00 (33.24/37.00) | Time Elapsed: 00d 05h 24m | Losses/train_medical_loss: 7.54e+01 (5.54e+01) | Losses/train_medical_val_loss: 0.00e+00 (0.00e+00)
INFO 2026-05-17 03:43:27,994 train_utils.py: 268: Train Epoch: [0][6450/9054] | Batch Time: 2.79 (3.01) | Data Time: 0.00 (0.02) | Mem (GB): 36.00 (33.24/37.00) | Time Elapsed: 00d 05h 27m | Losses/train_medical_loss: 9.97e+01 (5.53e+01) | Losses/train_medical_val_loss: 0.00e+00 (0.00e+00)
INFO 2026-05-17 03:46:21,206 train_utils.py: 268: Train Epoch: [0][6500/9054] | Batch Time: 2.86 (3.01) | Data Time: 0.00 (0.02) | Mem (GB): 36.00 (33.24/37.00) | Time Elapsed: 00d 05h 30m | Losses/train_medical_loss: 1.04e+02 (5.53e+01) | Losses/train_medical_val_loss: 0.00e+00 (0.00e+00)
INFO 2026-05-17 03:48:40,217 train_utils.py: 268: Train Epoch: [0][6550/9054] | Batch Time: 2.84 (3.01) | Data Time: 0.00 (0.02) | Mem (GB): 36.00 (33.25/37.00) | Time Elapsed: 00d 05h 32m | Losses/train_medical_loss: 6.09e+01 (5.53e+01) | Losses/train_medical_val_loss: 0.00e+00 (0.00e+00)
INFO 2026-05-17 03:51:01,519 train_utils.py: 268: Train Epoch: [0][6600/9054] | Batch Time: 2.08 (3.01) | Data Time: 0.00 (0.02) | Mem (GB): 27.00 (33.24/37.00) | Time Elapsed: 00d 05h 34m | Losses/train_medical_loss: 6.57e+01 (5.53e+01) | Losses/train_medical_val_loss: 0.00e+00 (0.00e+00)
INFO 2026-05-17 03:53:55,756 train_utils.py: 268: Train Epoch: [0][6650/9054] | Batch Time: 4.16 (3.01) | Data Time: 0.00 (0.02) | Mem (GB): 36.00 (33.24/37.00) | Time Elapsed: 00d 05h 37m | Losses/train_medical_loss: 2.61e+01 (5.52e+01) | Losses/train_medical_val_loss: 0.00e+00 (0.00e+00)
INFO 2026-05-17 03:56:21,462 train_utils.py: 268: Train Epoch: [0][6700/9054] | Batch Time: 2.85 (3.01) | Data Time: 0.00 (0.02) | Mem (GB): 36.00 (33.23/37.00) | Time Elapsed: 00d 05h 40m | Losses/train_medical_loss: 5.49e+01 (5.51e+01) | Losses/train_medical_val_loss: 0.00e+00 (0.00e+00)
INFO 2026-05-17 03:58:48,724 train_utils.py: 268: Train Epoch: [0][6750/9054] | Batch Time: 4.27 (3.01) | Data Time: 0.00 (0.02) | Mem (GB): 36.00 (33.23/37.00) | Time Elapsed: 00d 05h 42m | Losses/train_medical_loss: 3.46e+01 (5.51e+01) | Losses/train_medical_val_loss: 0.00e+00 (0.00e+00)
INFO 2026-05-17 04:01:08,380 train_utils.py: 268: Train Epoch: [0][6800/9054] | Batch Time: 2.76 (3.01) | Data Time: 0.00 (0.02) | Mem (GB): 36.00 (33.24/37.00) | Time Elapsed: 00d 05h 44m | Losses/train_medical_loss: 1.59e+01 (5.50e+01) | Losses/train_medical_val_loss: 0.00e+00 (0.00e+00)
INFO 2026-05-17 04:04:02,603 train_utils.py: 268: Train Epoch: [0][6850/9054] | Batch Time: 3.06 (3.01) | Data Time: 0.00 (0.02) | Mem (GB): 25.00 (33.24/37.00) | Time Elapsed: 00d 05h 47m | Losses/train_medical_loss: 9.30e+01 (5.50e+01) | Losses/train_medical_val_loss: 0.00e+00 (0.00e+00)
INFO 2026-05-17 04:06:23,066 train_utils.py: 268: Train Epoch: [0][6900/9054] | Batch Time: 3.82 (3.01) | Data Time: 0.00 (0.02) | Mem (GB): 36.00 (33.24/37.00) | Time Elapsed: 00d 05h 50m | Losses/train_medical_loss: 3.01e+01 (5.49e+01) | Losses/train_medical_val_loss: 0.00e+00 (0.00e+00)
INFO 2026-05-17 04:08:44,858 train_utils.py: 268: Train Epoch: [0][6950/9054] | Batch Time: 2.80 (3.01) | Data Time: 0.00 (0.02) | Mem (GB): 36.00 (33.23/37.00) | Time Elapsed: 00d 05h 52m | Losses/train_medical_loss: 4.22e+01 (5.49e+01) | Losses/train_medical_val_loss: 0.00e+00 (0.00e+00)
INFO 2026-05-17 04:11:03,977 train_utils.py: 268: Train Epoch: [0][7000/9054] | Batch Time: 2.19 (3.01) | Data Time: 0.00 (0.02) | Mem (GB): 30.00 (33.24/37.00) | Time Elapsed: 00d 05h 54m | Losses/train_medical_loss: 3.54e+01 (5.48e+01) | Losses/train_medical_val_loss: 0.00e+00 (0.00e+00)
INFO 2026-05-17 04:13:57,345 train_utils.py: 268: Train Epoch: [0][7050/9054] | Batch Time: 2.80 (3.01) | Data Time: 0.00 (0.02) | Mem (GB): 36.00 (33.24/37.00) | Time Elapsed: 00d 05h 57m | Losses/train_medical_loss: 6.71e+01 (5.48e+01) | Losses/train_medical_val_loss: 0.00e+00 (0.00e+00)
INFO 2026-05-17 04:16:16,145 train_utils.py: 268: Train Epoch: [0][7100/9054] | Batch Time: 1.56 (3.01) | Data Time: 0.00 (0.02) | Mem (GB): 22.00 (33.23/37.00) | Time Elapsed: 00d 05h 59m | Losses/train_medical_loss: 4.80e+01 (5.48e+01) | Losses/train_medical_val_loss: 0.00e+00 (0.00e+00)
INFO 2026-05-17 04:18:36,979 train_utils.py: 268: Train Epoch: [0][7150/9054] | Batch Time: 2.80 (3.01) | Data Time: 0.00 (0.02) | Mem (GB): 36.00 (33.23/37.00) | Time Elapsed: 00d 06h 02m | Losses/train_medical_loss: 3.02e+01 (5.47e+01) | Losses/train_medical_val_loss: 0.00e+00 (0.00e+00)
INFO 2026-05-17 04:21:20,947 train_utils.py: 268: Train Epoch: [0][7200/9054] | Batch Time: 1.57 (3.01) | Data Time: 0.00 (0.02) | Mem (GB): 22.00 (33.23/37.00) | Time Elapsed: 00d 06h 05m | Losses/train_medical_loss: 5.43e+01 (5.47e+01) | Losses/train_medical_val_loss: 0.00e+00 (0.00e+00)
INFO 2026-05-17 04:23:53,628 train_utils.py: 268: Train Epoch: [0][7250/9054] | Batch Time: 2.35 (3.01) | Data Time: 0.00 (0.02) | Mem (GB): 30.00 (33.23/37.00) | Time Elapsed: 00d 06h 07m | Losses/train_medical_loss: 8.12e+01 (5.46e+01) | Losses/train_medical_val_loss: 0.00e+00 (0.00e+00)
INFO 2026-05-17 04:26:13,080 train_utils.py: 268: Train Epoch: [0][7300/9054] | Batch Time: 2.86 (3.01) | Data Time: 0.00 (0.02) | Mem (GB): 36.00 (33.23/37.00) | Time Elapsed: 00d 06h 09m | Losses/train_medical_loss: 7.07e+01 (5.45e+01) | Losses/train_medical_val_loss: 0.00e+00 (0.00e+00)
INFO 2026-05-17 04:28:32,837 train_utils.py: 268: Train Epoch: [0][7350/9054] | Batch Time: 2.84 (3.01) | Data Time: 0.00 (0.02) | Mem (GB): 36.00 (33.23/37.00) | Time Elapsed: 00d 06h 12m | Losses/train_medical_loss: 8.60e+01 (5.45e+01) | Losses/train_medical_val_loss: 0.00e+00 (0.00e+00)
INFO 2026-05-17 04:31:25,790 train_utils.py: 268: Train Epoch: [0][7400/9054] | Batch Time: 2.71 (3.01) | Data Time: 0.00 (0.02) | Mem (GB): 36.00 (33.23/37.00) | Time Elapsed: 00d 06h 15m | Losses/train_medical_loss: 1.16e+01 (5.44e+01) | Losses/train_medical_val_loss: 0.00e+00 (0.00e+00)
INFO 2026-05-17 04:33:44,253 train_utils.py: 268: Train Epoch: [0][7450/9054] | Batch Time: 3.03 (3.01) | Data Time: 0.00 (0.02) | Mem (GB): 30.00 (33.22/37.00) | Time Elapsed: 00d 06h 17m | Losses/train_medical_loss: 1.01e+02 (5.44e+01) | Losses/train_medical_val_loss: 0.00e+00 (0.00e+00)
INFO 2026-05-17 04:36:04,413 train_utils.py: 268: Train Epoch: [0][7500/9054] | Batch Time: 2.81 (3.01) | Data Time: 0.00 (0.02) | Mem (GB): 36.00 (33.22/37.00) | Time Elapsed: 00d 06h 19m | Losses/train_medical_loss: 3.93e+01 (5.44e+01) | Losses/train_medical_val_loss: 0.00e+00 (0.00e+00)
INFO 2026-05-17 04:38:22,910 train_utils.py: 268: Train Epoch: [0][7550/9054] | Batch Time: 2.08 (3.01) | Data Time: 0.00 (0.02) | Mem (GB): 27.00 (33.22/37.00) | Time Elapsed: 00d 06h 22m | Losses/train_medical_loss: 6.51e+01 (5.44e+01) | Losses/train_medical_val_loss: 0.00e+00 (0.00e+00)
INFO 2026-05-17 04:41:18,206 train_utils.py: 268: Train Epoch: [0][7600/9054] | Batch Time: 2.78 (3.01) | Data Time: 0.00 (0.02) | Mem (GB): 36.00 (33.23/37.00) | Time Elapsed: 00d 06h 25m | Losses/train_medical_loss: 1.16e+02 (5.43e+01) | Losses/train_medical_val_loss: 0.00e+00 (0.00e+00)
INFO 2026-05-17 04:43:37,788 train_utils.py: 268: Train Epoch: [0][7650/9054] | Batch Time: 2.77 (3.01) | Data Time: 0.00 (0.02) | Mem (GB): 36.00 (33.23/37.00) | Time Elapsed: 00d 06h 27m | Losses/train_medical_loss: 2.43e+01 (5.42e+01) | Losses/train_medical_val_loss: 0.00e+00 (0.00e+00)
INFO 2026-05-17 04:46:02,070 train_utils.py: 268: Train Epoch: [0][7700/9054] | Batch Time: 1.62 (3.01) | Data Time: 0.00 (0.02) | Mem (GB): 22.00 (33.22/37.00) | Time Elapsed: 00d 06h 29m | Losses/train_medical_loss: 4.81e+01 (5.42e+01) | Losses/train_medical_val_loss: 0.00e+00 (0.00e+00)
INFO 2026-05-17 04:48:34,383 train_utils.py: 268: Train Epoch: [0][7750/9054] | Batch Time: 1.56 (3.01) | Data Time: 0.00 (0.02) | Mem (GB): 22.00 (33.22/37.00) | Time Elapsed: 00d 06h 32m | Losses/train_medical_loss: 8.63e+01 (5.42e+01) | Losses/train_medical_val_loss: 0.00e+00 (0.00e+00)
INFO 2026-05-17 04:51:18,164 train_utils.py: 268: Train Epoch: [0][7800/9054] | Batch Time: 1.88 (3.01) | Data Time: 0.00 (0.02) | Mem (GB): 25.00 (33.23/37.00) | Time Elapsed: 00d 06h 35m | Losses/train_medical_loss: 2.20e+01 (5.41e+01) | Losses/train_medical_val_loss: 0.00e+00 (0.00e+00)
INFO 2026-05-17 04:53:39,232 train_utils.py: 268: Train Epoch: [0][7850/9054] | Batch Time: 2.84 (3.01) | Data Time: 0.00 (0.02) | Mem (GB): 36.00 (33.23/37.00) | Time Elapsed: 00d 06h 37m | Losses/train_medical_loss: 2.35e+01 (5.40e+01) | Losses/train_medical_val_loss: 0.00e+00 (0.00e+00)
INFO 2026-05-17 04:55:58,193 train_utils.py: 268: Train Epoch: [0][7900/9054] | Batch Time: 2.88 (3.01) | Data Time: 0.00 (0.02) | Mem (GB): 36.00 (33.22/37.00) | Time Elapsed: 00d 06h 39m | Losses/train_medical_loss: 2.45e+01 (5.40e+01) | Losses/train_medical_val_loss: 0.00e+00 (0.00e+00)
INFO 2026-05-17 05:00:08,172 train_utils.py: 268: Train Epoch: [0][7950/9054] | Batch Time: 2.70 (3.02) | Data Time: 0.00 (0.02) | Mem (GB): 36.00 (33.22/37.00) | Time Elapsed: 00d 06h 43m | Losses/train_medical_loss: 2.02e+01 (5.39e+01) | Losses/train_medical_val_loss: 0.00e+00 (0.00e+00)
INFO 2026-05-17 05:02:43,896 train_utils.py: 268: Train Epoch: [0][8000/9054] | Batch Time: 2.82 (3.02) | Data Time: 0.00 (0.02) | Mem (GB): 36.00 (33.22/37.00) | Time Elapsed: 00d 06h 46m | Losses/train_medical_loss: 7.21e+01 (5.39e+01) | Losses/train_medical_val_loss: 0.00e+00 (0.00e+00)
INFO 2026-05-17 05:05:12,382 train_utils.py: 268: Train Epoch: [0][8050/9054] | Batch Time: 2.82 (3.02) | Data Time: 0.00 (0.02) | Mem (GB): 36.00 (33.22/37.00) | Time Elapsed: 00d 06h 48m | Losses/train_medical_loss: 1.10e+02 (5.38e+01) | Losses/train_medical_val_loss: 0.00e+00 (0.00e+00)
INFO 2026-05-17 05:07:32,798 train_utils.py: 268: Train Epoch: [0][8100/9054] | Batch Time: 1.41 (3.02) | Data Time: 0.00 (0.02) | Mem (GB): 20.00 (33.22/37.00) | Time Elapsed: 00d 06h 51m | Losses/train_medical_loss: 8.75e+01 (5.38e+01) | Losses/train_medical_val_loss: 0.00e+00 (0.00e+00)
INFO 2026-05-17 05:10:33,263 train_utils.py: 268: Train Epoch: [0][8150/9054] | Batch Time: 2.50 (3.02) | Data Time: 0.00 (0.02) | Mem (GB): 25.00 (33.21/37.00) | Time Elapsed: 00d 06h 54m | Losses/train_medical_loss: 6.02e+01 (5.38e+01) | Losses/train_medical_val_loss: 0.00e+00 (0.00e+00)
INFO 2026-05-17 05:12:54,880 train_utils.py: 268: Train Epoch: [0][8200/9054] | Batch Time: 2.84 (3.02) | Data Time: 0.00 (0.02) | Mem (GB): 36.00 (33.21/37.00) | Time Elapsed: 00d 06h 56m | Losses/train_medical_loss: 4.70e+01 (5.37e+01) | Losses/train_medical_val_loss: 0.00e+00 (0.00e+00)
INFO 2026-05-17 05:15:13,530 train_utils.py: 268: Train Epoch: [0][8250/9054] | Batch Time: 3.84 (3.02) | Data Time: 0.00 (0.02) | Mem (GB): 36.00 (33.21/37.00) | Time Elapsed: 00d 06h 58m | Losses/train_medical_loss: 8.41e+01 (5.37e+01) | Losses/train_medical_val_loss: 0.00e+00 (0.00e+00)
INFO 2026-05-17 05:17:56,732 train_utils.py: 268: Train Epoch: [0][8300/9054] | Batch Time: 2.57 (3.02) | Data Time: 0.00 (0.02) | Mem (GB): 33.00 (33.21/37.00) | Time Elapsed: 00d 07h 01m | Losses/train_medical_loss: 4.47e+01 (5.37e+01) | Losses/train_medical_val_loss: 0.00e+00 (0.00e+00)
INFO 2026-05-17 05:20:29,803 train_utils.py: 268: Train Epoch: [0][8350/9054] | Batch Time: 2.83 (3.02) | Data Time: 0.00 (0.02) | Mem (GB): 36.00 (33.21/37.00) | Time Elapsed: 00d 07h 04m | Losses/train_medical_loss: 1.34e+01 (5.36e+01) | Losses/train_medical_val_loss: 0.00e+00 (0.00e+00)
INFO 2026-05-17 05:22:49,943 train_utils.py: 268: Train Epoch: [0][8400/9054] | Batch Time: 2.90 (3.02) | Data Time: 0.00 (0.02) | Mem (GB): 36.00 (33.21/37.00) | Time Elapsed: 00d 07h 06m | Losses/train_medical_loss: 4.96e+01 (5.36e+01) | Losses/train_medical_val_loss: 0.00e+00 (0.00e+00)
INFO 2026-05-17 05:25:10,182 train_utils.py: 268: Train Epoch: [0][8450/9054] | Batch Time: 2.73 (3.02) | Data Time: 0.00 (0.02) | Mem (GB): 36.00 (33.21/37.00) | Time Elapsed: 00d 07h 08m | Losses/train_medical_loss: 4.43e+01 (5.36e+01) | Losses/train_medical_val_loss: 0.00e+00 (0.00e+00)
INFO 2026-05-17 05:28:16,191 train_utils.py: 268: Train Epoch: [0][8500/9054] | Batch Time: 2.71 (3.02) | Data Time: 0.00 (0.02) | Mem (GB): 36.00 (33.21/37.00) | Time Elapsed: 00d 07h 11m | Losses/train_medical_loss: 1.65e+01 (5.36e+01) | Losses/train_medical_val_loss: 0.00e+00 (0.00e+00)
INFO 2026-05-17 05:30:26,441 train_utils.py: 268: Train Epoch: [0][8550/9054] | Batch Time: 2.30 (3.02) | Data Time: 0.00 (0.02) | Mem (GB): 30.00 (33.20/37.00) | Time Elapsed: 00d 07h 14m | Losses/train_medical_loss: 1.03e+02 (5.36e+01) | Losses/train_medical_val_loss: 0.00e+00 (0.00e+00)
INFO 2026-05-17 05:32:46,174 train_utils.py: 268: Train Epoch: [0][8600/9054] | Batch Time: 2.46 (3.02) | Data Time: 0.00 (0.02) | Mem (GB): 33.00 (33.20/37.00) | Time Elapsed: 00d 07h 16m | Losses/train_medical_loss: 4.67e+01 (5.36e+01) | Losses/train_medical_val_loss: 0.00e+00 (0.00e+00)
INFO 2026-05-17 05:35:04,557 train_utils.py: 268: Train Epoch: [0][8650/9054] | Batch Time: 2.11 (3.02) | Data Time: 0.00 (0.02) | Mem (GB): 20.00 (33.20/37.00) | Time Elapsed: 00d 07h 18m | Losses/train_medical_loss: 6.61e+01 (5.36e+01) | Losses/train_medical_val_loss: 0.00e+00 (0.00e+00)
INFO 2026-05-17 05:38:07,283 train_utils.py: 268: Train Epoch: [0][8700/9054] | Batch Time: 2.73 (3.02) | Data Time: 0.00 (0.02) | Mem (GB): 36.00 (33.21/37.00) | Time Elapsed: 00d 07h 21m | Losses/train_medical_loss: 2.43e+01 (5.35e+01) | Losses/train_medical_val_loss: 0.00e+00 (0.00e+00)
INFO 2026-05-17 05:40:20,732 train_utils.py: 268: Train Epoch: [0][8750/9054] | Batch Time: 2.51 (3.02) | Data Time: 0.00 (0.02) | Mem (GB): 25.00 (33.21/37.00) | Time Elapsed: 00d 07h 24m | Losses/train_medical_loss: 1.09e+02 (5.35e+01) | Losses/train_medical_val_loss: 0.00e+00 (0.00e+00)
INFO 2026-05-17 05:42:41,792 train_utils.py: 268: Train Epoch: [0][8800/9054] | Batch Time: 2.85 (3.02) | Data Time: 0.00 (0.02) | Mem (GB): 36.00 (33.21/37.00) | Time Elapsed: 00d 07h 26m | Losses/train_medical_loss: 1.02e+02 (5.34e+01) | Losses/train_medical_val_loss: 0.00e+00 (0.00e+00)
INFO 2026-05-17 05:45:26,204 train_utils.py: 268: Train Epoch: [0][8850/9054] | Batch Time: 2.81 (3.02) | Data Time: 0.00 (0.02) | Mem (GB): 36.00 (33.21/37.00) | Time Elapsed: 00d 07h 29m | Losses/train_medical_loss: 3.59e+01 (5.34e+01) | Losses/train_medical_val_loss: 0.00e+00 (0.00e+00)
INFO 2026-05-17 05:48:00,437 train_utils.py: 268: Train Epoch: [0][8900/9054] | Batch Time: 2.70 (3.02) | Data Time: 0.00 (0.02) | Mem (GB): 36.00 (33.22/37.00) | Time Elapsed: 00d 07h 31m | Losses/train_medical_loss: 2.60e+01 (5.34e+01) | Losses/train_medical_val_loss: 0.00e+00 (0.00e+00)
INFO 2026-05-17 05:50:19,634 train_utils.py: 268: Train Epoch: [0][8950/9054] | Batch Time: 2.84 (3.02) | Data Time: 0.00 (0.02) | Mem (GB): 36.00 (33.21/37.00) | Time Elapsed: 00d 07h 34m | Losses/train_medical_loss: 5.89e+01 (5.33e+01) | Losses/train_medical_val_loss: 0.00e+00 (0.00e+00)
INFO 2026-05-17 05:52:39,008 train_utils.py: 268: Train Epoch: [0][9000/9054] | Batch Time: 3.12 (3.02) | Data Time: 0.00 (0.02) | Mem (GB): 36.00 (33.21/37.00) | Time Elapsed: 00d 07h 36m | Losses/train_medical_loss: 6.43e+01 (5.33e+01) | Losses/train_medical_val_loss: 0.00e+00 (0.00e+00)
INFO 2026-05-17 05:55:34,576 train_utils.py: 268: Train Epoch: [0][9050/9054] | Batch Time: 2.70 (3.02) | Data Time: 0.00 (0.02) | Mem (GB): 36.00 (33.21/37.00) | Time Elapsed: 00d 07h 39m | Losses/train_medical_loss: 4.19e+01 (5.32e+01) | Losses/train_medical_val_loss: 0.00e+00 (0.00e+00)
INFO 2026-05-17 05:55:47,599 trainer.py:1107: Estimated time remaining: 02d 20h 21m
Warning expected instance segmentation size to be [512, 512] but found [1103, 512]
INFO 2026-05-17 05:55:55,652 trainer.py:1049: Synchronizing meters
INFO 2026-05-17 05:55:55,653 trainer.py: 966: Losses and meters: {'Losses/train_medical_loss': 53.224698495075174, 'Losses/train_medical_val_loss': 0, 'Losses/train_medical_loss_bbox': 1.120532187833799, 'Losses/train_medical_loss_giou': 5.015652520041615, 'Losses/train_medical_loss_bbox_o2m': 1.7756323871963355, 'Losses/train_medical_loss_giou_o2m': 10.534814406195222, 'Losses/train_medical_loss_ce': 0.7334137268140969, 'Losses/train_medical_ce_f1': 0.8467385595537139, 'Losses/train_medical_presence_loss': 0.0059312030756110785, 'Losses/train_medical_presence_dec_acc': 0.9999131684059298, 'Losses/train_medical_loss_ce_o2m': 1.6737588644628045, 'Losses/train_medical_ce_f1_o2m': 1.1646684759480606, 'Losses/train_medical_presence_loss_o2m': 0.0, 'Losses/train_medical_presence_dec_acc_o2m': 0.0, 'Losses/train_medical_loss_bbox_aux_0': 0.37903228769656633, 'Losses/train_medical_loss_giou_aux_0': 2.4816490978577037, 'Losses/train_medical_loss_bbox_aux_0_o2m': 0.7542539576751754, 'Losses/train_medical_loss_giou_aux_0_o2m': 4.9130335268660605, 'Losses/train_medical_loss_ce_aux_0': 0.24561327210809245, 'Losses/train_medical_ce_f1_aux_0': 0.5419144045384936, 'Losses/train_medical_presence_loss_aux_0': 2.0637691175210824e-05, 'Losses/train_medical_presence_dec_acc_aux_0': 0.9999842124374417, 'Losses/train_medical_loss_ce_aux_0_o2m': 0.4950312770712791, 'Losses/train_medical_ce_f1_aux_0_o2m': 1.0858148845592148, 'Losses/train_medical_presence_loss_aux_0_o2m': 0.0, 'Losses/train_medical_presence_dec_acc_aux_0_o2m': 0.0, 'Losses/train_medical_loss_bbox_aux_1': 0.3166246847389837, 'Losses/train_medical_loss_giou_aux_1': 2.012191559519319, 'Losses/train_medical_loss_bbox_aux_1_o2m': 0.6288733179177194, 'Losses/train_medical_loss_giou_aux_1_o2m': 4.000038855853978, 'Losses/train_medical_loss_ce_aux_1': 0.22290004035159638, 'Losses/train_medical_ce_f1_aux_1': 0.6691161124883362, 'Losses/train_medical_presence_loss_aux_1': 3.133170567901889e-05, 'Losses/train_medical_presence_dec_acc_aux_1': 0.9999842124374417, 'Losses/train_medical_loss_ce_aux_1_o2m': 0.45003888279961113, 'Losses/train_medical_ce_f1_aux_1_o2m': 1.3124587301626138, 'Losses/train_medical_presence_loss_aux_1_o2m': 0.0, 'Losses/train_medical_presence_dec_acc_aux_1_o2m': 0.0, 'Losses/train_medical_loss_bbox_aux_2': 0.30652894206757864, 'Losses/train_medical_loss_giou_aux_2': 1.9430808626025102, 'Losses/train_medical_loss_bbox_aux_2_o2m': 0.6057228111272465, 'Losses/train_medical_loss_giou_aux_2_o2m': 3.8307888682494857, 'Losses/train_medical_loss_ce_aux_2': 0.2181428159588982, 'Losses/train_medical_ce_f1_aux_2': 0.6920115359300315, 'Losses/train_medical_presence_loss_aux_2': 2.3400769789970113e-05, 'Losses/train_medical_presence_dec_acc_aux_2': 0.9999842124374417, 'Losses/train_medical_loss_ce_aux_2_o2m': 0.44706802102682214, 'Losses/train_medical_ce_f1_aux_2_o2m': 1.3273053542081819, 'Losses/train_medical_presence_loss_aux_2_o2m': 0.0, 'Losses/train_medical_presence_dec_acc_aux_2_o2m': 0.0, 'Losses/train_medical_loss_bbox_aux_3': 0.3023713258785274, 'Losses/train_medical_loss_giou_aux_3': 1.9271641312468555, 'Losses/train_medical_loss_bbox_aux_3_o2m': 0.5939893721551557, 'Losses/train_medical_loss_giou_aux_3_o2m': 3.7721301189049123, 'Losses/train_medical_loss_ce_aux_3': 0.21630751377305985, 'Losses/train_medical_ce_f1_aux_3': 0.6979043185748548, 'Losses/train_medical_presence_loss_aux_3': 1.1512804070810418e-05, 'Losses/train_medical_presence_dec_acc_aux_3': 1.0, 'Losses/train_medical_loss_ce_aux_3_o2m': 0.44763790698280403, 'Losses/train_medical_ce_f1_aux_3_o2m': 1.329211890078058, 'Losses/train_medical_presence_loss_aux_3_o2m': 0.0, 'Losses/train_medical_presence_dec_acc_aux_3_o2m': 0.0, 'Losses/train_medical_loss_bbox_aux_4': 0.2976597448787792, 'Losses/train_medical_loss_giou_aux_4': 1.9060202534172677, 'Losses/train_medical_loss_bbox_aux_4_o2m': 0.5813293091925334, 'Losses/train_medical_loss_giou_aux_4_o2m': 3.704257396825765, 'Losses/train_medical_loss_ce_aux_4': 0.2154613164504092, 'Losses/train_medical_ce_f1_aux_4': 0.6970933642274196, 'Losses/train_medical_presence_loss_aux_4': 1.1902032117946647e-05, 'Losses/train_medical_presence_dec_acc_aux_4': 1.0, 'Losses/train_medical_loss_ce_aux_4_o2m': 0.45072606263927173, 'Losses/train_medical_ce_f1_aux_4_o2m': 1.3184423667663718, 'Losses/train_medical_presence_loss_aux_4_o2m': 0.0, 'Losses/train_medical_presence_dec_acc_aux_4_o2m': 0.0, 'Losses/train_medical_core_loss': 53.224698495075174, 'Losses/train_medical_loss_semantic_presence': 0.17517982053221623, 'Losses/train_medical_presence_acc': 0.9999131684059298, 'Losses/train_medical_loss_semantic_seg': 0.27542910173839524, 'Losses/train_medical_loss_semantic_dice': 4.659922538919175, 'Losses/train_medical_miou_semantic_seg': 0.5995520227879946, 'Confidence/train_mean_obj_confidence': 0.9886266253872728, 'Trainer/where': 0.09998895515794123, 'Trainer/epoch': 0, 'Trainer/steps_train': 9054}
INFO 2026-05-17 05:58:17,351 train_utils.py: 268: Train Epoch: [1][   0/9054] | Batch Time: 96.60 (96.60) | Data Time: 93.85 (93.85) | Mem (GB): 36.00 (36.00/36.00) | Time Elapsed: 00d 07h 42m | Losses/train_medical_loss: 1.67e+01 (1.67e+01) | Losses/train_medical_val_loss: 0.00e+00 (0.00e+00)
INFO 2026-05-17 06:00:34,528 train_utils.py: 268: Train Epoch: [1][  50/9054] | Batch Time: 4.30 (4.58) | Data Time: 0.00 (1.91) | Mem (GB): 36.00 (33.49/36.00) | Time Elapsed: 00d 07h 44m | Losses/train_medical_loss: 7.95e+01 (4.68e+01) | Losses/train_medical_val_loss: 0.00e+00 (0.00e+00)
INFO 2026-05-17 06:02:54,132 train_utils.py: 268: Train Epoch: [1][ 100/9054] | Batch Time: 2.53 (3.70) | Data Time: 0.00 (0.96) | Mem (GB): 33.00 (33.52/36.00) | Time Elapsed: 00d 07h 46m | Losses/train_medical_loss: 4.06e+01 (4.65e+01) | Losses/train_medical_val_loss: 0.00e+00 (0.00e+00)
INFO 2026-05-17 06:05:13,043 train_utils.py: 268: Train Epoch: [1][ 150/9054] | Batch Time: 2.80 (3.39) | Data Time: 0.00 (0.65) | Mem (GB): 36.00 (33.40/36.00) | Time Elapsed: 00d 07h 48m | Losses/train_medical_loss: 6.50e+01 (4.68e+01) | Losses/train_medical_val_loss: 0.00e+00 (0.00e+00)
INFO 2026-05-17 06:08:04,191 train_utils.py: 268: Train Epoch: [1][ 200/9054] | Batch Time: 4.27 (3.40) | Data Time: 0.00 (0.48) | Mem (GB): 36.00 (33.38/36.00) | Time Elapsed: 00d 07h 51m | Losses/train_medical_loss: 8.11e+00 (4.71e+01) | Losses/train_medical_val_loss: 0.00e+00 (0.00e+00)
INFO 2026-05-17 06:10:22,914 train_utils.py: 268: Train Epoch: [1][ 250/9054] | Batch Time: 2.31 (3.28) | Data Time: 0.00 (0.39) | Mem (GB): 25.00 (33.26/36.00) | Time Elapsed: 00d 07h 54m | Losses/train_medical_loss: 5.50e+01 (4.72e+01) | Losses/train_medical_val_loss: 0.00e+00 (0.00e+00)
INFO 2026-05-17 06:12:42,640 train_utils.py: 268: Train Epoch: [1][ 300/9054] | Batch Time: 1.81 (3.20) | Data Time: 0.00 (0.32) | Mem (GB): 25.00 (33.17/36.00) | Time Elapsed: 00d 07h 56m | Losses/train_medical_loss: 6.78e+01 (4.77e+01) | Losses/train_medical_val_loss: 0.00e+00 (0.00e+00)
INFO 2026-05-17 06:15:02,658 train_utils.py: 268: Train Epoch: [1][ 350/9054] | Batch Time: 2.06 (3.14) | Data Time: 0.00 (0.28) | Mem (GB): 28.00 (33.01/36.00) | Time Elapsed: 00d 07h 58m | Losses/train_medical_loss: 4.56e+01 (4.81e+01) | Losses/train_medical_val_loss: 0.00e+00 (0.00e+00)
INFO 2026-05-17 06:17:56,738 train_utils.py: 268: Train Epoch: [1][ 400/9054] | Batch Time: 1.42 (3.18) | Data Time: 0.00 (0.24) | Mem (GB): 22.00 (33.04/36.00) | Time Elapsed: 00d 08h 01m | Losses/train_medical_loss: 6.79e+01 (4.83e+01) | Losses/train_medical_val_loss: 0.00e+00 (0.00e+00)
INFO 2026-05-17 06:20:16,381 train_utils.py: 268: Train Epoch: [1][ 450/9054] | Batch Time: 2.45 (3.14) | Data Time: 0.00 (0.22) | Mem (GB): 33.00 (33.07/36.00) | Time Elapsed: 00d 08h 03m | Losses/train_medical_loss: 8.13e+01 (4.81e+01) | Losses/train_medical_val_loss: 0.00e+00 (0.00e+00)
INFO 2026-05-17 06:22:40,944 train_utils.py: 268: Train Epoch: [1][ 500/9054] | Batch Time: 2.79 (3.11) | Data Time: 0.00 (0.19) | Mem (GB): 36.00 (33.04/36.00) | Time Elapsed: 00d 08h 06m | Losses/train_medical_loss: 4.63e+01 (4.81e+01) | Losses/train_medical_val_loss: 0.00e+00 (0.00e+00)
INFO 2026-05-17 06:25:10,930 train_utils.py: 268: Train Epoch: [1][ 550/9054] | Batch Time: 2.79 (3.10) | Data Time: 0.00 (0.18) | Mem (GB): 36.00 (33.01/36.00) | Time Elapsed: 00d 08h 08m | Losses/train_medical_loss: 5.19e+01 (4.88e+01) | Losses/train_medical_val_loss: 0.00e+00 (0.00e+00)
INFO 2026-05-17 06:27:53,323 train_utils.py: 268: Train Epoch: [1][ 600/9054] | Batch Time: 2.07 (3.12) | Data Time: 0.00 (0.16) | Mem (GB): 28.00 (33.04/36.00) | Time Elapsed: 00d 08h 11m | Losses/train_medical_loss: 5.96e+01 (4.83e+01) | Losses/train_medical_val_loss: 0.00e+00 (0.00e+00)
INFO 2026-05-17 06:30:14,284 train_utils.py: 268: Train Epoch: [1][ 650/9054] | Batch Time: 3.04 (3.09) | Data Time: 0.00 (0.15) | Mem (GB): 36.00 (33.11/36.00) | Time Elapsed: 00d 08h 13m | Losses/train_medical_loss: 5.21e+01 (4.87e+01) | Losses/train_medical_val_loss: 0.00e+00 (0.00e+00)
INFO 2026-05-17 06:32:33,641 train_utils.py: 268: Train Epoch: [1][ 700/9054] | Batch Time: 3.29 (3.07) | Data Time: 0.00 (0.14) | Mem (GB): 30.00 (33.13/36.00) | Time Elapsed: 00d 08h 16m | Losses/train_medical_loss: 4.66e+01 (4.86e+01) | Losses/train_medical_val_loss: 0.00e+00 (0.00e+00)
INFO 2026-05-17 06:35:28,518 train_utils.py: 268: Train Epoch: [1][ 750/9054] | Batch Time: 2.83 (3.10) | Data Time: 0.00 (0.13) | Mem (GB): 36.00 (33.11/36.00) | Time Elapsed: 00d 08h 19m | Losses/train_medical_loss: 6.09e+01 (4.83e+01) | Losses/train_medical_val_loss: 0.00e+00 (0.00e+00)
INFO 2026-05-17 06:37:46,598 train_utils.py: 268: Train Epoch: [1][ 800/9054] | Batch Time: 2.67 (3.08) | Data Time: 0.00 (0.12) | Mem (GB): 36.00 (33.15/36.00) | Time Elapsed: 00d 08h 21m | Losses/train_medical_loss: 3.22e+01 (4.85e+01) | Losses/train_medical_val_loss: 0.00e+00 (0.00e+00)
INFO 2026-05-17 06:40:09,387 train_utils.py: 268: Train Epoch: [1][ 850/9054] | Batch Time: 1.57 (3.07) | Data Time: 0.00 (0.11) | Mem (GB): 22.00 (33.11/36.00) | Time Elapsed: 00d 08h 23m | Losses/train_medical_loss: 3.51e+01 (4.81e+01) | Losses/train_medical_val_loss: 0.00e+00 (0.00e+00)
INFO 2026-05-17 06:42:30,133 train_utils.py: 268: Train Epoch: [1][ 900/9054] | Batch Time: 4.27 (3.05) | Data Time: 0.00 (0.11) | Mem (GB): 36.00 (33.04/36.00) | Time Elapsed: 00d 08h 26m | Losses/train_medical_loss: 1.33e+01 (4.81e+01) | Losses/train_medical_val_loss: 0.00e+00 (0.00e+00)
INFO 2026-05-17 06:45:40,337 train_utils.py: 268: Train Epoch: [1][ 950/9054] | Batch Time: 2.68 (3.09) | Data Time: 0.00 (0.14) | Mem (GB): 36.00 (33.14/38.00) | Time Elapsed: 00d 08h 29m | Losses/train_medical_loss: 8.28e+01 (4.81e+01) | Losses/train_medical_val_loss: 0.00e+00 (0.00e+00)
INFO 2026-05-17 06:47:54,445 train_utils.py: 268: Train Epoch: [1][1000/9054] | Batch Time: 2.77 (3.07) | Data Time: 0.00 (0.13) | Mem (GB): 36.00 (33.15/38.00) | Time Elapsed: 00d 08h 31m | Losses/train_medical_loss: 4.59e+01 (4.80e+01) | Losses/train_medical_val_loss: 0.00e+00 (0.00e+00)
INFO 2026-05-17 06:50:13,422 train_utils.py: 268: Train Epoch: [1][1050/9054] | Batch Time: 2.77 (3.06) | Data Time: 0.00 (0.13) | Mem (GB): 36.00 (33.16/38.00) | Time Elapsed: 00d 08h 33m | Losses/train_medical_loss: 2.29e+01 (4.79e+01) | Losses/train_medical_val_loss: 0.00e+00 (0.00e+00)
INFO 2026-05-17 06:52:42,646 train_utils.py: 268: Train Epoch: [1][1100/9054] | Batch Time: 1.54 (3.05) | Data Time: 0.00 (0.12) | Mem (GB): 22.00 (33.13/38.00) | Time Elapsed: 00d 08h 36m | Losses/train_medical_loss: 4.49e+01 (4.82e+01) | Losses/train_medical_val_loss: 0.00e+00 (0.00e+00)
INFO 2026-05-17 06:55:33,604 train_utils.py: 268: Train Epoch: [1][1150/9054] | Batch Time: 2.81 (3.07) | Data Time: 0.00 (0.11) | Mem (GB): 36.00 (33.09/38.00) | Time Elapsed: 00d 08h 39m | Losses/train_medical_loss: 5.62e+00 (4.81e+01) | Losses/train_medical_val_loss: 0.00e+00 (0.00e+00)
INFO 2026-05-17 06:57:53,551 train_utils.py: 268: Train Epoch: [1][1200/9054] | Batch Time: 2.79 (3.06) | Data Time: 0.00 (0.11) | Mem (GB): 36.00 (33.08/38.00) | Time Elapsed: 00d 08h 41m | Losses/train_medical_loss: 3.19e+01 (4.80e+01) | Losses/train_medical_val_loss: 0.00e+00 (0.00e+00)
INFO 2026-05-17 07:00:11,622 train_utils.py: 268: Train Epoch: [1][1250/9054] | Batch Time: 3.79 (3.05) | Data Time: 0.00 (0.11) | Mem (GB): 36.00 (33.09/38.00) | Time Elapsed: 00d 08h 43m | Losses/train_medical_loss: 3.17e+01 (4.81e+01) | Losses/train_medical_val_loss: 0.00e+00 (0.00e+00)
INFO 2026-05-17 07:03:16,804 train_utils.py: 268: Train Epoch: [1][1300/9054] | Batch Time: 2.70 (3.07) | Data Time: 0.00 (0.10) | Mem (GB): 36.00 (33.06/38.00) | Time Elapsed: 00d 08h 46m | Losses/train_medical_loss: 2.12e+01 (4.77e+01) | Losses/train_medical_val_loss: 0.00e+00 (0.00e+00)
INFO 2026-05-17 07:05:24,817 train_utils.py: 268: Train Epoch: [1][1350/9054] | Batch Time: 4.30 (3.05) | Data Time: 0.00 (0.10) | Mem (GB): 36.00 (33.10/38.00) | Time Elapsed: 00d 08h 49m | Losses/train_medical_loss: 2.24e+01 (4.75e+01) | Losses/train_medical_val_loss: 0.00e+00 (0.00e+00)
INFO 2026-05-17 07:07:47,509 train_utils.py: 268: Train Epoch: [1][1400/9054] | Batch Time: 2.80 (3.05) | Data Time: 0.00 (0.10) | Mem (GB): 36.00 (33.15/38.00) | Time Elapsed: 00d 08h 51m | Losses/train_medical_loss: 4.19e+01 (4.73e+01) | Losses/train_medical_val_loss: 0.00e+00 (0.00e+00)
INFO 2026-05-17 07:10:07,902 train_utils.py: 268: Train Epoch: [1][1450/9054] | Batch Time: 2.78 (3.04) | Data Time: 0.00 (0.09) | Mem (GB): 36.00 (33.18/38.00) | Time Elapsed: 00d 08h 53m | Losses/train_medical_loss: 4.33e+01 (4.74e+01) | Losses/train_medical_val_loss: 0.00e+00 (0.00e+00)
INFO 2026-05-17 07:12:51,720 train_utils.py: 268: Train Epoch: [1][1500/9054] | Batch Time: 0.82 (3.05) | Data Time: 0.00 (0.09) | Mem (GB): 19.00 (33.20/38.00) | Time Elapsed: 00d 08h 56m | Losses/train_medical_loss: 1.85e+01 (4.72e+01) | Losses/train_medical_val_loss: 0.00e+00 (0.00e+00)
INFO 2026-05-17 07:15:09,008 train_utils.py: 268: Train Epoch: [1][1550/9054] | Batch Time: 1.30 (3.04) | Data Time: 0.00 (0.09) | Mem (GB): 20.00 (33.24/38.00) | Time Elapsed: 00d 08h 58m | Losses/train_medical_loss: 3.83e+01 (4.70e+01) | Losses/train_medical_val_loss: 0.00e+00 (0.00e+00)
INFO 2026-05-17 07:17:29,577 train_utils.py: 268: Train Epoch: [1][1600/9054] | Batch Time: 2.83 (3.03) | Data Time: 0.00 (0.08) | Mem (GB): 36.00 (33.25/38.00) | Time Elapsed: 00d 09h 01m | Losses/train_medical_loss: 5.81e+01 (4.70e+01) | Losses/train_medical_val_loss: 0.00e+00 (0.00e+00)
INFO 2026-05-17 07:20:12,347 train_utils.py: 268: Train Epoch: [1][1650/9054] | Batch Time: 2.79 (3.04) | Data Time: 0.00 (0.08) | Mem (GB): 36.00 (33.28/38.00) | Time Elapsed: 00d 09h 03m | Losses/train_medical_loss: 9.95e+00 (4.71e+01) | Losses/train_medical_val_loss: 0.00e+00 (0.00e+00)
INFO 2026-05-17 07:22:43,768 train_utils.py: 268: Train Epoch: [1][1700/9054] | Batch Time: 2.79 (3.04) | Data Time: 0.00 (0.08) | Mem (GB): 36.00 (33.28/38.00) | Time Elapsed: 00d 09h 06m | Losses/train_medical_loss: 7.16e+01 (4.68e+01) | Losses/train_medical_val_loss: 0.00e+00 (0.00e+00)
INFO 2026-05-17 07:25:02,593 train_utils.py: 268: Train Epoch: [1][1750/9054] | Batch Time: 2.60 (3.03) | Data Time: 0.00 (0.08) | Mem (GB): 33.00 (33.26/38.00) | Time Elapsed: 00d 09h 08m | Losses/train_medical_loss: 2.30e+01 (4.68e+01) | Losses/train_medical_val_loss: 0.00e+00 (0.00e+00)
INFO 2026-05-17 07:27:20,469 train_utils.py: 268: Train Epoch: [1][1800/9054] | Batch Time: 1.79 (3.02) | Data Time: 0.00 (0.07) | Mem (GB): 25.00 (33.25/38.00) | Time Elapsed: 00d 09h 11m | Losses/train_medical_loss: 6.52e+01 (4.67e+01) | Losses/train_medical_val_loss: 0.00e+00 (0.00e+00)
INFO 2026-05-17 07:30:13,112 train_utils.py: 268: Train Epoch: [1][1850/9054] | Batch Time: 1.31 (3.03) | Data Time: 0.00 (0.07) | Mem (GB): 20.00 (33.20/38.00) | Time Elapsed: 00d 09h 13m | Losses/train_medical_loss: 6.08e+01 (4.67e+01) | Losses/train_medical_val_loss: 0.00e+00 (0.00e+00)
INFO 2026-05-17 07:32:33,545 train_utils.py: 268: Train Epoch: [1][1900/9054] | Batch Time: 2.79 (3.03) | Data Time: 0.00 (0.07) | Mem (GB): 25.00 (33.20/38.00) | Time Elapsed: 00d 09h 16m | Losses/train_medical_loss: 1.09e+02 (4.67e+01) | Losses/train_medical_val_loss: 0.00e+00 (0.00e+00)
INFO 2026-05-17 07:35:00,323 train_utils.py: 268: Train Epoch: [1][1950/9054] | Batch Time: 2.68 (3.02) | Data Time: 0.00 (0.07) | Mem (GB): 36.00 (33.23/38.00) | Time Elapsed: 00d 09h 18m | Losses/train_medical_loss: 3.08e+01 (4.66e+01) | Losses/train_medical_val_loss: 0.00e+00 (0.00e+00)
INFO 2026-05-17 07:37:20,293 train_utils.py: 268: Train Epoch: [1][2000/9054] | Batch Time: 2.81 (3.02) | Data Time: 0.00 (0.07) | Mem (GB): 36.00 (33.23/38.00) | Time Elapsed: 00d 09h 21m | Losses/train_medical_loss: 1.13e+01 (4.65e+01) | Losses/train_medical_val_loss: 0.00e+00 (0.00e+00)
INFO 2026-05-17 07:40:18,281 train_utils.py: 268: Train Epoch: [1][2050/9054] | Batch Time: 2.68 (3.03) | Data Time: 0.00 (0.07) | Mem (GB): 36.00 (33.25/38.00) | Time Elapsed: 00d 09h 24m | Losses/train_medical_loss: 6.54e+01 (4.63e+01) | Losses/train_medical_val_loss: 0.00e+00 (0.00e+00)
INFO 2026-05-17 07:42:38,272 train_utils.py: 268: Train Epoch: [1][2100/9054] | Batch Time: 3.01 (3.03) | Data Time: 0.00 (0.06) | Mem (GB): 25.00 (33.24/38.00) | Time Elapsed: 00d 09h 26m | Losses/train_medical_loss: 8.01e+01 (4.63e+01) | Losses/train_medical_val_loss: 0.00e+00 (0.00e+00)
INFO 2026-05-17 07:44:59,752 train_utils.py: 268: Train Epoch: [1][2150/9054] | Batch Time: 2.80 (3.02) | Data Time: 0.00 (0.06) | Mem (GB): 36.00 (33.23/38.00) | Time Elapsed: 00d 09h 28m | Losses/train_medical_loss: 4.16e+01 (4.64e+01) | Losses/train_medical_val_loss: 0.00e+00 (0.00e+00)
INFO 2026-05-17 07:47:43,147 train_utils.py: 268: Train Epoch: [1][2200/9054] | Batch Time: 2.83 (3.03) | Data Time: 0.00 (0.06) | Mem (GB): 36.00 (33.21/38.00) | Time Elapsed: 00d 09h 31m | Losses/train_medical_loss: 9.41e+01 (4.65e+01) | Losses/train_medical_val_loss: 0.00e+00 (0.00e+00)
INFO 2026-05-17 07:50:13,773 train_utils.py: 268: Train Epoch: [1][2250/9054] | Batch Time: 2.69 (3.03) | Data Time: 0.00 (0.06) | Mem (GB): 36.00 (33.23/38.00) | Time Elapsed: 00d 09h 33m | Losses/train_medical_loss: 1.42e+01 (4.65e+01) | Losses/train_medical_val_loss: 0.00e+00 (0.00e+00)
INFO 2026-05-17 07:52:33,953 train_utils.py: 268: Train Epoch: [1][2300/9054] | Batch Time: 2.82 (3.02) | Data Time: 0.00 (0.06) | Mem (GB): 36.00 (33.26/38.00) | Time Elapsed: 00d 09h 36m | Losses/train_medical_loss: 4.07e+01 (4.63e+01) | Losses/train_medical_val_loss: 0.00e+00 (0.00e+00)
INFO 2026-05-17 07:54:59,732 train_utils.py: 268: Train Epoch: [1][2350/9054] | Batch Time: 2.70 (3.02) | Data Time: 0.00 (0.06) | Mem (GB): 36.00 (33.29/38.00) | Time Elapsed: 00d 09h 38m | Losses/train_medical_loss: 5.05e+01 (4.63e+01) | Losses/train_medical_val_loss: 0.00e+00 (0.00e+00)
INFO 2026-05-17 07:57:48,860 train_utils.py: 268: Train Epoch: [1][2400/9054] | Batch Time: 2.81 (3.03) | Data Time: 0.00 (0.06) | Mem (GB): 36.00 (33.27/38.00) | Time Elapsed: 00d 09h 41m | Losses/train_medical_loss: 3.22e+01 (4.64e+01) | Losses/train_medical_val_loss: 0.00e+00 (0.00e+00)
INFO 2026-05-17 08:00:07,475 train_utils.py: 268: Train Epoch: [1][2450/9054] | Batch Time: 2.83 (3.02) | Data Time: 0.00 (0.06) | Mem (GB): 36.00 (33.27/38.00) | Time Elapsed: 00d 09h 43m | Losses/train_medical_loss: 2.06e+01 (4.64e+01) | Losses/train_medical_val_loss: 0.00e+00 (0.00e+00)
INFO 2026-05-17 08:02:36,132 train_utils.py: 268: Train Epoch: [1][2500/9054] | Batch Time: 6.93 (3.02) | Data Time: 0.00 (0.06) | Mem (GB): 33.00 (33.27/38.00) | Time Elapsed: 00d 09h 46m | Losses/train_medical_loss: 7.39e+01 (4.64e+01) | Losses/train_medical_val_loss: 0.00e+00 (0.00e+00)
INFO 2026-05-17 08:05:00,421 train_utils.py: 268: Train Epoch: [1][2550/9054] | Batch Time: 1.58 (3.02) | Data Time: 0.00 (0.06) | Mem (GB): 22.00 (33.27/38.00) | Time Elapsed: 00d 09h 48m | Losses/train_medical_loss: 3.30e+01 (4.64e+01) | Losses/train_medical_val_loss: 0.00e+00 (0.00e+00)
INFO 2026-05-17 08:07:58,829 train_utils.py: 268: Train Epoch: [1][2600/9054] | Batch Time: 2.76 (3.03) | Data Time: 0.07 (0.06) | Mem (GB): 36.00 (33.27/38.00) | Time Elapsed: 00d 09h 51m | Losses/train_medical_loss: 2.17e+01 (4.65e+01) | Losses/train_medical_val_loss: 0.00e+00 (0.00e+00)
INFO 2026-05-17 08:10:15,022 train_utils.py: 268: Train Epoch: [1][2650/9054] | Batch Time: 2.74 (3.02) | Data Time: 0.00 (0.06) | Mem (GB): 36.00 (33.27/38.00) | Time Elapsed: 00d 09h 53m | Losses/train_medical_loss: 4.28e+01 (4.64e+01) | Losses/train_medical_val_loss: 0.00e+00 (0.00e+00)
INFO 2026-05-17 08:12:32,286 train_utils.py: 268: Train Epoch: [1][2700/9054] | Batch Time: 2.59 (3.02) | Data Time: 0.00 (0.06) | Mem (GB): 33.00 (33.29/38.00) | Time Elapsed: 00d 09h 56m | Losses/train_medical_loss: 2.58e+01 (4.65e+01) | Losses/train_medical_val_loss: 0.00e+00 (0.00e+00)
INFO 2026-05-17 08:15:08,578 train_utils.py: 268: Train Epoch: [1][2750/9054] | Batch Time: 2.05 (3.02) | Data Time: 0.00 (0.06) | Mem (GB): 28.00 (33.28/38.00) | Time Elapsed: 00d 09h 58m | Losses/train_medical_loss: 3.76e+01 (4.63e+01) | Losses/train_medical_val_loss: 0.00e+00 (0.00e+00)
INFO 2026-05-17 08:17:51,249 train_utils.py: 268: Train Epoch: [1][2800/9054] | Batch Time: 3.26 (3.02) | Data Time: 0.00 (0.06) | Mem (GB): 28.00 (33.26/38.00) | Time Elapsed: 00d 10h 01m | Losses/train_medical_loss: 4.95e+01 (4.63e+01) | Losses/train_medical_val_loss: 0.00e+00 (0.00e+00)
INFO 2026-05-17 08:20:10,488 train_utils.py: 268: Train Epoch: [1][2850/9054] | Batch Time: 2.81 (3.02) | Data Time: 0.00 (0.06) | Mem (GB): 36.00 (33.25/38.00) | Time Elapsed: 00d 10h 03m | Losses/train_medical_loss: 4.32e+01 (4.63e+01) | Losses/train_medical_val_loss: 0.00e+00 (0.00e+00)
INFO 2026-05-17 08:22:30,162 train_utils.py: 268: Train Epoch: [1][2900/9054] | Batch Time: 4.03 (3.02) | Data Time: 0.00 (0.05) | Mem (GB): 36.00 (33.25/38.00) | Time Elapsed: 00d 10h 06m | Losses/train_medical_loss: 1.04e+01 (4.62e+01) | Losses/train_medical_val_loss: 0.00e+00 (0.00e+00)
INFO 2026-05-17 08:25:32,849 train_utils.py: 268: Train Epoch: [1][2950/9054] | Batch Time: 1.67 (3.03) | Data Time: 0.00 (0.05) | Mem (GB): 25.00 (33.24/38.00) | Time Elapsed: 00d 10h 09m | Losses/train_medical_loss: 5.12e+01 (4.61e+01) | Losses/train_medical_val_loss: 0.00e+00 (0.00e+00)
INFO 2026-05-17 08:27:45,228 train_utils.py: 268: Train Epoch: [1][3000/9054] | Batch Time: 2.84 (3.02) | Data Time: 0.00 (0.05) | Mem (GB): 36.00 (33.26/38.00) | Time Elapsed: 00d 10h 11m | Losses/train_medical_loss: 5.78e+01 (4.61e+01) | Losses/train_medical_val_loss: 0.00e+00 (0.00e+00)
INFO 2026-05-17 08:30:04,705 train_utils.py: 268: Train Epoch: [1][3050/9054] | Batch Time: 2.75 (3.02) | Data Time: 0.00 (0.05) | Mem (GB): 36.00 (33.27/38.00) | Time Elapsed: 00d 10h 13m | Losses/train_medical_loss: 5.41e+01 (4.62e+01) | Losses/train_medical_val_loss: 0.00e+00 (0.00e+00)
INFO 2026-05-17 08:32:25,350 train_utils.py: 268: Train Epoch: [1][3100/9054] | Batch Time: 1.18 (3.01) | Data Time: 0.00 (0.05) | Mem (GB): 20.00 (33.27/38.00) | Time Elapsed: 00d 10h 16m | Losses/train_medical_loss: 3.34e+01 (4.62e+01) | Losses/train_medical_val_loss: 0.00e+00 (0.00e+00)
INFO 2026-05-17 08:35:23,272 train_utils.py: 268: Train Epoch: [1][3150/9054] | Batch Time: 2.71 (3.02) | Data Time: 0.00 (0.05) | Mem (GB): 36.00 (33.29/38.00) | Time Elapsed: 00d 10h 19m | Losses/train_medical_loss: 4.01e+01 (4.61e+01) | Losses/train_medical_val_loss: 0.00e+00 (0.00e+00)
INFO 2026-05-17 08:37:38,940 train_utils.py: 268: Train Epoch: [1][3200/9054] | Batch Time: 2.80 (3.02) | Data Time: 0.00 (0.05) | Mem (GB): 36.00 (33.32/38.00) | Time Elapsed: 00d 10h 21m | Losses/train_medical_loss: 3.07e+01 (4.61e+01) | Losses/train_medical_val_loss: 0.00e+00 (0.00e+00)
INFO 2026-05-17 08:39:56,898 train_utils.py: 268: Train Epoch: [1][3250/9054] | Batch Time: 1.77 (3.01) | Data Time: 0.00 (0.05) | Mem (GB): 25.00 (33.30/38.00) | Time Elapsed: 00d 10h 23m | Losses/train_medical_loss: 5.04e+01 (4.61e+01) | Losses/train_medical_val_loss: 0.00e+00 (0.00e+00)
INFO 2026-05-17 08:42:39,432 train_utils.py: 268: Train Epoch: [1][3300/9054] | Batch Time: 13.18 (3.02) | Data Time: 0.00 (0.05) | Mem (GB): 20.00 (33.31/38.00) | Time Elapsed: 00d 10h 26m | Losses/train_medical_loss: 3.58e+01 (4.61e+01) | Losses/train_medical_val_loss: 0.00e+00 (0.00e+00)
INFO 2026-05-17 08:45:17,101 train_utils.py: 268: Train Epoch: [1][3350/9054] | Batch Time: 2.79 (3.02) | Data Time: 0.00 (0.05) | Mem (GB): 36.00 (33.32/38.00) | Time Elapsed: 00d 10h 28m | Losses/train_medical_loss: 5.55e+01 (4.60e+01) | Losses/train_medical_val_loss: 0.00e+00 (0.00e+00)
INFO 2026-05-17 08:47:37,140 train_utils.py: 268: Train Epoch: [1][3400/9054] | Batch Time: 2.80 (3.02) | Data Time: 0.00 (0.05) | Mem (GB): 36.00 (33.33/38.00) | Time Elapsed: 00d 10h 31m | Losses/train_medical_loss: 3.07e+01 (4.61e+01) | Losses/train_medical_val_loss: 0.00e+00 (0.00e+00)
INFO 2026-05-17 08:49:57,172 train_utils.py: 268: Train Epoch: [1][3450/9054] | Batch Time: 2.80 (3.01) | Data Time: 0.00 (0.05) | Mem (GB): 36.00 (33.32/38.00) | Time Elapsed: 00d 10h 33m | Losses/train_medical_loss: 3.88e+01 (4.60e+01) | Losses/train_medical_val_loss: 0.00e+00 (0.00e+00)
INFO 2026-05-17 08:52:53,309 train_utils.py: 268: Train Epoch: [1][3500/9054] | Batch Time: 1.90 (3.02) | Data Time: 0.00 (0.05) | Mem (GB): 25.00 (33.32/38.00) | Time Elapsed: 00d 10h 36m | Losses/train_medical_loss: 5.04e+01 (4.61e+01) | Losses/train_medical_val_loss: 0.00e+00 (0.00e+00)
INFO 2026-05-17 08:55:12,975 train_utils.py: 268: Train Epoch: [1][3550/9054] | Batch Time: 3.52 (3.02) | Data Time: 0.00 (0.05) | Mem (GB): 36.00 (33.33/38.00) | Time Elapsed: 00d 10h 38m | Losses/train_medical_loss: 5.12e+01 (4.62e+01) | Losses/train_medical_val_loss: 0.00e+00 (0.00e+00)
INFO 2026-05-17 08:57:30,221 train_utils.py: 268: Train Epoch: [1][3600/9054] | Batch Time: 3.31 (3.01) | Data Time: 0.00 (0.05) | Mem (GB): 36.00 (33.34/38.00) | Time Elapsed: 00d 10h 41m | Losses/train_medical_loss: 4.87e+01 (4.62e+01) | Losses/train_medical_val_loss: 0.00e+00 (0.00e+00)
INFO 2026-05-17 08:59:50,128 train_utils.py: 268: Train Epoch: [1][3650/9054] | Batch Time: 4.30 (3.01) | Data Time: 0.00 (0.05) | Mem (GB): 36.00 (33.35/38.00) | Time Elapsed: 00d 10h 43m | Losses/train_medical_loss: 3.68e+01 (4.62e+01) | Losses/train_medical_val_loss: 0.00e+00 (0.00e+00)
INFO 2026-05-17 09:02:43,371 train_utils.py: 268: Train Epoch: [1][3700/9054] | Batch Time: 2.75 (3.02) | Data Time: 0.00 (0.05) | Mem (GB): 36.00 (33.35/38.00) | Time Elapsed: 00d 10h 46m | Losses/train_medical_loss: 4.37e+01 (4.62e+01) | Losses/train_medical_val_loss: 0.00e+00 (0.00e+00)
INFO 2026-05-17 09:05:02,787 train_utils.py: 268: Train Epoch: [1][3750/9054] | Batch Time: 2.81 (3.01) | Data Time: 0.00 (0.05) | Mem (GB): 36.00 (33.34/38.00) | Time Elapsed: 00d 10h 48m | Losses/train_medical_loss: 1.97e+01 (4.62e+01) | Losses/train_medical_val_loss: 0.00e+00 (0.00e+00)
INFO 2026-05-17 09:07:20,949 train_utils.py: 268: Train Epoch: [1][3800/9054] | Batch Time: 2.79 (3.01) | Data Time: 0.00 (0.05) | Mem (GB): 36.00 (33.34/38.00) | Time Elapsed: 00d 10h 51m | Losses/train_medical_loss: 8.11e+01 (4.62e+01) | Losses/train_medical_val_loss: 0.00e+00 (0.00e+00)
INFO 2026-05-17 09:10:02,470 train_utils.py: 268: Train Epoch: [1][3850/9054] | Batch Time: 1.79 (3.01) | Data Time: 0.00 (0.04) | Mem (GB): 25.00 (33.34/38.00) | Time Elapsed: 00d 10h 53m | Losses/train_medical_loss: 7.26e+01 (4.62e+01) | Losses/train_medical_val_loss: 0.00e+00 (0.00e+00)
INFO 2026-05-17 09:12:32,240 train_utils.py: 268: Train Epoch: [1][3900/9054] | Batch Time: 1.78 (3.01) | Data Time: 0.00 (0.04) | Mem (GB): 25.00 (33.34/38.00) | Time Elapsed: 00d 10h 56m | Losses/train_medical_loss: 7.20e+01 (4.62e+01) | Losses/train_medical_val_loss: 0.00e+00 (0.00e+00)
INFO 2026-05-17 09:14:52,480 train_utils.py: 268: Train Epoch: [1][3950/9054] | Batch Time: 2.83 (3.01) | Data Time: 0.00 (0.04) | Mem (GB): 36.00 (33.34/38.00) | Time Elapsed: 00d 10h 58m | Losses/train_medical_loss: 3.67e+01 (4.62e+01) | Losses/train_medical_val_loss: 0.00e+00 (0.00e+00)
INFO 2026-05-17 09:17:10,010 train_utils.py: 268: Train Epoch: [1][4000/9054] | Batch Time: 2.78 (3.01) | Data Time: 0.00 (0.04) | Mem (GB): 36.00 (33.34/38.00) | Time Elapsed: 00d 11h 00m | Losses/train_medical_loss: 1.47e+01 (4.61e+01) | Losses/train_medical_val_loss: 0.00e+00 (0.00e+00)
INFO 2026-05-17 09:19:52,788 train_utils.py: 268: Train Epoch: [1][4050/9054] | Batch Time: 2.79 (3.01) | Data Time: 0.00 (0.04) | Mem (GB): 36.00 (33.34/38.00) | Time Elapsed: 00d 11h 03m | Losses/train_medical_loss: 5.49e+01 (4.61e+01) | Losses/train_medical_val_loss: 0.00e+00 (0.00e+00)
INFO 2026-05-17 09:22:25,609 train_utils.py: 268: Train Epoch: [1][4100/9054] | Batch Time: 3.83 (3.01) | Data Time: 0.00 (0.04) | Mem (GB): 36.00 (33.35/38.00) | Time Elapsed: 00d 11h 06m | Losses/train_medical_loss: 5.23e+01 (4.60e+01) | Losses/train_medical_val_loss: 0.00e+00 (0.00e+00)
INFO 2026-05-17 09:24:52,360 train_utils.py: 268: Train Epoch: [1][4150/9054] | Batch Time: 2.80 (3.01) | Data Time: 0.00 (0.04) | Mem (GB): 36.00 (33.35/38.00) | Time Elapsed: 00d 11h 08m | Losses/train_medical_loss: 2.41e+01 (4.60e+01) | Losses/train_medical_val_loss: 0.00e+00 (0.00e+00)
INFO 2026-05-17 09:27:23,544 train_utils.py: 268: Train Epoch: [1][4200/9054] | Batch Time: 2.78 (3.01) | Data Time: 0.00 (0.04) | Mem (GB): 36.00 (33.35/38.00) | Time Elapsed: 00d 11h 11m | Losses/train_medical_loss: 7.35e+01 (4.60e+01) | Losses/train_medical_val_loss: 0.00e+00 (0.00e+00)
INFO 2026-05-17 09:30:05,049 train_utils.py: 268: Train Epoch: [1][4250/9054] | Batch Time: 2.79 (3.01) | Data Time: 0.00 (0.04) | Mem (GB): 36.00 (33.35/38.00) | Time Elapsed: 00d 11h 13m | Losses/train_medical_loss: 3.84e+01 (4.60e+01) | Losses/train_medical_val_loss: 0.00e+00 (0.00e+00)
INFO 2026-05-17 09:32:24,011 train_utils.py: 268: Train Epoch: [1][4300/9054] | Batch Time: 2.77 (3.01) | Data Time: 0.00 (0.04) | Mem (GB): 36.00 (33.35/38.00) | Time Elapsed: 00d 11h 16m | Losses/train_medical_loss: 4.17e+01 (4.59e+01) | Losses/train_medical_val_loss: 0.00e+00 (0.00e+00)
INFO 2026-05-17 09:34:43,424 train_utils.py: 268: Train Epoch: [1][4350/9054] | Batch Time: 2.80 (3.01) | Data Time: 0.00 (0.04) | Mem (GB): 36.00 (33.34/38.00) | Time Elapsed: 00d 11h 18m | Losses/train_medical_loss: 2.45e+01 (4.59e+01) | Losses/train_medical_val_loss: 0.00e+00 (0.00e+00)
INFO 2026-05-17 09:37:25,176 train_utils.py: 268: Train Epoch: [1][4400/9054] | Batch Time: 2.72 (3.01) | Data Time: 0.00 (0.04) | Mem (GB): 36.00 (33.34/38.00) | Time Elapsed: 00d 11h 21m | Losses/train_medical_loss: 3.49e+01 (4.59e+01) | Losses/train_medical_val_loss: 0.00e+00 (0.00e+00)
INFO 2026-05-17 09:39:54,905 train_utils.py: 268: Train Epoch: [1][4450/9054] | Batch Time: 4.64 (3.01) | Data Time: 0.00 (0.04) | Mem (GB): 36.00 (33.34/38.00) | Time Elapsed: 00d 11h 23m | Losses/train_medical_loss: 2.07e+01 (4.59e+01) | Losses/train_medical_val_loss: 0.00e+00 (0.00e+00)
INFO 2026-05-17 09:42:14,437 train_utils.py: 268: Train Epoch: [1][4500/9054] | Batch Time: 2.80 (3.01) | Data Time: 0.00 (0.04) | Mem (GB): 36.00 (33.34/38.00) | Time Elapsed: 00d 11h 25m | Losses/train_medical_loss: 5.52e+01 (4.59e+01) | Losses/train_medical_val_loss: 0.00e+00 (0.00e+00)
INFO 2026-05-17 09:44:33,900 train_utils.py: 268: Train Epoch: [1][4550/9054] | Batch Time: 2.79 (3.00) | Data Time: 0.00 (0.04) | Mem (GB): 36.00 (33.34/38.00) | Time Elapsed: 00d 11h 28m | Losses/train_medical_loss: 4.56e+01 (4.59e+01) | Losses/train_medical_val_loss: 0.00e+00 (0.00e+00)
INFO 2026-05-17 09:47:17,224 train_utils.py: 268: Train Epoch: [1][4600/9054] | Batch Time: 2.78 (3.01) | Data Time: 0.00 (0.04) | Mem (GB): 36.00 (33.35/38.00) | Time Elapsed: 00d 11h 30m | Losses/train_medical_loss: 1.10e+01 (4.59e+01) | Losses/train_medical_val_loss: 0.00e+00 (0.00e+00)
INFO 2026-05-17 09:49:51,045 train_utils.py: 268: Train Epoch: [1][4650/9054] | Batch Time: 3.06 (3.01) | Data Time: 0.00 (0.04) | Mem (GB): 30.00 (33.33/38.00) | Time Elapsed: 00d 11h 33m | Losses/train_medical_loss: 2.90e+01 (4.59e+01) | Losses/train_medical_val_loss: 0.00e+00 (0.00e+00)
INFO 2026-05-17 09:52:17,503 train_utils.py: 268: Train Epoch: [1][4700/9054] | Batch Time: 2.86 (3.01) | Data Time: 0.00 (0.04) | Mem (GB): 36.00 (33.34/38.00) | Time Elapsed: 00d 11h 36m | Losses/train_medical_loss: 2.86e+01 (4.60e+01) | Losses/train_medical_val_loss: 0.00e+00 (0.00e+00)
INFO 2026-05-17 09:54:46,693 train_utils.py: 268: Train Epoch: [1][4750/9054] | Batch Time: 2.55 (3.01) | Data Time: 0.00 (0.04) | Mem (GB): 33.00 (33.33/38.00) | Time Elapsed: 00d 11h 38m | Losses/train_medical_loss: 3.98e+01 (4.60e+01) | Losses/train_medical_val_loss: 0.00e+00 (0.00e+00)
INFO 2026-05-17 09:57:16,915 train_utils.py: 268: Train Epoch: [1][4800/9054] | Batch Time: 2.57 (3.01) | Data Time: 0.00 (0.04) | Mem (GB): 20.00 (33.32/38.00) | Time Elapsed: 00d 11h 40m | Losses/train_medical_loss: 3.32e+01 (4.60e+01) | Losses/train_medical_val_loss: 0.00e+00 (0.00e+00)
INFO 2026-05-17 09:59:37,234 train_utils.py: 268: Train Epoch: [1][4850/9054] | Batch Time: 2.79 (3.00) | Data Time: 0.00 (0.04) | Mem (GB): 36.00 (33.33/38.00) | Time Elapsed: 00d 11h 43m | Losses/train_medical_loss: 9.06e+01 (4.59e+01) | Losses/train_medical_val_loss: 0.00e+00 (0.00e+00)
INFO 2026-05-17 10:01:55,690 train_utils.py: 268: Train Epoch: [1][4900/9054] | Batch Time: 2.82 (3.00) | Data Time: 0.00 (0.04) | Mem (GB): 36.00 (33.33/38.00) | Time Elapsed: 00d 11h 45m | Losses/train_medical_loss: 3.60e+01 (4.59e+01) | Losses/train_medical_val_loss: 0.00e+00 (0.00e+00)
INFO 2026-05-17 10:04:36,317 train_utils.py: 268: Train Epoch: [1][4950/9054] | Batch Time: 2.42 (3.00) | Data Time: 0.00 (0.04) | Mem (GB): 33.00 (33.33/38.00) | Time Elapsed: 00d 11h 48m | Losses/train_medical_loss: 3.95e+01 (4.59e+01) | Losses/train_medical_val_loss: 0.00e+00 (0.00e+00)
INFO 2026-05-17 10:07:06,216 train_utils.py: 268: Train Epoch: [1][5000/9054] | Batch Time: 2.79 (3.00) | Data Time: 0.00 (0.03) | Mem (GB): 36.00 (33.32/38.00) | Time Elapsed: 00d 11h 50m | Losses/train_medical_loss: 6.28e+01 (4.59e+01) | Losses/train_medical_val_loss: 0.00e+00 (0.00e+00)
INFO 2026-05-17 10:09:24,104 train_utils.py: 268: Train Epoch: [1][5050/9054] | Batch Time: 2.79 (3.00) | Data Time: 0.00 (0.03) | Mem (GB): 36.00 (33.33/38.00) | Time Elapsed: 00d 11h 53m | Losses/train_medical_loss: 7.34e+01 (4.60e+01) | Losses/train_medical_val_loss: 0.00e+00 (0.00e+00)
INFO 2026-05-17 10:11:42,047 train_utils.py: 268: Train Epoch: [1][5100/9054] | Batch Time: 1.52 (3.00) | Data Time: 0.00 (0.03) | Mem (GB): 22.00 (33.33/38.00) | Time Elapsed: 00d 11h 55m | Losses/train_medical_loss: 2.99e+01 (4.60e+01) | Losses/train_medical_val_loss: 0.00e+00 (0.00e+00)
INFO 2026-05-17 10:14:19,644 train_utils.py: 268: Train Epoch: [1][5150/9054] | Batch Time: 2.71 (3.00) | Data Time: 0.00 (0.03) | Mem (GB): 36.00 (33.33/38.00) | Time Elapsed: 00d 11h 58m | Losses/train_medical_loss: 2.43e+01 (4.60e+01) | Losses/train_medical_val_loss: 0.00e+00 (0.00e+00)
INFO 2026-05-17 10:16:53,862 train_utils.py: 268: Train Epoch: [1][5200/9054] | Batch Time: 2.79 (3.00) | Data Time: 0.00 (0.03) | Mem (GB): 36.00 (33.33/38.00) | Time Elapsed: 00d 12h 00m | Losses/train_medical_loss: 3.35e+01 (4.61e+01) | Losses/train_medical_val_loss: 0.00e+00 (0.00e+00)
INFO 2026-05-17 10:19:11,181 train_utils.py: 268: Train Epoch: [1][5250/9054] | Batch Time: 1.76 (3.00) | Data Time: 0.00 (0.03) | Mem (GB): 25.00 (33.34/38.00) | Time Elapsed: 00d 12h 02m | Losses/train_medical_loss: 6.75e+01 (4.61e+01) | Losses/train_medical_val_loss: 0.00e+00 (0.00e+00)
INFO 2026-05-17 10:21:47,068 train_utils.py: 268: Train Epoch: [1][5300/9054] | Batch Time: 2.83 (3.00) | Data Time: 0.00 (0.03) | Mem (GB): 36.00 (33.34/38.00) | Time Elapsed: 00d 12h 05m | Losses/train_medical_loss: 1.82e+01 (4.60e+01) | Losses/train_medical_val_loss: 0.00e+00 (0.00e+00)
INFO 2026-05-17 10:24:27,461 train_utils.py: 268: Train Epoch: [1][5350/9054] | Batch Time: 4.28 (3.00) | Data Time: 0.00 (0.03) | Mem (GB): 36.00 (33.34/38.00) | Time Elapsed: 00d 12h 08m | Losses/train_medical_loss: 2.43e+01 (4.60e+01) | Losses/train_medical_val_loss: 0.00e+00 (0.00e+00)
INFO 2026-05-17 10:26:46,147 train_utils.py: 268: Train Epoch: [1][5400/9054] | Batch Time: 2.78 (3.00) | Data Time: 0.00 (0.03) | Mem (GB): 36.00 (33.34/38.00) | Time Elapsed: 00d 12h 10m | Losses/train_medical_loss: 7.82e+01 (4.60e+01) | Losses/train_medical_val_loss: 0.00e+00 (0.00e+00)
INFO 2026-05-17 10:29:04,962 train_utils.py: 268: Train Epoch: [1][5450/9054] | Batch Time: 2.79 (3.00) | Data Time: 0.00 (0.03) | Mem (GB): 36.00 (33.34/38.00) | Time Elapsed: 00d 12h 12m | Losses/train_medical_loss: 2.89e+01 (4.60e+01) | Losses/train_medical_val_loss: 0.00e+00 (0.00e+00)
INFO 2026-05-17 10:31:44,197 train_utils.py: 268: Train Epoch: [1][5500/9054] | Batch Time: 2.43 (3.00) | Data Time: 0.00 (0.03) | Mem (GB): 33.00 (33.34/38.00) | Time Elapsed: 00d 12h 15m | Losses/train_medical_loss: 7.48e+01 (4.60e+01) | Losses/train_medical_val_loss: 0.00e+00 (0.00e+00)
INFO 2026-05-17 10:34:12,456 train_utils.py: 268: Train Epoch: [1][5550/9054] | Batch Time: 2.67 (3.00) | Data Time: 0.00 (0.03) | Mem (GB): 36.00 (33.32/38.00) | Time Elapsed: 00d 12h 17m | Losses/train_medical_loss: 3.11e+01 (4.61e+01) | Losses/train_medical_val_loss: 0.00e+00 (0.00e+00)
INFO 2026-05-17 10:36:30,367 train_utils.py: 268: Train Epoch: [1][5600/9054] | Batch Time: 2.77 (3.00) | Data Time: 0.00 (0.03) | Mem (GB): 36.00 (33.33/38.00) | Time Elapsed: 00d 12h 20m | Losses/train_medical_loss: 3.49e+01 (4.61e+01) | Losses/train_medical_val_loss: 0.00e+00 (0.00e+00)
INFO 2026-05-17 10:38:51,763 train_utils.py: 268: Train Epoch: [1][5650/9054] | Batch Time: 4.05 (3.00) | Data Time: 0.00 (0.03) | Mem (GB): 36.00 (33.32/38.00) | Time Elapsed: 00d 12h 22m | Losses/train_medical_loss: 5.15e+01 (4.61e+01) | Losses/train_medical_val_loss: 0.00e+00 (0.00e+00)
INFO 2026-05-17 10:41:29,151 train_utils.py: 268: Train Epoch: [1][5700/9054] | Batch Time: 2.71 (3.00) | Data Time: 0.00 (0.03) | Mem (GB): 36.00 (33.32/38.00) | Time Elapsed: 00d 12h 25m | Losses/train_medical_loss: 2.85e+01 (4.60e+01) | Losses/train_medical_val_loss: 0.00e+00 (0.00e+00)
INFO 2026-05-17 10:44:01,200 train_utils.py: 268: Train Epoch: [1][5750/9054] | Batch Time: 2.82 (3.00) | Data Time: 0.00 (0.03) | Mem (GB): 36.00 (33.33/38.00) | Time Elapsed: 00d 12h 27m | Losses/train_medical_loss: 2.59e+01 (4.60e+01) | Losses/train_medical_val_loss: 0.00e+00 (0.00e+00)
INFO 2026-05-17 10:46:20,274 train_utils.py: 268: Train Epoch: [1][5800/9054] | Batch Time: 2.88 (3.00) | Data Time: 0.00 (0.03) | Mem (GB): 36.00 (33.34/38.00) | Time Elapsed: 00d 12h 30m | Losses/train_medical_loss: 3.05e+01 (4.60e+01) | Losses/train_medical_val_loss: 0.00e+00 (0.00e+00)
INFO 2026-05-17 10:48:51,991 train_utils.py: 268: Train Epoch: [1][5850/9054] | Batch Time: 1.27 (3.00) | Data Time: 0.00 (0.03) | Mem (GB): 20.00 (33.33/38.00) | Time Elapsed: 00d 12h 32m | Losses/train_medical_loss: 5.19e+01 (4.60e+01) | Losses/train_medical_val_loss: 0.00e+00 (0.00e+00)
INFO 2026-05-17 10:51:35,100 train_utils.py: 268: Train Epoch: [1][5900/9054] | Batch Time: 2.84 (3.00) | Data Time: 0.00 (0.03) | Mem (GB): 36.00 (33.33/38.00) | Time Elapsed: 00d 12h 35m | Losses/train_medical_loss: 1.81e+01 (4.60e+01) | Losses/train_medical_val_loss: 0.00e+00 (0.00e+00)
INFO 2026-05-17 10:53:57,068 train_utils.py: 268: Train Epoch: [1][5950/9054] | Batch Time: 2.86 (3.00) | Data Time: 0.00 (0.03) | Mem (GB): 36.00 (33.33/38.00) | Time Elapsed: 00d 12h 37m | Losses/train_medical_loss: 2.91e+01 (4.60e+01) | Losses/train_medical_val_loss: 0.00e+00 (0.00e+00)
INFO 2026-05-17 10:56:24,853 train_utils.py: 268: Train Epoch: [1][6000/9054] | Batch Time: 7.86 (3.00) | Data Time: 5.14 (0.03) | Mem (GB): 36.00 (33.33/38.00) | Time Elapsed: 00d 12h 40m | Losses/train_medical_loss: 1.09e+02 (4.60e+01) | Losses/train_medical_val_loss: 0.00e+00 (0.00e+00)
INFO 2026-05-17 10:59:04,911 train_utils.py: 268: Train Epoch: [1][6050/9054] | Batch Time: 2.70 (3.00) | Data Time: 0.00 (0.03) | Mem (GB): 36.00 (33.32/38.00) | Time Elapsed: 00d 12h 42m | Losses/train_medical_loss: 6.14e+01 (4.60e+01) | Losses/train_medical_val_loss: 0.00e+00 (0.00e+00)
INFO 2026-05-17 11:01:34,013 train_utils.py: 268: Train Epoch: [1][6100/9054] | Batch Time: 1.78 (3.00) | Data Time: 0.00 (0.03) | Mem (GB): 25.00 (33.31/38.00) | Time Elapsed: 00d 12h 45m | Losses/train_medical_loss: 1.09e+02 (4.60e+01) | Losses/train_medical_val_loss: 0.00e+00 (0.00e+00)
INFO 2026-05-17 11:03:52,350 train_utils.py: 268: Train Epoch: [1][6150/9054] | Batch Time: 1.56 (3.00) | Data Time: 0.00 (0.03) | Mem (GB): 22.00 (33.31/38.00) | Time Elapsed: 00d 12h 47m | Losses/train_medical_loss: 4.60e+01 (4.59e+01) | Losses/train_medical_val_loss: 0.00e+00 (0.00e+00)
INFO 2026-05-17 11:06:15,646 train_utils.py: 268: Train Epoch: [1][6200/9054] | Batch Time: 2.75 (3.00) | Data Time: 0.00 (0.03) | Mem (GB): 36.00 (33.32/38.00) | Time Elapsed: 00d 12h 49m | Losses/train_medical_loss: 1.70e+01 (4.59e+01) | Losses/train_medical_val_loss: 0.00e+00 (0.00e+00)
INFO 2026-05-17 11:08:51,816 train_utils.py: 268: Train Epoch: [1][6250/9054] | Batch Time: 2.71 (3.00) | Data Time: 0.00 (0.03) | Mem (GB): 36.00 (33.33/38.00) | Time Elapsed: 00d 12h 52m | Losses/train_medical_loss: 2.37e+01 (4.59e+01) | Losses/train_medical_val_loss: 0.00e+00 (0.00e+00)
INFO 2026-05-17 11:11:17,136 train_utils.py: 268: Train Epoch: [1][6300/9054] | Batch Time: 3.75 (3.00) | Data Time: 0.00 (0.03) | Mem (GB): 36.00 (33.33/38.00) | Time Elapsed: 00d 12h 54m | Losses/train_medical_loss: 3.21e+01 (4.59e+01) | Losses/train_medical_val_loss: 0.00e+00 (0.00e+00)
INFO 2026-05-17 11:13:32,844 train_utils.py: 268: Train Epoch: [1][6350/9054] | Batch Time: 2.81 (2.99) | Data Time: 0.00 (0.03) | Mem (GB): 36.00 (33.33/38.00) | Time Elapsed: 00d 12h 57m | Losses/train_medical_loss: 3.58e+01 (4.59e+01) | Losses/train_medical_val_loss: 0.00e+00 (0.00e+00)
INFO 2026-05-17 11:16:03,902 train_utils.py: 268: Train Epoch: [1][6400/9054] | Batch Time: 2.81 (2.99) | Data Time: 0.00 (0.03) | Mem (GB): 36.00 (33.33/38.00) | Time Elapsed: 00d 12h 59m | Losses/train_medical_loss: 8.28e+01 (4.59e+01) | Losses/train_medical_val_loss: 0.00e+00 (0.00e+00)
INFO 2026-05-17 11:18:44,707 train_utils.py: 268: Train Epoch: [1][6450/9054] | Batch Time: 2.82 (3.00) | Data Time: 0.00 (0.03) | Mem (GB): 36.00 (33.33/38.00) | Time Elapsed: 00d 13h 02m | Losses/train_medical_loss: 2.46e+01 (4.59e+01) | Losses/train_medical_val_loss: 0.00e+00 (0.00e+00)
INFO 2026-05-17 11:21:04,190 train_utils.py: 268: Train Epoch: [1][6500/9054] | Batch Time: 3.78 (2.99) | Data Time: 0.00 (0.03) | Mem (GB): 36.00 (33.34/38.00) | Time Elapsed: 00d 13h 04m | Losses/train_medical_loss: 2.76e+01 (4.59e+01) | Losses/train_medical_val_loss: 0.00e+00 (0.00e+00)
INFO 2026-05-17 11:23:23,685 train_utils.py: 268: Train Epoch: [1][6550/9054] | Batch Time: 2.72 (2.99) | Data Time: 0.00 (0.03) | Mem (GB): 36.00 (33.34/38.00) | Time Elapsed: 00d 13h 07m | Losses/train_medical_loss: 1.10e+01 (4.58e+01) | Losses/train_medical_val_loss: 0.00e+00 (0.00e+00)
INFO 2026-05-17 11:26:05,465 train_utils.py: 268: Train Epoch: [1][6600/9054] | Batch Time: 2.69 (2.99) | Data Time: 0.00 (0.03) | Mem (GB): 36.00 (33.34/38.00) | Time Elapsed: 00d 13h 09m | Losses/train_medical_loss: 2.11e+01 (4.59e+01) | Losses/train_medical_val_loss: 0.00e+00 (0.00e+00)
INFO 2026-05-17 11:28:42,197 train_utils.py: 268: Train Epoch: [1][6650/9054] | Batch Time: 2.69 (3.00) | Data Time: 0.00 (0.03) | Mem (GB): 36.00 (33.34/38.00) | Time Elapsed: 00d 13h 12m | Losses/train_medical_loss: 1.48e+01 (4.58e+01) | Losses/train_medical_val_loss: 0.00e+00 (0.00e+00)
INFO 2026-05-17 11:30:59,683 train_utils.py: 268: Train Epoch: [1][6700/9054] | Batch Time: 2.81 (2.99) | Data Time: 0.00 (0.03) | Mem (GB): 36.00 (33.35/38.00) | Time Elapsed: 00d 13h 14m | Losses/train_medical_loss: 1.50e+01 (4.58e+01) | Losses/train_medical_val_loss: 0.00e+00 (0.00e+00)
INFO 2026-05-17 11:33:30,280 train_utils.py: 268: Train Epoch: [1][6750/9054] | Batch Time: 14.72 (2.99) | Data Time: 0.00 (0.03) | Mem (GB): 36.00 (33.34/38.00) | Time Elapsed: 00d 13h 17m | Losses/train_medical_loss: 3.66e+01 (4.59e+01) | Losses/train_medical_val_loss: 0.00e+00 (0.00e+00)
INFO 2026-05-17 11:35:50,305 train_utils.py: 268: Train Epoch: [1][6800/9054] | Batch Time: 2.69 (2.99) | Data Time: 0.00 (0.03) | Mem (GB): 36.00 (33.34/38.00) | Time Elapsed: 00d 13h 19m | Losses/train_medical_loss: 3.18e+01 (4.58e+01) | Losses/train_medical_val_loss: 0.00e+00 (0.00e+00)
INFO 2026-05-17 11:38:35,413 train_utils.py: 268: Train Epoch: [1][6850/9054] | Batch Time: 2.80 (2.99) | Data Time: 0.00 (0.03) | Mem (GB): 36.00 (33.33/38.00) | Time Elapsed: 00d 13h 22m | Losses/train_medical_loss: 8.49e+01 (4.58e+01) | Losses/train_medical_val_loss: 0.00e+00 (0.00e+00)
INFO 2026-05-17 11:40:54,175 train_utils.py: 268: Train Epoch: [1][6900/9054] | Batch Time: 3.05 (2.99) | Data Time: 0.00 (0.03) | Mem (GB): 36.00 (33.33/38.00) | Time Elapsed: 00d 13h 24m | Losses/train_medical_loss: 1.57e+01 (4.58e+01) | Losses/train_medical_val_loss: 0.00e+00 (0.00e+00)
INFO 2026-05-17 11:43:23,440 train_utils.py: 268: Train Epoch: [1][6950/9054] | Batch Time: 2.81 (2.99) | Data Time: 0.00 (0.03) | Mem (GB): 36.00 (33.33/38.00) | Time Elapsed: 00d 13h 27m | Losses/train_medical_loss: 8.97e+01 (4.58e+01) | Losses/train_medical_val_loss: 0.00e+00 (0.00e+00)
INFO 2026-05-17 11:45:53,269 train_utils.py: 268: Train Epoch: [1][7000/9054] | Batch Time: 1.26 (2.99) | Data Time: 0.00 (0.03) | Mem (GB): 20.00 (33.32/38.00) | Time Elapsed: 00d 13h 29m | Losses/train_medical_loss: 5.21e+01 (4.58e+01) | Losses/train_medical_val_loss: 0.00e+00 (0.00e+00)
INFO 2026-05-17 11:48:24,790 train_utils.py: 268: Train Epoch: [1][7050/9054] | Batch Time: 2.70 (2.99) | Data Time: 0.00 (0.03) | Mem (GB): 36.00 (33.32/38.00) | Time Elapsed: 00d 13h 32m | Losses/train_medical_loss: 1.12e+01 (4.58e+01) | Losses/train_medical_val_loss: 0.00e+00 (0.00e+00)
INFO 2026-05-17 11:50:41,443 train_utils.py: 268: Train Epoch: [1][7100/9054] | Batch Time: 2.83 (2.99) | Data Time: 0.00 (0.03) | Mem (GB): 36.00 (33.32/38.00) | Time Elapsed: 00d 13h 34m | Losses/train_medical_loss: 8.08e+01 (4.58e+01) | Losses/train_medical_val_loss: 0.00e+00 (0.00e+00)
INFO 2026-05-17 11:53:23,487 train_utils.py: 268: Train Epoch: [1][7150/9054] | Batch Time: 2.69 (2.99) | Data Time: 0.00 (0.03) | Mem (GB): 36.00 (33.33/38.00) | Time Elapsed: 00d 13h 37m | Losses/train_medical_loss: 4.80e+01 (4.58e+01) | Losses/train_medical_val_loss: 0.00e+00 (0.00e+00)
INFO 2026-05-17 11:55:56,126 train_utils.py: 268: Train Epoch: [1][7200/9054] | Batch Time: 3.31 (2.99) | Data Time: 0.00 (0.03) | Mem (GB): 28.00 (33.33/38.00) | Time Elapsed: 00d 13h 39m | Losses/train_medical_loss: 3.36e+01 (4.58e+01) | Losses/train_medical_val_loss: 0.00e+00 (0.00e+00)
INFO 2026-05-17 11:58:18,277 train_utils.py: 268: Train Epoch: [1][7250/9054] | Batch Time: 2.80 (2.99) | Data Time: 0.00 (0.03) | Mem (GB): 36.00 (33.32/38.00) | Time Elapsed: 00d 13h 42m | Losses/train_medical_loss: 4.19e+01 (4.58e+01) | Losses/train_medical_val_loss: 0.00e+00 (0.00e+00)
INFO 2026-05-17 12:00:46,870 train_utils.py: 268: Train Epoch: [1][7300/9054] | Batch Time: 1.36 (2.99) | Data Time: 0.00 (0.03) | Mem (GB): 20.00 (33.32/38.00) | Time Elapsed: 00d 13h 44m | Losses/train_medical_loss: 6.24e+01 (4.58e+01) | Losses/train_medical_val_loss: 0.00e+00 (0.00e+00)
INFO 2026-05-17 12:03:12,568 train_utils.py: 268: Train Epoch: [1][7350/9054] | Batch Time: 2.69 (2.99) | Data Time: 0.00 (0.03) | Mem (GB): 36.00 (33.32/38.00) | Time Elapsed: 00d 13h 46m | Losses/train_medical_loss: 3.78e+01 (4.58e+01) | Losses/train_medical_val_loss: 0.00e+00 (0.00e+00)
INFO 2026-05-17 12:05:46,887 train_utils.py: 268: Train Epoch: [1][7400/9054] | Batch Time: 2.74 (2.99) | Data Time: 0.00 (0.03) | Mem (GB): 36.00 (33.32/38.00) | Time Elapsed: 00d 13h 49m | Losses/train_medical_loss: 2.95e+01 (4.58e+01) | Losses/train_medical_val_loss: 0.00e+00 (0.00e+00)
INFO 2026-05-17 12:08:04,673 train_utils.py: 268: Train Epoch: [1][7450/9054] | Batch Time: 1.42 (2.99) | Data Time: 0.00 (0.03) | Mem (GB): 22.00 (33.32/38.00) | Time Elapsed: 00d 13h 51m | Losses/train_medical_loss: 6.25e+01 (4.57e+01) | Losses/train_medical_val_loss: 0.00e+00 (0.00e+00)
INFO 2026-05-17 12:10:35,760 train_utils.py: 268: Train Epoch: [1][7500/9054] | Batch Time: 2.75 (2.99) | Data Time: 0.00 (0.03) | Mem (GB): 36.00 (33.32/38.00) | Time Elapsed: 00d 13h 54m | Losses/train_medical_loss: 1.42e+01 (4.58e+01) | Losses/train_medical_val_loss: 0.00e+00 (0.00e+00)
INFO 2026-05-17 12:13:07,126 train_utils.py: 268: Train Epoch: [1][7550/9054] | Batch Time: 3.31 (2.99) | Data Time: 0.00 (0.03) | Mem (GB): 36.00 (33.32/38.00) | Time Elapsed: 00d 13h 56m | Losses/train_medical_loss: 1.14e+01 (4.58e+01) | Losses/train_medical_val_loss: 0.00e+00 (0.00e+00)
INFO 2026-05-17 12:15:35,035 train_utils.py: 268: Train Epoch: [1][7600/9054] | Batch Time: 2.81 (2.99) | Data Time: 0.00 (0.03) | Mem (GB): 36.00 (33.32/38.00) | Time Elapsed: 00d 13h 59m | Losses/train_medical_loss: 5.36e+01 (4.58e+01) | Losses/train_medical_val_loss: 0.00e+00 (0.00e+00)
INFO 2026-05-17 12:17:55,943 train_utils.py: 268: Train Epoch: [1][7650/9054] | Batch Time: 2.70 (2.99) | Data Time: 0.00 (0.03) | Mem (GB): 36.00 (33.32/38.00) | Time Elapsed: 00d 14h 01m | Losses/train_medical_loss: 5.95e+01 (4.58e+01) | Losses/train_medical_val_loss: 0.00e+00 (0.00e+00)
INFO 2026-05-17 12:20:30,182 train_utils.py: 268: Train Epoch: [1][7700/9054] | Batch Time: 4.30 (2.99) | Data Time: 0.00 (0.03) | Mem (GB): 36.00 (33.32/38.00) | Time Elapsed: 00d 14h 04m | Losses/train_medical_loss: 1.71e+01 (4.58e+01) | Losses/train_medical_val_loss: 0.00e+00 (0.00e+00)
INFO 2026-05-17 12:23:10,981 train_utils.py: 268: Train Epoch: [1][7750/9054] | Batch Time: 2.81 (2.99) | Data Time: 0.00 (0.03) | Mem (GB): 36.00 (33.32/38.00) | Time Elapsed: 00d 14h 06m | Losses/train_medical_loss: 6.49e+01 (4.58e+01) | Losses/train_medical_val_loss: 0.00e+00 (0.00e+00)
INFO 2026-05-17 12:25:28,653 train_utils.py: 268: Train Epoch: [1][7800/9054] | Batch Time: 2.81 (2.99) | Data Time: 0.00 (0.03) | Mem (GB): 36.00 (33.32/38.00) | Time Elapsed: 00d 14h 09m | Losses/train_medical_loss: 1.46e+01 (4.58e+01) | Losses/train_medical_val_loss: 0.00e+00 (0.00e+00)
INFO 2026-05-17 12:27:47,062 train_utils.py: 268: Train Epoch: [1][7850/9054] | Batch Time: 2.79 (2.99) | Data Time: 0.00 (0.03) | Mem (GB): 36.00 (33.32/38.00) | Time Elapsed: 00d 14h 11m | Losses/train_medical_loss: 3.87e+01 (4.58e+01) | Losses/train_medical_val_loss: 0.00e+00 (0.00e+00)
INFO 2026-05-17 12:30:26,641 train_utils.py: 268: Train Epoch: [1][7900/9054] | Batch Time: 1.15 (2.99) | Data Time: 0.00 (0.03) | Mem (GB): 20.00 (33.32/38.00) | Time Elapsed: 00d 14h 14m | Losses/train_medical_loss: 4.60e+01 (4.58e+01) | Losses/train_medical_val_loss: 0.00e+00 (0.00e+00)
INFO 2026-05-17 12:32:59,214 train_utils.py: 268: Train Epoch: [1][7950/9054] | Batch Time: 2.83 (2.99) | Data Time: 0.00 (0.03) | Mem (GB): 36.00 (33.32/38.00) | Time Elapsed: 00d 14h 16m | Losses/train_medical_loss: 4.56e+01 (4.58e+01) | Losses/train_medical_val_loss: 0.00e+00 (0.00e+00)
INFO 2026-05-17 12:35:16,031 train_utils.py: 268: Train Epoch: [1][8000/9054] | Batch Time: 2.29 (2.99) | Data Time: 0.00 (0.03) | Mem (GB): 25.00 (33.32/38.00) | Time Elapsed: 00d 14h 18m | Losses/train_medical_loss: 1.09e+02 (4.58e+01) | Losses/train_medical_val_loss: 0.00e+00 (0.00e+00)
INFO 2026-05-17 12:37:49,136 train_utils.py: 268: Train Epoch: [1][8050/9054] | Batch Time: 2.84 (2.99) | Data Time: 0.00 (0.03) | Mem (GB): 36.00 (33.32/38.00) | Time Elapsed: 00d 14h 21m | Losses/train_medical_loss: 3.09e+01 (4.57e+01) | Losses/train_medical_val_loss: 0.00e+00 (0.00e+00)
INFO 2026-05-17 12:40:28,338 train_utils.py: 268: Train Epoch: [1][8100/9054] | Batch Time: 10.68 (2.99) | Data Time: 0.00 (0.03) | Mem (GB): 36.00 (33.32/38.00) | Time Elapsed: 00d 14h 24m | Losses/train_medical_loss: 1.00e+02 (4.58e+01) | Losses/train_medical_val_loss: 0.00e+00 (0.00e+00)
INFO 2026-05-17 12:42:50,002 train_utils.py: 268: Train Epoch: [1][8150/9054] | Batch Time: 2.68 (2.99) | Data Time: 0.00 (0.03) | Mem (GB): 36.00 (33.32/38.00) | Time Elapsed: 00d 14h 26m | Losses/train_medical_loss: 4.32e+01 (4.58e+01) | Losses/train_medical_val_loss: 0.00e+00 (0.00e+00)
INFO 2026-05-17 12:45:08,935 train_utils.py: 268: Train Epoch: [1][8200/9054] | Batch Time: 4.05 (2.99) | Data Time: 0.00 (0.03) | Mem (GB): 36.00 (33.32/38.00) | Time Elapsed: 00d 14h 28m | Losses/train_medical_loss: 3.46e+01 (4.57e+01) | Losses/train_medical_val_loss: 0.00e+00 (0.00e+00)
INFO 2026-05-17 12:47:40,444 train_utils.py: 268: Train Epoch: [1][8250/9054] | Batch Time: 2.74 (2.99) | Data Time: 0.00 (0.03) | Mem (GB): 36.00 (33.32/38.00) | Time Elapsed: 00d 14h 31m | Losses/train_medical_loss: 1.87e+01 (4.57e+01) | Losses/train_medical_val_loss: 0.00e+00 (0.00e+00)
INFO 2026-05-17 12:50:20,488 train_utils.py: 268: Train Epoch: [1][8300/9054] | Batch Time: 2.73 (2.99) | Data Time: 0.00 (0.02) | Mem (GB): 33.00 (33.32/38.00) | Time Elapsed: 00d 14h 34m | Losses/train_medical_loss: 6.43e+01 (4.57e+01) | Losses/train_medical_val_loss: 0.00e+00 (0.00e+00)
INFO 2026-05-17 12:52:38,782 train_utils.py: 268: Train Epoch: [1][8350/9054] | Batch Time: 4.28 (2.99) | Data Time: 0.00 (0.02) | Mem (GB): 36.00 (33.32/38.00) | Time Elapsed: 00d 14h 36m | Losses/train_medical_loss: 9.48e+00 (4.56e+01) | Losses/train_medical_val_loss: 0.00e+00 (0.00e+00)
INFO 2026-05-17 12:55:03,210 train_utils.py: 268: Train Epoch: [1][8400/9054] | Batch Time: 3.28 (2.99) | Data Time: 0.00 (0.02) | Mem (GB): 25.00 (33.32/38.00) | Time Elapsed: 00d 14h 38m | Losses/train_medical_loss: 6.84e+01 (4.56e+01) | Losses/train_medical_val_loss: 0.00e+00 (0.00e+00)
INFO 2026-05-17 12:57:37,048 train_utils.py: 268: Train Epoch: [1][8450/9054] | Batch Time: 1.16 (2.99) | Data Time: 0.00 (0.02) | Mem (GB): 20.00 (33.32/38.00) | Time Elapsed: 00d 14h 41m | Losses/train_medical_loss: 4.59e+01 (4.56e+01) | Losses/train_medical_val_loss: 0.00e+00 (0.00e+00)
INFO 2026-05-17 13:00:13,235 train_utils.py: 268: Train Epoch: [1][8500/9054] | Batch Time: 2.03 (2.99) | Data Time: 0.00 (0.02) | Mem (GB): 28.00 (33.31/38.00) | Time Elapsed: 00d 14h 43m | Losses/train_medical_loss: 2.54e+01 (4.56e+01) | Losses/train_medical_val_loss: 0.00e+00 (0.00e+00)
INFO 2026-05-17 13:02:31,615 train_utils.py: 268: Train Epoch: [1][8550/9054] | Batch Time: 1.15 (2.99) | Data Time: 0.00 (0.02) | Mem (GB): 20.00 (33.31/38.00) | Time Elapsed: 00d 14h 46m | Losses/train_medical_loss: 4.90e+01 (4.56e+01) | Losses/train_medical_val_loss: 0.00e+00 (0.00e+00)
INFO 2026-05-17 13:05:03,667 train_utils.py: 268: Train Epoch: [1][8600/9054] | Batch Time: 2.79 (2.99) | Data Time: 0.00 (0.02) | Mem (GB): 36.00 (33.31/38.00) | Time Elapsed: 00d 14h 48m | Losses/train_medical_loss: 5.91e+01 (4.56e+01) | Losses/train_medical_val_loss: 0.00e+00 (0.00e+00)
INFO 2026-05-17 13:07:25,300 train_utils.py: 268: Train Epoch: [1][8650/9054] | Batch Time: 1.42 (2.99) | Data Time: 0.00 (0.02) | Mem (GB): 22.00 (33.31/38.00) | Time Elapsed: 00d 14h 51m | Losses/train_medical_loss: 9.17e+01 (4.55e+01) | Losses/train_medical_val_loss: 0.00e+00 (0.00e+00)
INFO 2026-05-17 13:10:03,076 train_utils.py: 268: Train Epoch: [1][8700/9054] | Batch Time: 2.69 (2.99) | Data Time: 0.00 (0.02) | Mem (GB): 36.00 (33.32/38.00) | Time Elapsed: 00d 14h 53m | Losses/train_medical_loss: 8.21e+01 (4.55e+01) | Losses/train_medical_val_loss: 0.00e+00 (0.00e+00)
INFO 2026-05-17 13:12:19,420 train_utils.py: 268: Train Epoch: [1][8750/9054] | Batch Time: 1.31 (2.99) | Data Time: 0.00 (0.02) | Mem (GB): 20.00 (33.32/38.00) | Time Elapsed: 00d 14h 56m | Losses/train_medical_loss: 5.42e+01 (4.55e+01) | Losses/train_medical_val_loss: 0.00e+00 (0.00e+00)
INFO 2026-05-17 13:14:49,884 train_utils.py: 268: Train Epoch: [1][8800/9054] | Batch Time: 1.51 (2.99) | Data Time: 0.00 (0.02) | Mem (GB): 22.00 (33.32/38.00) | Time Elapsed: 00d 14h 58m | Losses/train_medical_loss: 4.21e+01 (4.55e+01) | Losses/train_medical_val_loss: 0.00e+00 (0.00e+00)
INFO 2026-05-17 13:17:34,772 train_utils.py: 268: Train Epoch: [1][8850/9054] | Batch Time: 4.07 (2.99) | Data Time: 0.00 (0.02) | Mem (GB): 36.00 (33.31/38.00) | Time Elapsed: 00d 15h 01m | Losses/train_medical_loss: 3.74e+01 (4.55e+01) | Losses/train_medical_val_loss: 0.00e+00 (0.00e+00)
INFO 2026-05-17 13:19:52,970 train_utils.py: 268: Train Epoch: [1][8900/9054] | Batch Time: 3.86 (2.99) | Data Time: 0.00 (0.02) | Mem (GB): 28.00 (33.31/38.00) | Time Elapsed: 00d 15h 03m | Losses/train_medical_loss: 5.48e+01 (4.55e+01) | Losses/train_medical_val_loss: 0.00e+00 (0.00e+00)
INFO 2026-05-17 13:22:17,176 train_utils.py: 268: Train Epoch: [1][8950/9054] | Batch Time: 2.75 (2.99) | Data Time: 0.00 (0.02) | Mem (GB): 36.00 (33.31/38.00) | Time Elapsed: 00d 15h 05m | Losses/train_medical_loss: 3.30e+01 (4.55e+01) | Losses/train_medical_val_loss: 0.00e+00 (0.00e+00)
INFO 2026-05-17 13:24:49,661 train_utils.py: 268: Train Epoch: [1][9000/9054] | Batch Time: 2.70 (2.99) | Data Time: 0.00 (0.02) | Mem (GB): 36.00 (33.31/38.00) | Time Elapsed: 00d 15h 08m | Losses/train_medical_loss: 3.05e+01 (4.55e+01) | Losses/train_medical_val_loss: 0.00e+00 (0.00e+00)
INFO 2026-05-17 13:27:24,524 train_utils.py: 268: Train Epoch: [1][9050/9054] | Batch Time: 3.78 (2.99) | Data Time: 0.00 (0.02) | Mem (GB): 36.00 (33.31/38.00) | Time Elapsed: 00d 15h 11m | Losses/train_medical_loss: 3.88e+01 (4.55e+01) | Losses/train_medical_val_loss: 0.00e+00 (0.00e+00)
INFO 2026-05-17 13:27:36,346 trainer.py:1107: Estimated time remaining: 02d 12h 06m
Warning expected instance segmentation size to be [512, 512] but found [1103, 512]
INFO 2026-05-17 13:27:48,970 trainer.py:1049: Synchronizing meters
INFO 2026-05-17 13:27:48,970 trainer.py: 966: Losses and meters: {'Losses/train_medical_loss': 45.50135815095361, 'Losses/train_medical_val_loss': 0, 'Losses/train_medical_loss_bbox': 0.8316779530282347, 'Losses/train_medical_loss_giou': 4.261226221665973, 'Losses/train_medical_loss_bbox_o2m': 1.4245150167490086, 'Losses/train_medical_loss_giou_o2m': 9.532271520134357, 'Losses/train_medical_loss_ce': 0.6466813976898501, 'Losses/train_medical_ce_f1': 0.8870675933014097, 'Losses/train_medical_presence_loss': 0.00508764865140603, 'Losses/train_medical_presence_dec_acc': 0.999960647909038, 'Losses/train_medical_loss_ce_o2m': 1.5665030724648596, 'Losses/train_medical_ce_f1_o2m': 1.3261656185258517, 'Losses/train_medical_presence_loss_o2m': 0.0, 'Losses/train_medical_presence_dec_acc_o2m': 0.0, 'Losses/train_medical_loss_bbox_aux_0': 0.30007799125153467, 'Losses/train_medical_loss_giou_aux_0': 2.1200961291515106, 'Losses/train_medical_loss_bbox_aux_0_o2m': 0.597201554184567, 'Losses/train_medical_loss_giou_aux_0_o2m': 4.183799591488757, 'Losses/train_medical_loss_ce_aux_0': 0.22886714872804187, 'Losses/train_medical_ce_f1_aux_0': 0.6454301765493645, 'Losses/train_medical_presence_loss_aux_0': 3.422114722977028e-09, 'Losses/train_medical_presence_dec_acc_aux_0': 1.0, 'Losses/train_medical_loss_ce_aux_0_o2m': 0.46123782249452283, 'Losses/train_medical_ce_f1_aux_0_o2m': 1.2839837036816368, 'Losses/train_medical_presence_loss_aux_0_o2m': 0.0, 'Losses/train_medical_presence_dec_acc_aux_0_o2m': 0.0, 'Losses/train_medical_loss_bbox_aux_1': 0.24722137045726605, 'Losses/train_medical_loss_giou_aux_1': 1.7062653126618887, 'Losses/train_medical_loss_bbox_aux_1_o2m': 0.491038162688339, 'Losses/train_medical_loss_giou_aux_1_o2m': 3.3915668632444906, 'Losses/train_medical_loss_ce_aux_1': 0.20212108324005373, 'Losses/train_medical_ce_f1_aux_1': 0.7557414777904248, 'Losses/train_medical_presence_loss_aux_1': 1.4994975031334758e-08, 'Losses/train_medical_presence_dec_acc_aux_1': 1.0, 'Losses/train_medical_loss_ce_aux_1_o2m': 0.4095201387958753, 'Losses/train_medical_ce_f1_aux_1_o2m': 1.486297158900887, 'Losses/train_medical_presence_loss_aux_1_o2m': 0.0, 'Losses/train_medical_presence_dec_acc_aux_1_o2m': 0.0, 'Losses/train_medical_loss_bbox_aux_2': 0.2385217720127042, 'Losses/train_medical_loss_giou_aux_2': 1.6535347201122808, 'Losses/train_medical_loss_bbox_aux_2_o2m': 0.4752885180154633, 'Losses/train_medical_loss_giou_aux_2_o2m': 3.265213900095126, 'Losses/train_medical_loss_ce_aux_2': 0.19790082740494352, 'Losses/train_medical_ce_f1_aux_2': 0.7720975621116387, 'Losses/train_medical_presence_loss_aux_2': 6.854467707240605e-09, 'Losses/train_medical_presence_dec_acc_aux_2': 1.0, 'Losses/train_medical_loss_ce_aux_2_o2m': 0.40506853126710113, 'Losses/train_medical_ce_f1_aux_2_o2m': 1.5029566673819268, 'Losses/train_medical_presence_loss_aux_2_o2m': 0.0, 'Losses/train_medical_presence_dec_acc_aux_2_o2m': 0.0, 'Losses/train_medical_loss_bbox_aux_3': 0.2364695766450064, 'Losses/train_medical_loss_giou_aux_3': 1.6397189833241999, 'Losses/train_medical_loss_bbox_aux_3_o2m': 0.46990816276976116, 'Losses/train_medical_loss_giou_aux_3_o2m': 3.2344892765893265, 'Losses/train_medical_loss_ce_aux_3': 0.19609031533448681, 'Losses/train_medical_ce_f1_aux_3': 0.7745709730587158, 'Losses/train_medical_presence_loss_aux_3': 1.1362692162919341e-08, 'Losses/train_medical_presence_dec_acc_aux_3': 1.0, 'Losses/train_medical_loss_ce_aux_3_o2m': 0.4040798579324148, 'Losses/train_medical_ce_f1_aux_3_o2m': 1.5056966230838293, 'Losses/train_medical_presence_loss_aux_3_o2m': 0.0, 'Losses/train_medical_presence_dec_acc_aux_3_o2m': 0.0, 'Losses/train_medical_loss_bbox_aux_4': 0.23170772168515769, 'Losses/train_medical_loss_giou_aux_4': 1.6152538401061733, 'Losses/train_medical_loss_bbox_aux_4_o2m': 0.4620314302916793, 'Losses/train_medical_loss_giou_aux_4_o2m': 3.1818233797406053, 'Losses/train_medical_loss_ce_aux_4': 0.19551042179009145, 'Losses/train_medical_ce_f1_aux_4': 0.7740520500133955, 'Losses/train_medical_presence_loss_aux_4': 3.10916193512592e-08, 'Losses/train_medical_presence_dec_acc_aux_4': 1.0, 'Losses/train_medical_loss_ce_aux_4_o2m': 0.4053781281010133, 'Losses/train_medical_ce_f1_aux_4_o2m': 1.499496530074432, 'Losses/train_medical_presence_loss_aux_4_o2m': 0.0, 'Losses/train_medical_presence_dec_acc_aux_4_o2m': 0.0, 'Losses/train_medical_core_loss': 45.50135815095361, 'Losses/train_medical_loss_semantic_presence': 0.14920398299082996, 'Losses/train_medical_presence_acc': 0.999960647909038, 'Losses/train_medical_loss_semantic_seg': 0.16036860683676016, 'Losses/train_medical_loss_semantic_dice': 3.8334458788269328, 'Losses/train_medical_miou_semantic_seg': 0.6566313975361959, 'Confidence/train_mean_obj_confidence': 0.990358975790451, 'Trainer/where': 0.19998895515794124, 'Trainer/epoch': 1, 'Trainer/steps_train': 18108}
INFO 2026-05-17 13:30:08,839 train_utils.py: 268: Train Epoch: [2][   0/9054] | Batch Time: 115.94 (115.94) | Data Time: 114.50 (114.50) | Mem (GB): 22.00 (22.00/22.00) | Time Elapsed: 00d 15h 13m | Losses/train_medical_loss: 5.77e+01 (5.77e+01) | Losses/train_medical_val_loss: 0.00e+00 (0.00e+00)
INFO 2026-05-17 13:32:26,251 train_utils.py: 268: Train Epoch: [2][  50/9054] | Batch Time: 2.78 (4.97) | Data Time: 0.00 (2.33) | Mem (GB): 36.00 (34.06/36.00) | Time Elapsed: 00d 15h 16m | Losses/train_medical_loss: 1.91e+01 (5.14e+01) | Losses/train_medical_val_loss: 0.00e+00 (0.00e+00)
INFO 2026-05-17 13:34:44,513 train_utils.py: 268: Train Epoch: [2][ 100/9054] | Batch Time: 3.56 (3.88) | Data Time: 0.00 (1.18) | Mem (GB): 36.00 (33.90/36.00) | Time Elapsed: 00d 15h 18m | Losses/train_medical_loss: 4.71e+01 (4.85e+01) | Losses/train_medical_val_loss: 0.00e+00 (0.00e+00)
INFO 2026-05-17 13:36:59,481 train_utils.py: 268: Train Epoch: [2][ 150/9054] | Batch Time: 1.52 (3.49) | Data Time: 0.00 (0.79) | Mem (GB): 22.00 (33.62/37.00) | Time Elapsed: 00d 15h 20m | Losses/train_medical_loss: 4.53e+01 (4.61e+01) | Losses/train_medical_val_loss: 0.00e+00 (0.00e+00)
INFO 2026-05-17 13:39:51,656 train_utils.py: 268: Train Epoch: [2][ 200/9054] | Batch Time: 2.78 (3.48) | Data Time: 0.00 (0.59) | Mem (GB): 36.00 (33.53/37.00) | Time Elapsed: 00d 15h 23m | Losses/train_medical_loss: 1.97e+01 (4.62e+01) | Losses/train_medical_val_loss: 0.00e+00 (0.00e+00)
INFO 2026-05-17 13:42:09,081 train_utils.py: 268: Train Epoch: [2][ 250/9054] | Batch Time: 2.27 (3.33) | Data Time: 0.00 (0.47) | Mem (GB): 30.00 (33.41/37.00) | Time Elapsed: 00d 15h 25m | Losses/train_medical_loss: 2.80e+01 (4.64e+01) | Losses/train_medical_val_loss: 0.00e+00 (0.00e+00)
INFO 2026-05-17 13:44:27,555 train_utils.py: 268: Train Epoch: [2][ 300/9054] | Batch Time: 2.75 (3.24) | Data Time: 0.00 (0.40) | Mem (GB): 36.00 (33.61/37.00) | Time Elapsed: 00d 15h 28m | Losses/train_medical_loss: 1.31e+01 (4.46e+01) | Losses/train_medical_val_loss: 0.00e+00 (0.00e+00)
